Using pre-set license
Built from '2022.3/respin/2022.3.62f2-4af31df585-v2' branch; Version is '2022.3.62f2 (7670c08855a9) revision 7762112'; Using compiler version '192829333'; Build Type 'Release'
OS: 'Windows 11  (10.0.26100) 64bit Core' Language: 'en' Physical Memory: 32654 MB
BatchMode: 1, IsHumanControllingUs: 0, StartBugReporterOnCrash: 0, Is64bit: 1, IsPro: 1

COMMAND LINE ARGUMENTS:
C:\Program Files\Unity\Hub\Editor\2022.3.62f2\Editor\Unity.exe
-adb2
-batchMode
-noUpm
-name
AssetImportWorker10
-projectPath
C:/Users/ady/Documents/GitHub/VR-Close-Quarters-Battle-Trainer-Honours
-logFile
Logs/AssetImportWorker10.log
-srvPort
57578
Successfully changed project path to: C:/Users/ady/Documents/GitHub/VR-Close-Quarters-Battle-Trainer-Honours
C:/Users/ady/Documents/GitHub/VR-Close-Quarters-Battle-Trainer-Honours
[UnityMemory] Configuration Parameters - Can be set up in boot.config
    "memorysetup-bucket-allocator-granularity=16"
    "memorysetup-bucket-allocator-bucket-count=8"
    "memorysetup-bucket-allocator-block-size=33554432"
    "memorysetup-bucket-allocator-block-count=8"
    "memorysetup-main-allocator-block-size=16777216"
    "memorysetup-thread-allocator-block-size=16777216"
    "memorysetup-gfx-main-allocator-block-size=16777216"
    "memorysetup-gfx-thread-allocator-block-size=16777216"
    "memorysetup-cache-allocator-block-size=4194304"
    "memorysetup-typetree-allocator-block-size=2097152"
    "memorysetup-profiler-bucket-allocator-granularity=16"
    "memorysetup-profiler-bucket-allocator-bucket-count=8"
    "memorysetup-profiler-bucket-allocator-block-size=33554432"
    "memorysetup-profiler-bucket-allocator-block-count=8"
    "memorysetup-profiler-allocator-block-size=16777216"
    "memorysetup-profiler-editor-allocator-block-size=1048576"
    "memorysetup-temp-allocator-size-main=16777216"
    "memorysetup-job-temp-allocator-block-size=2097152"
    "memorysetup-job-temp-allocator-block-size-background=1048576"
    "memorysetup-job-temp-allocator-reduction-small-platforms=262144"
    "memorysetup-allocator-temp-initial-block-size-main=262144"
    "memorysetup-allocator-temp-initial-block-size-worker=262144"
    "memorysetup-temp-allocator-size-background-worker=32768"
    "memorysetup-temp-allocator-size-job-worker=262144"
    "memorysetup-temp-allocator-size-preload-manager=33554432"
    "memorysetup-temp-allocator-size-nav-mesh-worker=65536"
    "memorysetup-temp-allocator-size-audio-worker=65536"
    "memorysetup-temp-allocator-size-cloud-worker=32768"
    "memorysetup-temp-allocator-size-gi-baking-worker=262144"
    "memorysetup-temp-allocator-size-gfx=262144"
Player connection [37032]  Target information:

Player connection [37032]  * "[IP] 192.168.1.207 [Port] 0 [Flags] 2 [Guid] 2388709191 [EditorId] 2388709191 [Version] 1048832 [Id] WindowsEditor(7,DESKTOP-IAST724) [Debug] 1 [PackageName] WindowsEditor [ProjectName] Editor" 

Player connection [37032] Host joined multi-casting on [225.0.0.222:54997]...
Player connection [37032] Host joined alternative multi-casting on [225.0.0.222:34997]...
Input System module state changed to: Initialized.
[PhysX] Initialized MultithreadedTaskDispatcher with 16 workers.
Refreshing native plugins compatible for Editor in 41.52 ms, found 9 plugins.
Preloading 0 native plugins for Editor in 0.00 ms.
Initialize engine version: 2022.3.62f2 (7670c08855a9)
[Subsystems] Discovering subsystems at path C:/Program Files/Unity/Hub/Editor/2022.3.62f2/Editor/Data/Resources/UnitySubsystems
[Subsystems] Discovering subsystems at path C:/Users/ady/Documents/GitHub/VR-Close-Quarters-Battle-Trainer-Honours/Assets
GfxDevice: creating device client; threaded=0; jobified=0
Direct3D:
    Version:  Direct3D 11.0 [level 11.1]
    Renderer: NVIDIA GeForce RTX 4070 (ID=0x2786)
    Vendor:   NVIDIA
    VRAM:     12012 MB
    Driver:   32.0.15.8180
Initialize mono
Mono path[0] = 'C:/Program Files/Unity/Hub/Editor/2022.3.62f2/Editor/Data/Managed'
Mono path[1] = 'C:/Program Files/Unity/Hub/Editor/2022.3.62f2/Editor/Data/MonoBleedingEdge/lib/mono/unityjit-win32'
Mono config path = 'C:/Program Files/Unity/Hub/Editor/2022.3.62f2/Editor/Data/MonoBleedingEdge/etc'
Using monoOptions --debugger-agent=transport=dt_socket,embedding=1,server=y,suspend=n,address=127.0.0.1:56744
Begin MonoManager ReloadAssembly
Registering precompiled unity dll's ...
Register platform support module: C:/Program Files/Unity/Hub/Editor/2022.3.62f2/Editor/Data/PlaybackEngines/WindowsStandaloneSupport/UnityEditor.WindowsStandalone.Extensions.dll
Registered in 0.009265 seconds.
- Loaded All Assemblies, in  0.478 seconds
Native extension for WindowsStandalone target not found
Mono: successfully reloaded assembly
- Finished resetting the current domain, in  0.351 seconds
Domain Reload Profiling: 826ms
	BeginReloadAssembly (138ms)
		ExecutionOrderSort (0ms)
		DisableScriptedObjects (0ms)
		BackupInstance (0ms)
		ReleaseScriptingObjects (0ms)
		CreateAndSetChildDomain (1ms)
	RebuildCommonClasses (44ms)
	RebuildNativeTypeToScriptingClass (12ms)
	initialDomainReloadingComplete (75ms)
	LoadAllAssembliesAndSetupDomain (205ms)
		LoadAssemblies (134ms)
		RebuildTransferFunctionScriptingTraits (0ms)
		AnalyzeDomain (204ms)
			TypeCache.Refresh (202ms)
				TypeCache.ScanAssembly (173ms)
			ScanForSourceGeneratedMonoScriptInfo (1ms)
			ResolveRequiredComponents (1ms)
	FinalizeReload (351ms)
		ReleaseScriptCaches (0ms)
		RebuildScriptCaches (0ms)
		SetupLoadedEditorAssemblies (288ms)
			LogAssemblyErrors (0ms)
			InitializePlatformSupportModulesInManaged (13ms)
			SetLoadedEditorAssemblies (11ms)
			RefreshPlugins (0ms)
			BeforeProcessingInitializeOnLoad (3ms)
			ProcessInitializeOnLoadAttributes (199ms)
			ProcessInitializeOnLoadMethodAttributes (62ms)
			AfterProcessingInitializeOnLoad (0ms)
			EditorAssembliesLoaded (0ms)
		ExecutionOrderSort2 (0ms)
		AwakeInstancesAfterBackupRestoration (0ms)
========================================================================
Worker process is ready to serve import requests
Caller must complete domain reload
Begin MonoManager ReloadAssembly
- Loaded All Assemblies, in  1.132 seconds
Native extension for WindowsStandalone target not found
Mono: successfully reloaded assembly
Package Manager log level set to [2]
[Package Manager] Server::EnsureServerProcessIsRunning -- launch failed, reason: Unity was launched with the -noUpm command-line argument
[Package Manager] UpmClient::Send -- Unable to send message (not connected to UPM process).
[Package Manager] Cannot connect to Unity Package Manager local server
[Package Manager] Server::EnsureServerProcessIsRunning -- launch failed, reason: Unity was launched with the -noUpm command-line argument
[Package Manager] UpmClient::Send -- Unable to send message (not connected to UPM process).
[Package Manager] Cannot connect to Unity Package Manager local server
- Finished resetting the current domain, in  1.185 seconds
Domain Reload Profiling: 2309ms
	BeginReloadAssembly (216ms)
		ExecutionOrderSort (0ms)
		DisableScriptedObjects (8ms)
		BackupInstance (0ms)
		ReleaseScriptingObjects (0ms)
		CreateAndSetChildDomain (33ms)
	RebuildCommonClasses (54ms)
	RebuildNativeTypeToScriptingClass (15ms)
	initialDomainReloadingComplete (69ms)
	LoadAllAssembliesAndSetupDomain (769ms)
		LoadAssemblies (504ms)
		RebuildTransferFunctionScriptingTraits (0ms)
		AnalyzeDomain (391ms)
			TypeCache.Refresh (323ms)
				TypeCache.ScanAssembly (261ms)
			ScanForSourceGeneratedMonoScriptInfo (46ms)
			ResolveRequiredComponents (21ms)
	FinalizeReload (1186ms)
		ReleaseScriptCaches (0ms)
		RebuildScriptCaches (0ms)
		SetupLoadedEditorAssemblies (940ms)
			LogAssemblyErrors (0ms)
			InitializePlatformSupportModulesInManaged (9ms)
			SetLoadedEditorAssemblies (5ms)
			RefreshPlugins (0ms)
			BeforeProcessingInitializeOnLoad (146ms)
			ProcessInitializeOnLoadAttributes (583ms)
			ProcessInitializeOnLoadMethodAttributes (183ms)
			AfterProcessingInitializeOnLoad (14ms)
			EditorAssembliesLoaded (0ms)
		ExecutionOrderSort2 (0ms)
		AwakeInstancesAfterBackupRestoration (9ms)
Launched and connected shader compiler UnityShaderCompiler.exe after 0.08 seconds
Refreshing native plugins compatible for Editor in 26.32 ms, found 9 plugins.
Preloading 0 native plugins for Editor in 0.00 ms.
Unloading 6340 Unused Serialized files (Serialized files now loaded: 0)
Unloading 73 unused Assets / (374.2 KB). Loaded Objects now: 6800.
Memory consumption went from 237.8 MB to 237.4 MB.
Total: 8.904600 ms (FindLiveObjects: 1.401200 ms CreateObjectMapping: 0.850500 ms MarkObjects: 6.242000 ms  DeleteObjects: 0.409900 ms)

AssetImportParameters requested are different than current active one (requested -> active):
  custom:container-demuxer-ogg: 62fdf1f143b41e24485cea50d1cbac27 -> 
  custom:framework-win-MediaFoundation: 216162199b28c13a410421893ffa2e32 -> 
  custom:container-muxer-webm: aa71ff27fc2769a1b78a27578f13a17b -> 
  custom:video-decoder-webm-vp8: 9c59270c3fd7afecdb556c50c9e8de78 -> 
  custom:SearchIndexIgnoredProperties: e643bd26f0fe6173181afceb89e7c659 -> 
  custom:AudioImporter_EditorPlatform: d09bf68614088b80899f8185d706f6e7 -> 
  custom:audio-decoder-ogg-vorbis: bf7c407c2cedff20999df2af8eb42d56 -> 
  custom:audio-encoder-webm-vorbis: bf7c407c2cedff20999df2af8eb42d56 -> 
  custom:video-codec-MediaFoundation-h265: 746d11721c4dcdbdad8f713fa42b33f4 -> 
  custom:video-decoder-ogg-theora: a1e56fd34408186e4bbccfd4996cb3dc -> 
  custom:CustomObjectIndexerAttribute: 72b91833f83ae208fae7752999fa3104 -> 
  custom:container-demuxer-webm: 4f35f7cbe854078d1ac9338744f61a02 -> 
  custom:video-encoder-webm-vp8: eb34c28f22e8b96e1ab97ce403110664 -> 
========================================================================
Received Import Request.
  Time since last request: 33820.591344 seconds.
  path: Assets/Free Wood Door Pack/Prefab/Wood/Door_6/Door_6_Yellow.prefab
  artifactKey: Guid(afc6fca244f285e4fa9e32e97fefb769) Importer(815301076,1909f56bfc062723c751e8b465ee728b)
Start importing Assets/Free Wood Door Pack/Prefab/Wood/Door_6/Door_6_Yellow.prefab using Guid(afc6fca244f285e4fa9e32e97fefb769) Importer(815301076,1909f56bfc062723c751e8b465ee728b) [PhysX] Initialized MultithreadedTaskDispatcher with 16 workers.
[PhysX] Initialized MultithreadedTaskDispatcher with 16 workers.
 -> (artifact id: '19908b92316186311704733682bcf2ba') in 0.468360 seconds
Number of updated asset objects reloaded before import = 0
Number of asset objects unloaded after import = 56
========================================================================
Received Import Request.
  Time since last request: 575.893522 seconds.
  path: Assets/Brick Project Studio/_BPS Basic Assets/_Prefabs/Basic Asset/Furniture_Props/BA_Ceiling Light_01.prefab
  artifactKey: Guid(4f5fea46d0c567446b768005952642f8) Importer(815301076,1909f56bfc062723c751e8b465ee728b)
Start importing Assets/Brick Project Studio/_BPS Basic Assets/_Prefabs/Basic Asset/Furniture_Props/BA_Ceiling Light_01.prefab using Guid(4f5fea46d0c567446b768005952642f8) Importer(815301076,1909f56bfc062723c751e8b465ee728b) [PhysX] Initialized MultithreadedTaskDispatcher with 16 workers.
[PhysX] Initialized MultithreadedTaskDispatcher with 16 workers.
 -> (artifact id: 'a67132a952fce2068e0cf347aa82295b') in 0.041314 seconds
Number of updated asset objects reloaded before import = 0
Number of asset objects unloaded after import = 18
========================================================================
Received Import Request.
  Time since last request: 0.000026 seconds.
  path: Assets/Brick Project Studio/Apartment Kit/_Prefabs/Furniture/Wine Cabinet/BarCabinet_Apt_01.prefab
  artifactKey: Guid(71546b2097e63004893a3528d003a956) Importer(815301076,1909f56bfc062723c751e8b465ee728b)
Start importing Assets/Brick Project Studio/Apartment Kit/_Prefabs/Furniture/Wine Cabinet/BarCabinet_Apt_01.prefab using Guid(71546b2097e63004893a3528d003a956) Importer(815301076,1909f56bfc062723c751e8b465ee728b) [PhysX] Initialized MultithreadedTaskDispatcher with 16 workers.
[PhysX] Initialized MultithreadedTaskDispatcher with 16 workers.
 -> (artifact id: '30cc7a94b0d34ec3e9013a2d741aedf1') in 0.039835 seconds
Number of updated asset objects reloaded before import = 0
Number of asset objects unloaded after import = 43
========================================================================
Received Import Request.
  Time since last request: 0.000023 seconds.
  path: Assets/Brick Project Studio/Apartment Kit/_Prefabs/Furniture/Bedroom/Bed_Apt_01_02.prefab
  artifactKey: Guid(8af73887c9cd7fa47a2f642969b20378) Importer(815301076,1909f56bfc062723c751e8b465ee728b)
Start importing Assets/Brick Project Studio/Apartment Kit/_Prefabs/Furniture/Bedroom/Bed_Apt_01_02.prefab using Guid(8af73887c9cd7fa47a2f642969b20378) Importer(815301076,1909f56bfc062723c751e8b465ee728b) [PhysX] Initialized MultithreadedTaskDispatcher with 16 workers.
[PhysX] Initialized MultithreadedTaskDispatcher with 16 workers.
 -> (artifact id: '54fe87ccf4f98a4f1ed5ca263d36704c') in 0.034188 seconds
Number of updated asset objects reloaded before import = 0
Number of asset objects unloaded after import = 38
========================================================================
Received Import Request.
  Time since last request: 0.000024 seconds.
  path: Assets/Brick Project Studio/Apartment Kit/_Prefabs/Furniture/Wine Cabinet/BarCabinet_Apt_02_CenterBase.prefab
  artifactKey: Guid(4c9bf42b955bc1a4b83f6740aea218cb) Importer(815301076,1909f56bfc062723c751e8b465ee728b)
Start importing Assets/Brick Project Studio/Apartment Kit/_Prefabs/Furniture/Wine Cabinet/BarCabinet_Apt_02_CenterBase.prefab using Guid(4c9bf42b955bc1a4b83f6740aea218cb) Importer(815301076,1909f56bfc062723c751e8b465ee728b) [PhysX] Initialized MultithreadedTaskDispatcher with 16 workers.
[PhysX] Initialized MultithreadedTaskDispatcher with 16 workers.
 -> (artifact id: '666c547dbf2047fb8a12950ced86ae63') in 0.033493 seconds
Number of updated asset objects reloaded before import = 0
Number of asset objects unloaded after import = 133
========================================================================
Received Import Request.
  Time since last request: 0.000034 seconds.
  path: Assets/Brick Project Studio/Apartment Kit/_Prefabs/Furniture/Wine Cabinet/BarCabinet_Apt_01_Filled Variant.prefab
  artifactKey: Guid(16309159579d34a4c92f5e68f4824d8b) Importer(815301076,1909f56bfc062723c751e8b465ee728b)
Start importing Assets/Brick Project Studio/Apartment Kit/_Prefabs/Furniture/Wine Cabinet/BarCabinet_Apt_01_Filled Variant.prefab using Guid(16309159579d34a4c92f5e68f4824d8b) Importer(815301076,1909f56bfc062723c751e8b465ee728b) [PhysX] Initialized MultithreadedTaskDispatcher with 16 workers.
[PhysX] Initialized MultithreadedTaskDispatcher with 16 workers.
 -> (artifact id: '45a96898787856ffe48928e87267ee25') in 1.180877 seconds
Number of updated asset objects reloaded before import = 0
Number of asset objects unloaded after import = 326
========================================================================
Received Import Request.
  Time since last request: 0.000026 seconds.
  path: Assets/Brick Project Studio/Apartment Kit/_Prefabs/Furniture/Wine Cabinet/BarCabinet_Apt_02_Base.prefab
  artifactKey: Guid(929be27b7388507448e23941feba1828) Importer(815301076,1909f56bfc062723c751e8b465ee728b)
Start importing Assets/Brick Project Studio/Apartment Kit/_Prefabs/Furniture/Wine Cabinet/BarCabinet_Apt_02_Base.prefab using Guid(929be27b7388507448e23941feba1828) Importer(815301076,1909f56bfc062723c751e8b465ee728b) [PhysX] Initialized MultithreadedTaskDispatcher with 16 workers.
[PhysX] Initialized MultithreadedTaskDispatcher with 16 workers.
 -> (artifact id: 'e40fef1ee1d76513d94e7772d547408e') in 0.021733 seconds
Number of updated asset objects reloaded before import = 0
Number of asset objects unloaded after import = 52
========================================================================
Received Import Request.
  Time since last request: 0.000030 seconds.
  path: Assets/Brick Project Studio/Apartment Kit/_Prefabs/Furniture/Wine Cabinet/BarCabinet_Apt_02_CenterTower.prefab
  artifactKey: Guid(f0f8347ddc1d5ed4bb8d2379f9008300) Importer(815301076,1909f56bfc062723c751e8b465ee728b)
Start importing Assets/Brick Project Studio/Apartment Kit/_Prefabs/Furniture/Wine Cabinet/BarCabinet_Apt_02_CenterTower.prefab using Guid(f0f8347ddc1d5ed4bb8d2379f9008300) Importer(815301076,1909f56bfc062723c751e8b465ee728b) [PhysX] Initialized MultithreadedTaskDispatcher with 16 workers.
[PhysX] Initialized MultithreadedTaskDispatcher with 16 workers.
 -> (artifact id: 'd90fa322a3b70d1985c5e5e54b8e4706') in 0.021194 seconds
Number of updated asset objects reloaded before import = 0
Number of asset objects unloaded after import = 116
========================================================================
Received Import Request.
  Time since last request: 0.000023 seconds.
  path: Assets/Brick Project Studio/_BPS Basic Assets/_Prefabs/Base Scene/BA_Concrete Plane.prefab
  artifactKey: Guid(0a39e6bc93e859145a2f868ff0277c31) Importer(815301076,1909f56bfc062723c751e8b465ee728b)
Start importing Assets/Brick Project Studio/_BPS Basic Assets/_Prefabs/Base Scene/BA_Concrete Plane.prefab using Guid(0a39e6bc93e859145a2f868ff0277c31) Importer(815301076,1909f56bfc062723c751e8b465ee728b) [PhysX] Initialized MultithreadedTaskDispatcher with 16 workers.
[PhysX] Initialized MultithreadedTaskDispatcher with 16 workers.
 -> (artifact id: '62703839091300b096bc9a7f14591ce7') in 0.018930 seconds
Number of updated asset objects reloaded before import = 0
Number of asset objects unloaded after import = 14
========================================================================
Received Import Request.
  Time since last request: 0.000025 seconds.
  path: Assets/Brick Project Studio/_BPS Basic Assets/_Prefabs/Base Scene/BA_First Person Player.prefab
  artifactKey: Guid(a9b081014bad86f4a80b60284279d21b) Importer(815301076,1909f56bfc062723c751e8b465ee728b)
Start importing Assets/Brick Project Studio/_BPS Basic Assets/_Prefabs/Base Scene/BA_First Person Player.prefab using Guid(a9b081014bad86f4a80b60284279d21b) Importer(815301076,1909f56bfc062723c751e8b465ee728b) [PhysX] Initialized MultithreadedTaskDispatcher with 16 workers.
[PhysX] Initialized MultithreadedTaskDispatcher with 16 workers.
 -> (artifact id: '6ec13e8c4b40c9ae302df8b4161733ba') in 0.016556 seconds
Number of updated asset objects reloaded before import = 0
Number of asset objects unloaded after import = 23
========================================================================
Received Import Request.
  Time since last request: 0.000018 seconds.
  path: Assets/Brick Project Studio/Apartment Kit/_Prefabs/Furniture/Wine Cabinet/BarCabinet_Apt_04.prefab
  artifactKey: Guid(aa765da573f752d409b64961b914353f) Importer(815301076,1909f56bfc062723c751e8b465ee728b)
Start importing Assets/Brick Project Studio/Apartment Kit/_Prefabs/Furniture/Wine Cabinet/BarCabinet_Apt_04.prefab using Guid(aa765da573f752d409b64961b914353f) Importer(815301076,1909f56bfc062723c751e8b465ee728b) [PhysX] Initialized MultithreadedTaskDispatcher with 16 workers.
[PhysX] Initialized MultithreadedTaskDispatcher with 16 workers.
 -> (artifact id: '615e9fc402bfa13ff6543d27e80bdec8') in 0.038375 seconds
Number of updated asset objects reloaded before import = 0
Number of asset objects unloaded after import = 153
========================================================================
Received Import Request.
  Time since last request: 0.000022 seconds.
  path: Assets/Brick Project Studio/Apartment Kit/_Prefabs/Furniture/Wine Cabinet/BarCabinet_Apt_03_Filled.prefab
  artifactKey: Guid(3d51d280e33c5fe4c97ae593c2292997) Importer(815301076,1909f56bfc062723c751e8b465ee728b)
Start importing Assets/Brick Project Studio/Apartment Kit/_Prefabs/Furniture/Wine Cabinet/BarCabinet_Apt_03_Filled.prefab using Guid(3d51d280e33c5fe4c97ae593c2292997) Importer(815301076,1909f56bfc062723c751e8b465ee728b) [PhysX] Initialized MultithreadedTaskDispatcher with 16 workers.
[PhysX] Initialized MultithreadedTaskDispatcher with 16 workers.
 -> (artifact id: 'e9bedfe7cdc120a300a71044a132c3d5') in 0.034514 seconds
Number of updated asset objects reloaded before import = 0
Number of asset objects unloaded after import = 218
========================================================================
Received Import Request.
  Time since last request: 0.000024 seconds.
  path: Assets/Brick Project Studio/_BPS Basic Assets/_Prefabs/Legacy/Base Scene.prefab
  artifactKey: Guid(6b5e9772e973b514993c495d4471494c) Importer(815301076,1909f56bfc062723c751e8b465ee728b)
Start importing Assets/Brick Project Studio/_BPS Basic Assets/_Prefabs/Legacy/Base Scene.prefab using Guid(6b5e9772e973b514993c495d4471494c) Importer(815301076,1909f56bfc062723c751e8b465ee728b) [PhysX] Initialized MultithreadedTaskDispatcher with 16 workers.
[PhysX] Initialized MultithreadedTaskDispatcher with 16 workers.
 -> (artifact id: 'f18aac4dee09772ec9e14396529c70ff') in 0.026377 seconds
Number of updated asset objects reloaded before import = 0
Number of asset objects unloaded after import = 53
========================================================================
Received Import Request.
  Time since last request: 0.000024 seconds.
  path: Assets/Brick Project Studio/Apartment Kit/_Prefabs/Furniture/Kitchen/Cabinets/Cabinet_Wall_DD_01.prefab
  artifactKey: Guid(d2d91ff190ebafa41b8fa852ad4c0f8c) Importer(815301076,1909f56bfc062723c751e8b465ee728b)
Start importing Assets/Brick Project Studio/Apartment Kit/_Prefabs/Furniture/Kitchen/Cabinets/Cabinet_Wall_DD_01.prefab using Guid(d2d91ff190ebafa41b8fa852ad4c0f8c) Importer(815301076,1909f56bfc062723c751e8b465ee728b) [PhysX] Initialized MultithreadedTaskDispatcher with 16 workers.
[PhysX] Initialized MultithreadedTaskDispatcher with 16 workers.
 -> (artifact id: '60258c0d79a4eda8bfbb0f4ee89d100f') in 0.021148 seconds
Number of updated asset objects reloaded before import = 0
Number of asset objects unloaded after import = 57
========================================================================
Received Import Request.
  Time since last request: 0.000028 seconds.
  path: Assets/Brick Project Studio/Apartment Kit/_Prefabs/Props/Wine Liquor Beer and Glassware - Sample/CorkScrew_01.prefab
  artifactKey: Guid(22294fbb399136745912705cd64924db) Importer(815301076,1909f56bfc062723c751e8b465ee728b)
Start importing Assets/Brick Project Studio/Apartment Kit/_Prefabs/Props/Wine Liquor Beer and Glassware - Sample/CorkScrew_01.prefab using Guid(22294fbb399136745912705cd64924db) Importer(815301076,1909f56bfc062723c751e8b465ee728b) [PhysX] Initialized MultithreadedTaskDispatcher with 16 workers.
[PhysX] Initialized MultithreadedTaskDispatcher with 16 workers.
 -> (artifact id: '6dca2c04220c609f37faa98e390f9c93') in 0.016513 seconds
Number of updated asset objects reloaded before import = 0
Number of asset objects unloaded after import = 31
========================================================================
Received Import Request.
  Time since last request: 0.000020 seconds.
  path: Assets/_Course Library/_Prefabs/Seating/Couch_Traditional_Brown.prefab
  artifactKey: Guid(ea6a96590aa46c349ad75158bd6212f3) Importer(815301076,1909f56bfc062723c751e8b465ee728b)
Start importing Assets/_Course Library/_Prefabs/Seating/Couch_Traditional_Brown.prefab using Guid(ea6a96590aa46c349ad75158bd6212f3) Importer(815301076,1909f56bfc062723c751e8b465ee728b) [PhysX] Initialized MultithreadedTaskDispatcher with 16 workers.
[PhysX] Initialized MultithreadedTaskDispatcher with 16 workers.
 -> (artifact id: '4b0df024aa014d1b0d10d7db54e574ff') in 0.016937 seconds
Number of updated asset objects reloaded before import = 0
Number of asset objects unloaded after import = 40
========================================================================
Received Import Request.
  Time since last request: 0.000020 seconds.
  path: Assets/Brick Project Studio/Apartment Kit/_Prefabs/Furniture/Kitchen/Cabinets/Cabinet_Wall_DD_02.prefab
  artifactKey: Guid(af872b04269986143906a126ca9ff444) Importer(815301076,1909f56bfc062723c751e8b465ee728b)
Start importing Assets/Brick Project Studio/Apartment Kit/_Prefabs/Furniture/Kitchen/Cabinets/Cabinet_Wall_DD_02.prefab using Guid(af872b04269986143906a126ca9ff444) Importer(815301076,1909f56bfc062723c751e8b465ee728b) [PhysX] Initialized MultithreadedTaskDispatcher with 16 workers.
[PhysX] Initialized MultithreadedTaskDispatcher with 16 workers.
 -> (artifact id: '3fa0855a48f749bc81de301e498dfb27') in 0.020371 seconds
Number of updated asset objects reloaded before import = 0
Number of asset objects unloaded after import = 57
========================================================================
Received Import Request.
  Time since last request: 0.000018 seconds.
  path: Assets/Samples/XR Interaction Toolkit/2.6.5/Starter Assets/Prefabs/Teleport/Climb Teleport Arrow.prefab
  artifactKey: Guid(ae1968658b9687b47976fe86c062168f) Importer(815301076,1909f56bfc062723c751e8b465ee728b)
Start importing Assets/Samples/XR Interaction Toolkit/2.6.5/Starter Assets/Prefabs/Teleport/Climb Teleport Arrow.prefab using Guid(ae1968658b9687b47976fe86c062168f) Importer(815301076,1909f56bfc062723c751e8b465ee728b) [PhysX] Initialized MultithreadedTaskDispatcher with 16 workers.
 -> (artifact id: 'f4f59626d8d759053956769398af0ea9') in 0.011053 seconds
Number of updated asset objects reloaded before import = 0
Number of asset objects unloaded after import = 23
========================================================================
Received Import Request.
  Time since last request: 0.000019 seconds.
  path: Assets/_Course Library/_Prefabs/Seating/Chair_Rustic_LightBrown.prefab
  artifactKey: Guid(3e5ff502dd0484b43809e79d17ebc3ad) Importer(815301076,1909f56bfc062723c751e8b465ee728b)
Start importing Assets/_Course Library/_Prefabs/Seating/Chair_Rustic_LightBrown.prefab using Guid(3e5ff502dd0484b43809e79d17ebc3ad) Importer(815301076,1909f56bfc062723c751e8b465ee728b) [PhysX] Initialized MultithreadedTaskDispatcher with 16 workers.
[PhysX] Initialized MultithreadedTaskDispatcher with 16 workers.
 -> (artifact id: '237b93a93b8b3b8ff70bf155d985fb98') in 0.015171 seconds
Number of updated asset objects reloaded before import = 0
Number of asset objects unloaded after import = 40
========================================================================
Received Import Request.
  Time since last request: 0.000023 seconds.
  path: Assets/_Course Library/_Prefabs/Seating/Couch_Rustic_Brown.prefab
  artifactKey: Guid(d1a190085dcf07e4c9961f5b83d0c35d) Importer(815301076,1909f56bfc062723c751e8b465ee728b)
Start importing Assets/_Course Library/_Prefabs/Seating/Couch_Rustic_Brown.prefab using Guid(d1a190085dcf07e4c9961f5b83d0c35d) Importer(815301076,1909f56bfc062723c751e8b465ee728b) [PhysX] Initialized MultithreadedTaskDispatcher with 16 workers.
[PhysX] Initialized MultithreadedTaskDispatcher with 16 workers.
 -> (artifact id: '4e1ce2f78ef58407f6822cbe9b628e8e') in 0.017095 seconds
Number of updated asset objects reloaded before import = 0
Number of asset objects unloaded after import = 37
========================================================================
Received Import Request.
  Time since last request: 0.000019 seconds.
  path: Assets/_Course Library/_Prefabs/Objects/Containers/Container_WateringCan_Green.prefab
  artifactKey: Guid(7b3f01ef57e439d4ba789378e3bb2b97) Importer(815301076,1909f56bfc062723c751e8b465ee728b)
Start importing Assets/_Course Library/_Prefabs/Objects/Containers/Container_WateringCan_Green.prefab using Guid(7b3f01ef57e439d4ba789378e3bb2b97) Importer(815301076,1909f56bfc062723c751e8b465ee728b) [PhysX] Initialized MultithreadedTaskDispatcher with 16 workers.
[PhysX] Initialized MultithreadedTaskDispatcher with 16 workers.
 -> (artifact id: '27a1ad2027c341f1e808539b7944f1f1') in 0.018918 seconds
Number of updated asset objects reloaded before import = 0
Number of asset objects unloaded after import = 14
========================================================================
Received Import Request.
  Time since last request: 0.000020 seconds.
  path: Assets/Brick Project Studio/Apartment Kit/_Prefabs/Furniture/Kitchen/Cabinets/Cabinet_Wall_Corner_01.prefab
  artifactKey: Guid(f072b6d5974d6a14da67d1db1cd20b92) Importer(815301076,1909f56bfc062723c751e8b465ee728b)
Start importing Assets/Brick Project Studio/Apartment Kit/_Prefabs/Furniture/Kitchen/Cabinets/Cabinet_Wall_Corner_01.prefab using Guid(f072b6d5974d6a14da67d1db1cd20b92) Importer(815301076,1909f56bfc062723c751e8b465ee728b) [PhysX] Initialized MultithreadedTaskDispatcher with 16 workers.
[PhysX] Initialized MultithreadedTaskDispatcher with 16 workers.
 -> (artifact id: 'a29ac3f97d2f16d6e3b34b33fe951bf8') in 0.020712 seconds
Number of updated asset objects reloaded before import = 0
Number of asset objects unloaded after import = 70
========================================================================
Received Import Request.
  Time since last request: 0.000024 seconds.
  path: Assets/_Course Library/_Prefabs/Objects/Containers/Container_WateringCan_Yellow.prefab
  artifactKey: Guid(f89ff3fba44a22c45828d9cf21154f49) Importer(815301076,1909f56bfc062723c751e8b465ee728b)
Start importing Assets/_Course Library/_Prefabs/Objects/Containers/Container_WateringCan_Yellow.prefab using Guid(f89ff3fba44a22c45828d9cf21154f49) Importer(815301076,1909f56bfc062723c751e8b465ee728b) [PhysX] Initialized MultithreadedTaskDispatcher with 16 workers.
[PhysX] Initialized MultithreadedTaskDispatcher with 16 workers.
 -> (artifact id: '89c6ffb8ba54e90e46d07e79ad5690da') in 0.014402 seconds
Number of updated asset objects reloaded before import = 0
Number of asset objects unloaded after import = 14
========================================================================
Received Import Request.
  Time since last request: 0.000027 seconds.
  path: Assets/Brick Project Studio/Apartment Kit/_Prefabs/Furniture/Kitchen/Cabinets/Cabinet_Wall_SD_01.prefab
  artifactKey: Guid(36510e737e626954986f2c5112be9091) Importer(815301076,1909f56bfc062723c751e8b465ee728b)
Start importing Assets/Brick Project Studio/Apartment Kit/_Prefabs/Furniture/Kitchen/Cabinets/Cabinet_Wall_SD_01.prefab using Guid(36510e737e626954986f2c5112be9091) Importer(815301076,1909f56bfc062723c751e8b465ee728b) [PhysX] Initialized MultithreadedTaskDispatcher with 16 workers.
[PhysX] Initialized MultithreadedTaskDispatcher with 16 workers.
 -> (artifact id: '457a6ecff36df90c6341fbdcddaa0bc4') in 0.018744 seconds
Number of updated asset objects reloaded before import = 0
Number of asset objects unloaded after import = 36
========================================================================
Received Import Request.
  Time since last request: 0.000017 seconds.
  path: Assets/Brick Project Studio/Apartment Kit/_Prefabs/Furniture/Kitchen/Cabinets/Cabinet_Wall_DD_03.prefab
  artifactKey: Guid(4c6a5e5423a8c2a41ac136b50710c436) Importer(815301076,1909f56bfc062723c751e8b465ee728b)
Start importing Assets/Brick Project Studio/Apartment Kit/_Prefabs/Furniture/Kitchen/Cabinets/Cabinet_Wall_DD_03.prefab using Guid(4c6a5e5423a8c2a41ac136b50710c436) Importer(815301076,1909f56bfc062723c751e8b465ee728b) [PhysX] Initialized MultithreadedTaskDispatcher with 16 workers.
[PhysX] Initialized MultithreadedTaskDispatcher with 16 workers.
 -> (artifact id: '0c83a932a733a96bdbeb4106e4a8883d') in 0.014482 seconds
Number of updated asset objects reloaded before import = 0
Number of asset objects unloaded after import = 36
========================================================================
Received Import Request.
  Time since last request: 0.000018 seconds.
  path: Assets/Brick Project Studio/Apartment Kit/_Prefabs/Props/Kitchen/Bowl_Apt_01.prefab
  artifactKey: Guid(9aac42a3890e27b479a5c73e54179197) Importer(815301076,1909f56bfc062723c751e8b465ee728b)
Start importing Assets/Brick Project Studio/Apartment Kit/_Prefabs/Props/Kitchen/Bowl_Apt_01.prefab using Guid(9aac42a3890e27b479a5c73e54179197) Importer(815301076,1909f56bfc062723c751e8b465ee728b) [PhysX] Initialized MultithreadedTaskDispatcher with 16 workers.
[PhysX] Initialized MultithreadedTaskDispatcher with 16 workers.
 -> (artifact id: 'ee9dcf70090bcf067efb0c7fd5790bc4') in 0.012235 seconds
Number of updated asset objects reloaded before import = 0
Number of asset objects unloaded after import = 13
========================================================================
Received Import Request.
  Time since last request: 0.000017 seconds.
  path: Assets/_Course Library/_Prefabs/Objects/Books/Book_C_Yellow.prefab
  artifactKey: Guid(39d7359826a9e9c4f8fd08564b0bdd30) Importer(815301076,1909f56bfc062723c751e8b465ee728b)
Start importing Assets/_Course Library/_Prefabs/Objects/Books/Book_C_Yellow.prefab using Guid(39d7359826a9e9c4f8fd08564b0bdd30) Importer(815301076,1909f56bfc062723c751e8b465ee728b) [PhysX] Initialized MultithreadedTaskDispatcher with 16 workers.
[PhysX] Initialized MultithreadedTaskDispatcher with 16 workers.
 -> (artifact id: 'b2b1c0502f8ed6a3613c642d3aba56d7') in 0.022093 seconds
Number of updated asset objects reloaded before import = 0
Number of asset objects unloaded after import = 14
========================================================================
Received Import Request.
  Time since last request: 0.000019 seconds.
  path: Assets/Brick Project Studio/Apartment Kit/_Prefabs/Furniture/Bedroom/Bed_Apt_02_01.prefab
  artifactKey: Guid(79723f7a04c42fa4cb0fefb4f7686381) Importer(815301076,1909f56bfc062723c751e8b465ee728b)
Start importing Assets/Brick Project Studio/Apartment Kit/_Prefabs/Furniture/Bedroom/Bed_Apt_02_01.prefab using Guid(79723f7a04c42fa4cb0fefb4f7686381) Importer(815301076,1909f56bfc062723c751e8b465ee728b) [PhysX] Initialized MultithreadedTaskDispatcher with 16 workers.
[PhysX] Initialized MultithreadedTaskDispatcher with 16 workers.
 -> (artifact id: '5bf5b2a4ce93507be9ebf18e418e9b9d') in 0.082055 seconds
Number of updated asset objects reloaded before import = 0
Number of asset objects unloaded after import = 104
========================================================================
Received Import Request.
  Time since last request: 0.000022 seconds.
  path: Assets/Brick Project Studio/Apartment Kit/_Prefabs/Apt Build Kit/Exteriors/Ext_Apt_01/Ext_Apt_01_Wall_Window_01.prefab
  artifactKey: Guid(4a111030cf811f542a01c361f491a2b1) Importer(815301076,1909f56bfc062723c751e8b465ee728b)
Start importing Assets/Brick Project Studio/Apartment Kit/_Prefabs/Apt Build Kit/Exteriors/Ext_Apt_01/Ext_Apt_01_Wall_Window_01.prefab using Guid(4a111030cf811f542a01c361f491a2b1) Importer(815301076,1909f56bfc062723c751e8b465ee728b) [PhysX] Initialized MultithreadedTaskDispatcher with 16 workers.
[PhysX] Initialized MultithreadedTaskDispatcher with 16 workers.
 -> (artifact id: '8684e492bc5ce77575da6b3e012b9957') in 0.057500 seconds
Number of updated asset objects reloaded before import = 0
Number of asset objects unloaded after import = 15
========================================================================
Received Import Request.
  Time since last request: 0.000030 seconds.
  path: Assets/Brick Project Studio/Apartment Kit/_Prefabs/Props/Art/Wall Wine Rack_Apt_01.prefab
  artifactKey: Guid(79b944a6d385a6444a7932d0dd93d9ce) Importer(815301076,1909f56bfc062723c751e8b465ee728b)
Start importing Assets/Brick Project Studio/Apartment Kit/_Prefabs/Props/Art/Wall Wine Rack_Apt_01.prefab using Guid(79b944a6d385a6444a7932d0dd93d9ce) Importer(815301076,1909f56bfc062723c751e8b465ee728b) [PhysX] Initialized MultithreadedTaskDispatcher with 16 workers.
[PhysX] Initialized MultithreadedTaskDispatcher with 16 workers.
 -> (artifact id: '67e387025d9febd85736b6a89eafc983') in 0.027848 seconds
Number of updated asset objects reloaded before import = 0
Number of asset objects unloaded after import = 29
========================================================================
Received Import Request.
  Time since last request: 0.000020 seconds.
  path: Assets/Brick Project Studio/Apartment Kit/_Prefabs/Props/Wine Liquor Beer and Glassware - Sample/wine thin glass White Wine.prefab
  artifactKey: Guid(1b428e366487244448eec04f14964eef) Importer(815301076,1909f56bfc062723c751e8b465ee728b)
Start importing Assets/Brick Project Studio/Apartment Kit/_Prefabs/Props/Wine Liquor Beer and Glassware - Sample/wine thin glass White Wine.prefab using Guid(1b428e366487244448eec04f14964eef) Importer(815301076,1909f56bfc062723c751e8b465ee728b) [PhysX] Initialized MultithreadedTaskDispatcher with 16 workers.
[PhysX] Initialized MultithreadedTaskDispatcher with 16 workers.
 -> (artifact id: '06bd5ab2909f68061dd7c9e866e91c8c') in 0.016686 seconds
Number of updated asset objects reloaded before import = 0
Number of asset objects unloaded after import = 19
========================================================================
Received Import Request.
  Time since last request: 0.001193 seconds.
  path: Assets/Brick Project Studio/Apartment Kit/_Prefabs/Props/Wine Liquor Beer and Glassware - Sample/wine thin glass.prefab
  artifactKey: Guid(14973bbaa08d142449d2405142caff8d) Importer(815301076,1909f56bfc062723c751e8b465ee728b)
Start importing Assets/Brick Project Studio/Apartment Kit/_Prefabs/Props/Wine Liquor Beer and Glassware - Sample/wine thin glass.prefab using Guid(14973bbaa08d142449d2405142caff8d) Importer(815301076,1909f56bfc062723c751e8b465ee728b) [PhysX] Initialized MultithreadedTaskDispatcher with 16 workers.
[PhysX] Initialized MultithreadedTaskDispatcher with 16 workers.
 -> (artifact id: 'cef2589830a393c430132aab00790ba1') in 0.012391 seconds
Number of updated asset objects reloaded before import = 0
Number of asset objects unloaded after import = 13
========================================================================
Received Import Request.
  Time since last request: 0.000043 seconds.
  path: Assets/Brick Project Studio/Apartment Kit/_Prefabs/Furniture/Wine Cabinet/BarCabinet_Apt_02_Filled.prefab
  artifactKey: Guid(d17c15e72c29a9f49879ff3b971bd44c) Importer(815301076,1909f56bfc062723c751e8b465ee728b)
Start importing Assets/Brick Project Studio/Apartment Kit/_Prefabs/Furniture/Wine Cabinet/BarCabinet_Apt_02_Filled.prefab using Guid(d17c15e72c29a9f49879ff3b971bd44c) Importer(815301076,1909f56bfc062723c751e8b465ee728b) [PhysX] Initialized MultithreadedTaskDispatcher with 16 workers.
[PhysX] Initialized MultithreadedTaskDispatcher with 16 workers.
 -> (artifact id: '44e9cec2aedd788bd6a19545a9e3f421') in 0.048539 seconds
Number of updated asset objects reloaded before import = 0
Number of asset objects unloaded after import = 905
========================================================================
Received Import Request.
  Time since last request: 0.000023 seconds.
  path: Assets/_Course Library/_Prefabs/Controls/Control_Lever_Yellow.prefab
  artifactKey: Guid(8e5de6ea3a1c74dd6befd58bc007f95a) Importer(815301076,1909f56bfc062723c751e8b465ee728b)
Start importing Assets/_Course Library/_Prefabs/Controls/Control_Lever_Yellow.prefab using Guid(8e5de6ea3a1c74dd6befd58bc007f95a) Importer(815301076,1909f56bfc062723c751e8b465ee728b) [PhysX] Initialized MultithreadedTaskDispatcher with 16 workers.
[PhysX] Initialized MultithreadedTaskDispatcher with 16 workers.
 -> (artifact id: '6f129fc9274bedbe75537290965afcf0') in 0.018219 seconds
Number of updated asset objects reloaded before import = 0
Number of asset objects unloaded after import = 22
========================================================================
Received Import Request.
  Time since last request: 0.000022 seconds.
  path: Assets/Brick Project Studio/Apartment Kit/_Prefabs/Apt Build Kit/Interiors/Frames Windows Stairs & Doors/Window_Frame_Apt_01.prefab
  artifactKey: Guid(ff74a2d207593764ea3699571e28d00a) Importer(815301076,1909f56bfc062723c751e8b465ee728b)
Start importing Assets/Brick Project Studio/Apartment Kit/_Prefabs/Apt Build Kit/Interiors/Frames Windows Stairs & Doors/Window_Frame_Apt_01.prefab using Guid(ff74a2d207593764ea3699571e28d00a) Importer(815301076,1909f56bfc062723c751e8b465ee728b) [PhysX] Initialized MultithreadedTaskDispatcher with 16 workers.
[PhysX] Initialized MultithreadedTaskDispatcher with 16 workers.
 -> (artifact id: 'bcfbe7d5476b8469eedce1e680ce182b') in 0.024806 seconds
Number of updated asset objects reloaded before import = 0
Number of asset objects unloaded after import = 52
========================================================================
Received Import Request.
  Time since last request: 0.000022 seconds.
  path: Assets/Brick Project Studio/Apartment Kit/_Prefabs/Furniture/Misc/Bench_Apt_02.prefab
  artifactKey: Guid(843e4058e4b291d44bc18a16bdfae4a2) Importer(815301076,1909f56bfc062723c751e8b465ee728b)
Start importing Assets/Brick Project Studio/Apartment Kit/_Prefabs/Furniture/Misc/Bench_Apt_02.prefab using Guid(843e4058e4b291d44bc18a16bdfae4a2) Importer(815301076,1909f56bfc062723c751e8b465ee728b) [PhysX] Initialized MultithreadedTaskDispatcher with 16 workers.
[PhysX] Initialized MultithreadedTaskDispatcher with 16 workers.
 -> (artifact id: 'c2fefee8bcf177c48715730cfe11aa3d') in 0.021928 seconds
Number of updated asset objects reloaded before import = 0
Number of asset objects unloaded after import = 16
========================================================================
Received Import Request.
  Time since last request: 0.000031 seconds.
  path: Assets/Brick Project Studio/Apartment Kit/_Prefabs/Props/Wine Liquor Beer and Glassware - Sample/wine thin glass Red Wine.prefab
  artifactKey: Guid(e32f2e76bad645746b596640d4736354) Importer(815301076,1909f56bfc062723c751e8b465ee728b)
Start importing Assets/Brick Project Studio/Apartment Kit/_Prefabs/Props/Wine Liquor Beer and Glassware - Sample/wine thin glass Red Wine.prefab using Guid(e32f2e76bad645746b596640d4736354) Importer(815301076,1909f56bfc062723c751e8b465ee728b) [PhysX] Initialized MultithreadedTaskDispatcher with 16 workers.
[PhysX] Initialized MultithreadedTaskDispatcher with 16 workers.
 -> (artifact id: 'b26ec09b1bd8a3a491392519640f6861') in 0.013132 seconds
Number of updated asset objects reloaded before import = 0
Number of asset objects unloaded after import = 19
========================================================================
Received Import Request.
  Time since last request: 0.000020 seconds.
  path: Assets/Brick Project Studio/Apartment Kit/_Prefabs/Furniture/Wine Cabinet/BarCabinet_Apt_02_Tower.prefab
  artifactKey: Guid(50f7395fbbcbfff47b55a68bd9ca5773) Importer(815301076,1909f56bfc062723c751e8b465ee728b)
Start importing Assets/Brick Project Studio/Apartment Kit/_Prefabs/Furniture/Wine Cabinet/BarCabinet_Apt_02_Tower.prefab using Guid(50f7395fbbcbfff47b55a68bd9ca5773) Importer(815301076,1909f56bfc062723c751e8b465ee728b) [PhysX] Initialized MultithreadedTaskDispatcher with 16 workers.
[PhysX] Initialized MultithreadedTaskDispatcher with 16 workers.
 -> (artifact id: '848b820b4e7ee01f1f13afd54034e89f') in 0.019612 seconds
Number of updated asset objects reloaded before import = 0
Number of asset objects unloaded after import = 62
========================================================================
Received Import Request.
  Time since last request: 0.000021 seconds.
  path: Assets/Brick Project Studio/Apartment Kit/_Prefabs/Props/Kitchen/Bowl_Apt_01_Stacked.prefab
  artifactKey: Guid(143623a82f19a9e49b450142a80c6d52) Importer(815301076,1909f56bfc062723c751e8b465ee728b)
Start importing Assets/Brick Project Studio/Apartment Kit/_Prefabs/Props/Kitchen/Bowl_Apt_01_Stacked.prefab using Guid(143623a82f19a9e49b450142a80c6d52) Importer(815301076,1909f56bfc062723c751e8b465ee728b) [PhysX] Initialized MultithreadedTaskDispatcher with 16 workers.
[PhysX] Initialized MultithreadedTaskDispatcher with 16 workers.
 -> (artifact id: '7fe83c9a8c061c16ef0452614332a093') in 0.011700 seconds
Number of updated asset objects reloaded before import = 0
Number of asset objects unloaded after import = 13
========================================================================
Received Import Request.
  Time since last request: 0.000020 seconds.
  path: Assets/Brick Project Studio/Apartment Kit/_Prefabs/Props/Wine Liquor Beer and Glassware - Sample/wine bottle 04_Low Poly.prefab
  artifactKey: Guid(e0f8fa703bcf04a419f5263f5020b059) Importer(815301076,1909f56bfc062723c751e8b465ee728b)
Start importing Assets/Brick Project Studio/Apartment Kit/_Prefabs/Props/Wine Liquor Beer and Glassware - Sample/wine bottle 04_Low Poly.prefab using Guid(e0f8fa703bcf04a419f5263f5020b059) Importer(815301076,1909f56bfc062723c751e8b465ee728b) [PhysX] Initialized MultithreadedTaskDispatcher with 16 workers.
[PhysX] Initialized MultithreadedTaskDispatcher with 16 workers.
 -> (artifact id: '30af4ae5bb2824faaa07e09f61afa6c4') in 0.018298 seconds
Number of updated asset objects reloaded before import = 0
Number of asset objects unloaded after import = 26
========================================================================
Received Import Request.
  Time since last request: 0.000019 seconds.
  path: Assets/Brick Project Studio/Apartment Kit/_Prefabs/Furniture/Wine Cabinet/BarCabinet_Apt_02_Center.prefab
  artifactKey: Guid(8915be8858dae144eb1415e1fada3eda) Importer(815301076,1909f56bfc062723c751e8b465ee728b)
Start importing Assets/Brick Project Studio/Apartment Kit/_Prefabs/Furniture/Wine Cabinet/BarCabinet_Apt_02_Center.prefab using Guid(8915be8858dae144eb1415e1fada3eda) Importer(815301076,1909f56bfc062723c751e8b465ee728b) [PhysX] Initialized MultithreadedTaskDispatcher with 16 workers.
[PhysX] Initialized MultithreadedTaskDispatcher with 16 workers.
 -> (artifact id: 'efe6d089e5d0a9833f67fa8ce1ef7e85') in 0.020851 seconds
Number of updated asset objects reloaded before import = 0
Number of asset objects unloaded after import = 72
========================================================================
Received Import Request.
  Time since last request: 0.000020 seconds.
  path: Assets/_Course Library/_Prefabs/Objects/Containers/Container_WateringCan_Blue.prefab
  artifactKey: Guid(97d5ec2098013934bb7e8de14095cfa8) Importer(815301076,1909f56bfc062723c751e8b465ee728b)
Start importing Assets/_Course Library/_Prefabs/Objects/Containers/Container_WateringCan_Blue.prefab using Guid(97d5ec2098013934bb7e8de14095cfa8) Importer(815301076,1909f56bfc062723c751e8b465ee728b) [PhysX] Initialized MultithreadedTaskDispatcher with 16 workers.
[PhysX] Initialized MultithreadedTaskDispatcher with 16 workers.
 -> (artifact id: '9a6c29d6f3f5b55c4ab8545a16082195') in 0.015842 seconds
Number of updated asset objects reloaded before import = 0
Number of asset objects unloaded after import = 14
========================================================================
Received Import Request.
  Time since last request: 0.000019 seconds.
  path: Assets/_Course Library/_Prefabs/Seating/Couch_Modern_Brown.prefab
  artifactKey: Guid(c8e40e0db574f2245814fd7983a240f2) Importer(815301076,1909f56bfc062723c751e8b465ee728b)
Start importing Assets/_Course Library/_Prefabs/Seating/Couch_Modern_Brown.prefab using Guid(c8e40e0db574f2245814fd7983a240f2) Importer(815301076,1909f56bfc062723c751e8b465ee728b) [PhysX] Initialized MultithreadedTaskDispatcher with 16 workers.
[PhysX] Initialized MultithreadedTaskDispatcher with 16 workers.
 -> (artifact id: '528af4584bb142ceeaf348c4f87dc39d') in 0.016936 seconds
Number of updated asset objects reloaded before import = 0
Number of asset objects unloaded after import = 28
========================================================================
Received Import Request.
  Time since last request: 0.000019 seconds.
  path: Assets/Brick Project Studio/Apartment Kit/_Prefabs/Furniture/Bathroom/BathTub_Base_01.prefab
  artifactKey: Guid(cb533d6f7329a744fb5c0396de1b8b4b) Importer(815301076,1909f56bfc062723c751e8b465ee728b)
Start importing Assets/Brick Project Studio/Apartment Kit/_Prefabs/Furniture/Bathroom/BathTub_Base_01.prefab using Guid(cb533d6f7329a744fb5c0396de1b8b4b) Importer(815301076,1909f56bfc062723c751e8b465ee728b) [PhysX] Initialized MultithreadedTaskDispatcher with 16 workers.
[PhysX] Initialized MultithreadedTaskDispatcher with 16 workers.
 -> (artifact id: 'c242afbfd7559fe402acbf5c91ee78a6') in 0.027116 seconds
Number of updated asset objects reloaded before import = 0
Number of asset objects unloaded after import = 60
========================================================================
Received Import Request.
  Time since last request: 0.000028 seconds.
  path: Assets/Samples/XR Interaction Toolkit/2.6.5/Starter Assets/DemoSceneAssets/Prefabs/Climb/Climbing Wall.prefab
  artifactKey: Guid(a0ea40bd139aedc43b0e8374d6139437) Importer(815301076,1909f56bfc062723c751e8b465ee728b)
Start importing Assets/Samples/XR Interaction Toolkit/2.6.5/Starter Assets/DemoSceneAssets/Prefabs/Climb/Climbing Wall.prefab using Guid(a0ea40bd139aedc43b0e8374d6139437) Importer(815301076,1909f56bfc062723c751e8b465ee728b) [PhysX] Initialized MultithreadedTaskDispatcher with 16 workers.
[PhysX] Initialized MultithreadedTaskDispatcher with 16 workers.
 -> (artifact id: '3091cd9025d918eed5db7c6fc805ee4e') in 0.048920 seconds
Number of updated asset objects reloaded before import = 0
Number of asset objects unloaded after import = 400
========================================================================
Received Import Request.
  Time since last request: 0.000020 seconds.
  path: Assets/Brick Project Studio/Apartment Kit/_Prefabs/Props/Wine Liquor Beer and Glassware - Sample/CorkScrew_02.prefab
  artifactKey: Guid(8a6b0935376d783439e952c404e2e666) Importer(815301076,1909f56bfc062723c751e8b465ee728b)
Start importing Assets/Brick Project Studio/Apartment Kit/_Prefabs/Props/Wine Liquor Beer and Glassware - Sample/CorkScrew_02.prefab using Guid(8a6b0935376d783439e952c404e2e666) Importer(815301076,1909f56bfc062723c751e8b465ee728b) [PhysX] Initialized MultithreadedTaskDispatcher with 16 workers.
[PhysX] Initialized MultithreadedTaskDispatcher with 16 workers.
 -> (artifact id: '4d46ba1b21997b32651227ac030a9254') in 0.016876 seconds
Number of updated asset objects reloaded before import = 0
Number of asset objects unloaded after import = 21
========================================================================
Received Import Request.
  Time since last request: 0.000020 seconds.
  path: Assets/Brick Project Studio/Apartment Kit/_Prefabs/Furniture/Wine Cabinet/BarCabinet_Apt_04_Filled.prefab
  artifactKey: Guid(2e2398df6726e164fb29cbffecf878a0) Importer(815301076,1909f56bfc062723c751e8b465ee728b)
Start importing Assets/Brick Project Studio/Apartment Kit/_Prefabs/Furniture/Wine Cabinet/BarCabinet_Apt_04_Filled.prefab using Guid(2e2398df6726e164fb29cbffecf878a0) Importer(815301076,1909f56bfc062723c751e8b465ee728b) [PhysX] Initialized MultithreadedTaskDispatcher with 16 workers.
[PhysX] Initialized MultithreadedTaskDispatcher with 16 workers.
 -> (artifact id: '3ec7f1479058750985e08e1b6d40af9d') in 0.039481 seconds
Number of updated asset objects reloaded before import = 0
Number of asset objects unloaded after import = 219
========================================================================
Received Import Request.
  Time since last request: 0.000021 seconds.
  path: Assets/Brick Project Studio/Apartment Kit/_Prefabs/Furniture/Living Room/Bench_Apt_01.prefab
  artifactKey: Guid(544e2a3365ece1e428837232ca8b768d) Importer(815301076,1909f56bfc062723c751e8b465ee728b)
Start importing Assets/Brick Project Studio/Apartment Kit/_Prefabs/Furniture/Living Room/Bench_Apt_01.prefab using Guid(544e2a3365ece1e428837232ca8b768d) Importer(815301076,1909f56bfc062723c751e8b465ee728b) [PhysX] Initialized MultithreadedTaskDispatcher with 16 workers.
[PhysX] Initialized MultithreadedTaskDispatcher with 16 workers.
 -> (artifact id: 'b9deedec721f5801096541110a3876f3') in 0.023982 seconds
Number of updated asset objects reloaded before import = 0
Number of asset objects unloaded after import = 38
========================================================================
Received Import Request.
  Time since last request: 0.000020 seconds.
  path: Assets/Brick Project Studio/Apartment Kit/_Prefabs/Furniture/Wine Cabinet/BarCabinet_Apt_02.prefab
  artifactKey: Guid(86ae21e881865b04f8548c4edade5fd2) Importer(815301076,1909f56bfc062723c751e8b465ee728b)
Start importing Assets/Brick Project Studio/Apartment Kit/_Prefabs/Furniture/Wine Cabinet/BarCabinet_Apt_02.prefab using Guid(86ae21e881865b04f8548c4edade5fd2) Importer(815301076,1909f56bfc062723c751e8b465ee728b) [PhysX] Initialized MultithreadedTaskDispatcher with 16 workers.
[PhysX] Initialized MultithreadedTaskDispatcher with 16 workers.
 -> (artifact id: '780e94cef624915ed67d0ba58cca2ee1') in 0.023401 seconds
Number of updated asset objects reloaded before import = 0
Number of asset objects unloaded after import = 153
========================================================================
Received Import Request.
  Time since last request: 0.000022 seconds.
  path: Assets/Brick Project Studio/_BPS Basic Assets/_Prefabs/Legacy/Base Room Scene.prefab
  artifactKey: Guid(42ded4a9b41e76d46bb90a3e35072cf7) Importer(815301076,1909f56bfc062723c751e8b465ee728b)
Start importing Assets/Brick Project Studio/_BPS Basic Assets/_Prefabs/Legacy/Base Room Scene.prefab using Guid(42ded4a9b41e76d46bb90a3e35072cf7) Importer(815301076,1909f56bfc062723c751e8b465ee728b) [PhysX] Initialized MultithreadedTaskDispatcher with 16 workers.
[PhysX] Initialized MultithreadedTaskDispatcher with 16 workers.
 -> (artifact id: 'ad404d1a5a7e7a04b32078cc630c092b') in 0.020576 seconds
Number of updated asset objects reloaded before import = 0
Number of asset objects unloaded after import = 74
========================================================================
Received Import Request.
  Time since last request: 0.000029 seconds.
  path: Assets/Brick Project Studio/Apartment Kit/_Prefabs/Furniture/Wine Cabinet/BarCabinet_Apt_02_Side.prefab
  artifactKey: Guid(6b094143198273d43b21bd5b1dd0b3c3) Importer(815301076,1909f56bfc062723c751e8b465ee728b)
Start importing Assets/Brick Project Studio/Apartment Kit/_Prefabs/Furniture/Wine Cabinet/BarCabinet_Apt_02_Side.prefab using Guid(6b094143198273d43b21bd5b1dd0b3c3) Importer(815301076,1909f56bfc062723c751e8b465ee728b) [PhysX] Initialized MultithreadedTaskDispatcher with 16 workers.
[PhysX] Initialized MultithreadedTaskDispatcher with 16 workers.
 -> (artifact id: '15ec644073a62de65b3fe76816f4c01e') in 0.013960 seconds
Number of updated asset objects reloaded before import = 0
Number of asset objects unloaded after import = 20
========================================================================
Received Import Request.
  Time since last request: 0.000019 seconds.
  path: Assets/Brick Project Studio/Apartment Kit/_Prefabs/Furniture/Wine Cabinet/BarCabinet_Apt_03.prefab
  artifactKey: Guid(f193bec3a0b87ca45a9dc2e7af25e968) Importer(815301076,1909f56bfc062723c751e8b465ee728b)
Start importing Assets/Brick Project Studio/Apartment Kit/_Prefabs/Furniture/Wine Cabinet/BarCabinet_Apt_03.prefab using Guid(f193bec3a0b87ca45a9dc2e7af25e968) Importer(815301076,1909f56bfc062723c751e8b465ee728b) [PhysX] Initialized MultithreadedTaskDispatcher with 16 workers.
[PhysX] Initialized MultithreadedTaskDispatcher with 16 workers.
 -> (artifact id: 'e3e773f15d47a204ca3c2ac7c2b09f48') in 0.024408 seconds
Number of updated asset objects reloaded before import = 0
Number of asset objects unloaded after import = 94
========================================================================
Received Import Request.
  Time since last request: 1548.396505 seconds.
  path: Assets/Brick Project Studio/_BPS Basic Assets/_Prefabs/Basic Asset/Furniture_Props/BPS_Table_01.prefab
  artifactKey: Guid(3a3c0bbe58beeff4a8d63acd5a770137) Importer(815301076,1909f56bfc062723c751e8b465ee728b)
Start importing Assets/Brick Project Studio/_BPS Basic Assets/_Prefabs/Basic Asset/Furniture_Props/BPS_Table_01.prefab using Guid(3a3c0bbe58beeff4a8d63acd5a770137) Importer(815301076,1909f56bfc062723c751e8b465ee728b) [PhysX] Initialized MultithreadedTaskDispatcher with 16 workers.
[PhysX] Initialized MultithreadedTaskDispatcher with 16 workers.
 -> (artifact id: 'f66708b50caa1fe4abefa0e95a64ca8e') in 0.017313 seconds
Number of updated asset objects reloaded before import = 0
Number of asset objects unloaded after import = 15
========================================================================
Received Import Request.
  Time since last request: 36.496721 seconds.
  path: Assets/Brick Project Studio/_BPS Basic Assets/_Prefabs/Basic Asset/BA Build Kit/Exterior/Ext_BA_01_Pillar_2x2.prefab
  artifactKey: Guid(9e5df3ffdacb0044d80a4e70e9f86833) Importer(815301076,1909f56bfc062723c751e8b465ee728b)
Start importing Assets/Brick Project Studio/_BPS Basic Assets/_Prefabs/Basic Asset/BA Build Kit/Exterior/Ext_BA_01_Pillar_2x2.prefab using Guid(9e5df3ffdacb0044d80a4e70e9f86833) Importer(815301076,1909f56bfc062723c751e8b465ee728b) [PhysX] Initialized MultithreadedTaskDispatcher with 16 workers.
[PhysX] Initialized MultithreadedTaskDispatcher with 16 workers.
 -> (artifact id: '6f1338c222e9742e21b88202c13d8c76') in 0.049567 seconds
Number of updated asset objects reloaded before import = 0
Number of asset objects unloaded after import = 14
========================================================================
Received Import Request.
  Time since last request: 0.000023 seconds.
  path: Assets/Brick Project Studio/_BPS Basic Assets/_Prefabs/Basic Asset/BA Build Kit/Exterior/Ext_BA_Door Frame_01.prefab
  artifactKey: Guid(680503713abcfb149bae4f505b6c449c) Importer(815301076,1909f56bfc062723c751e8b465ee728b)
Start importing Assets/Brick Project Studio/_BPS Basic Assets/_Prefabs/Basic Asset/BA Build Kit/Exterior/Ext_BA_Door Frame_01.prefab using Guid(680503713abcfb149bae4f505b6c449c) Importer(815301076,1909f56bfc062723c751e8b465ee728b) [PhysX] Initialized MultithreadedTaskDispatcher with 16 workers.
[PhysX] Initialized MultithreadedTaskDispatcher with 16 workers.
 -> (artifact id: 'ef1f3f5fe4cdea69b0be25383c882bd1') in 0.028636 seconds
Number of updated asset objects reloaded before import = 0
Number of asset objects unloaded after import = 43
========================================================================
Received Import Request.
  Time since last request: 0.000023 seconds.
  path: Assets/Brick Project Studio/_BPS Basic Assets/_Prefabs/Basic Asset/BA Build Kit/Exterior/Ext_BA_01_Pillar_3x3.prefab
  artifactKey: Guid(933e1ae6be3df0a4495b29a809e3b3ae) Importer(815301076,1909f56bfc062723c751e8b465ee728b)
Start importing Assets/Brick Project Studio/_BPS Basic Assets/_Prefabs/Basic Asset/BA Build Kit/Exterior/Ext_BA_01_Pillar_3x3.prefab using Guid(933e1ae6be3df0a4495b29a809e3b3ae) Importer(815301076,1909f56bfc062723c751e8b465ee728b) [PhysX] Initialized MultithreadedTaskDispatcher with 16 workers.
[PhysX] Initialized MultithreadedTaskDispatcher with 16 workers.
 -> (artifact id: '169c78d2f6d5f2d7a874d291dbaf56a1') in 0.034596 seconds
Number of updated asset objects reloaded before import = 0
Number of asset objects unloaded after import = 14
========================================================================
Received Import Request.
  Time since last request: 0.000030 seconds.
  path: Assets/Brick Project Studio/_BPS Basic Assets/_Prefabs/Basic Asset/BA Build Kit/Exterior/Ext_BA_01_Wall_02.prefab
  artifactKey: Guid(ec38c489fc871fc46b0e0e40ea13a84c) Importer(815301076,1909f56bfc062723c751e8b465ee728b)
Start importing Assets/Brick Project Studio/_BPS Basic Assets/_Prefabs/Basic Asset/BA Build Kit/Exterior/Ext_BA_01_Wall_02.prefab using Guid(ec38c489fc871fc46b0e0e40ea13a84c) Importer(815301076,1909f56bfc062723c751e8b465ee728b) [PhysX] Initialized MultithreadedTaskDispatcher with 16 workers.
[PhysX] Initialized MultithreadedTaskDispatcher with 16 workers.
 -> (artifact id: '7a8ed4bbcf94305aa158461fd9ba0db4') in 0.031931 seconds
Number of updated asset objects reloaded before import = 0
Number of asset objects unloaded after import = 14
========================================================================
Received Import Request.
  Time since last request: 0.000023 seconds.
  path: Assets/Brick Project Studio/_BPS Basic Assets/_Prefabs/Basic Asset/BA Build Kit/Exterior/Ext_BA_Roof_02.prefab
  artifactKey: Guid(dd6658866c1c65a4aa4a6c6e8e34e4f5) Importer(815301076,1909f56bfc062723c751e8b465ee728b)
Start importing Assets/Brick Project Studio/_BPS Basic Assets/_Prefabs/Basic Asset/BA Build Kit/Exterior/Ext_BA_Roof_02.prefab using Guid(dd6658866c1c65a4aa4a6c6e8e34e4f5) Importer(815301076,1909f56bfc062723c751e8b465ee728b) [PhysX] Initialized MultithreadedTaskDispatcher with 16 workers.
[PhysX] Initialized MultithreadedTaskDispatcher with 16 workers.
 -> (artifact id: 'adee6fa32871060f673ff9db8266f8ee') in 0.031808 seconds
Number of updated asset objects reloaded before import = 0
Number of asset objects unloaded after import = 14
========================================================================
Received Import Request.
  Time since last request: 13.223547 seconds.
  path: Assets/Brick Project Studio/_BPS Basic Assets/_Prefabs/Basic Asset/BA Build Kit/Interior/Doors Frames/Int_BA_Frame_02.prefab
  artifactKey: Guid(6b0fe008d0f2fd649ba26243e4ef0ee8) Importer(815301076,1909f56bfc062723c751e8b465ee728b)
Start importing Assets/Brick Project Studio/_BPS Basic Assets/_Prefabs/Basic Asset/BA Build Kit/Interior/Doors Frames/Int_BA_Frame_02.prefab using Guid(6b0fe008d0f2fd649ba26243e4ef0ee8) Importer(815301076,1909f56bfc062723c751e8b465ee728b) [PhysX] Initialized MultithreadedTaskDispatcher with 16 workers.
[PhysX] Initialized MultithreadedTaskDispatcher with 16 workers.
 -> (artifact id: '784da34f11d8fdd9f0c070eeb6f80d87') in 0.017921 seconds
Number of updated asset objects reloaded before import = 0
Number of asset objects unloaded after import = 14
========================================================================
Received Import Request.
  Time since last request: 11.266864 seconds.
  path: Assets/Brick Project Studio/_BPS Basic Assets/_Prefabs/Legacy/office chair.prefab
  artifactKey: Guid(99a0f1488ea2c1d47b7e9f7190961e40) Importer(815301076,1909f56bfc062723c751e8b465ee728b)
Start importing Assets/Brick Project Studio/_BPS Basic Assets/_Prefabs/Legacy/office chair.prefab using Guid(99a0f1488ea2c1d47b7e9f7190961e40) Importer(815301076,1909f56bfc062723c751e8b465ee728b) [PhysX] Initialized MultithreadedTaskDispatcher with 16 workers.
[PhysX] Initialized MultithreadedTaskDispatcher with 16 workers.
 -> (artifact id: 'e9110bbd8c310f824f94a293f694069b') in 0.019568 seconds
Number of updated asset objects reloaded before import = 0
Number of asset objects unloaded after import = 54
========================================================================
Received Import Request.
  Time since last request: 8.957575 seconds.
  path: Assets/Brick Project Studio/Apartment Kit/_Prefabs/Apt Build Kit/Int into Ext/IntExt_apt_01_03.prefab
  artifactKey: Guid(fd89e5fd063bbe449bfd219cac1ec948) Importer(815301076,1909f56bfc062723c751e8b465ee728b)
Start importing Assets/Brick Project Studio/Apartment Kit/_Prefabs/Apt Build Kit/Int into Ext/IntExt_apt_01_03.prefab using Guid(fd89e5fd063bbe449bfd219cac1ec948) Importer(815301076,1909f56bfc062723c751e8b465ee728b) [PhysX] Initialized MultithreadedTaskDispatcher with 16 workers.
[PhysX] Initialized MultithreadedTaskDispatcher with 16 workers.
 -> (artifact id: '1022b6dfecf5cf81c3adc1adc24bb03b') in 0.015000 seconds
Number of updated asset objects reloaded before import = 0
Number of asset objects unloaded after import = 19
========================================================================
Received Import Request.
  Time since last request: 0.000022 seconds.
  path: Assets/Brick Project Studio/Apartment Kit/_Prefabs/Apt Build Kit/Int into Ext/IntExt_apt_DoorFrame_L_01_01.prefab
  artifactKey: Guid(0c61fe183d6f98d42a9b0250ecf21842) Importer(815301076,1909f56bfc062723c751e8b465ee728b)
Start importing Assets/Brick Project Studio/Apartment Kit/_Prefabs/Apt Build Kit/Int into Ext/IntExt_apt_DoorFrame_L_01_01.prefab using Guid(0c61fe183d6f98d42a9b0250ecf21842) Importer(815301076,1909f56bfc062723c751e8b465ee728b) [PhysX] Initialized MultithreadedTaskDispatcher with 16 workers.
[PhysX] Initialized MultithreadedTaskDispatcher with 16 workers.
 -> (artifact id: 'fc2fcd771727c47c88e544fe225250b0') in 0.025100 seconds
Number of updated asset objects reloaded before import = 0
Number of asset objects unloaded after import = 37
========================================================================
Received Import Request.
  Time since last request: 27.330027 seconds.
  path: Assets/Brick Project Studio/Apartment Kit/_Prefabs/Apt Build Kit/Interiors/Walls Frames & Doors/Apt_03/Int_Apt_03_Pillar_2x2.prefab
  artifactKey: Guid(7536b5cab7fa6894e9909e4f8ec3bd69) Importer(815301076,1909f56bfc062723c751e8b465ee728b)
Start importing Assets/Brick Project Studio/Apartment Kit/_Prefabs/Apt Build Kit/Interiors/Walls Frames & Doors/Apt_03/Int_Apt_03_Pillar_2x2.prefab using Guid(7536b5cab7fa6894e9909e4f8ec3bd69) Importer(815301076,1909f56bfc062723c751e8b465ee728b) [PhysX] Initialized MultithreadedTaskDispatcher with 16 workers.
[PhysX] Initialized MultithreadedTaskDispatcher with 16 workers.
 -> (artifact id: '3e69c62f96f2c464f057c0d95ddc2cd7') in 0.039664 seconds
Number of updated asset objects reloaded before import = 0
Number of asset objects unloaded after import = 15
========================================================================
Received Import Request.
  Time since last request: 0.000021 seconds.
  path: Assets/Brick Project Studio/Apartment Kit/_Prefabs/Apt Build Kit/Interiors/Walls Frames & Doors/Apt_03/Int_Apt_03_Pillar_4x4.prefab
  artifactKey: Guid(ad9c053ed14d8004ea68366cfcbf751a) Importer(815301076,1909f56bfc062723c751e8b465ee728b)
Start importing Assets/Brick Project Studio/Apartment Kit/_Prefabs/Apt Build Kit/Interiors/Walls Frames & Doors/Apt_03/Int_Apt_03_Pillar_4x4.prefab using Guid(ad9c053ed14d8004ea68366cfcbf751a) Importer(815301076,1909f56bfc062723c751e8b465ee728b) [PhysX] Initialized MultithreadedTaskDispatcher with 16 workers.
[PhysX] Initialized MultithreadedTaskDispatcher with 16 workers.
 -> (artifact id: 'e0b4e1136dc166f85687c74c284d945e') in 0.039745 seconds
Number of updated asset objects reloaded before import = 0
Number of asset objects unloaded after import = 15
========================================================================
Received Import Request.
  Time since last request: 7.248113 seconds.
  path: Assets/Brick Project Studio/Apartment Kit/_Prefabs/Apt Build Kit/Interiors/Walls Frames & Doors/Apt_02/Int_Apt_02_Pillar_2x2.prefab
  artifactKey: Guid(2cf7605246c1a3c4a8bff50e0beb194b) Importer(815301076,1909f56bfc062723c751e8b465ee728b)
Start importing Assets/Brick Project Studio/Apartment Kit/_Prefabs/Apt Build Kit/Interiors/Walls Frames & Doors/Apt_02/Int_Apt_02_Pillar_2x2.prefab using Guid(2cf7605246c1a3c4a8bff50e0beb194b) Importer(815301076,1909f56bfc062723c751e8b465ee728b) [PhysX] Initialized MultithreadedTaskDispatcher with 16 workers.
[PhysX] Initialized MultithreadedTaskDispatcher with 16 workers.
 -> (artifact id: '8fe385ee646d703e2f815c3a2353fa7b') in 0.042251 seconds
Number of updated asset objects reloaded before import = 0
Number of asset objects unloaded after import = 15
========================================================================
Received Import Request.
  Time since last request: 0.000024 seconds.
  path: Assets/Brick Project Studio/Apartment Kit/_Prefabs/Apt Build Kit/Interiors/Walls Frames & Doors/Apt_02/Int_Apt_02_Wall_01.prefab
  artifactKey: Guid(fb28b01c668360548b1caee1ee42ac7e) Importer(815301076,1909f56bfc062723c751e8b465ee728b)
Start importing Assets/Brick Project Studio/Apartment Kit/_Prefabs/Apt Build Kit/Interiors/Walls Frames & Doors/Apt_02/Int_Apt_02_Wall_01.prefab using Guid(fb28b01c668360548b1caee1ee42ac7e) Importer(815301076,1909f56bfc062723c751e8b465ee728b) [PhysX] Initialized MultithreadedTaskDispatcher with 16 workers.
[PhysX] Initialized MultithreadedTaskDispatcher with 16 workers.
 -> (artifact id: '61ba1a0bbd7a43ad7e8cd86353df33e0') in 0.037612 seconds
Number of updated asset objects reloaded before import = 0
Number of asset objects unloaded after import = 15
========================================================================
Received Import Request.
  Time since last request: 18.320461 seconds.
  path: Assets/Brick Project Studio/Apartment Kit/_Prefabs/Apt Build Kit/Interiors/Walls Frames & Doors/Apt_01/Int_Apt_01_Pillar_2x2.prefab
  artifactKey: Guid(898817d0fbc7ec3448ce39efd8267ba2) Importer(815301076,1909f56bfc062723c751e8b465ee728b)
Start importing Assets/Brick Project Studio/Apartment Kit/_Prefabs/Apt Build Kit/Interiors/Walls Frames & Doors/Apt_01/Int_Apt_01_Pillar_2x2.prefab using Guid(898817d0fbc7ec3448ce39efd8267ba2) Importer(815301076,1909f56bfc062723c751e8b465ee728b) [PhysX] Initialized MultithreadedTaskDispatcher with 16 workers.
[PhysX] Initialized MultithreadedTaskDispatcher with 16 workers.
 -> (artifact id: '250f0c5d795c20483cd1553761c18964') in 0.026604 seconds
Number of updated asset objects reloaded before import = 0
Number of asset objects unloaded after import = 16
========================================================================
Received Import Request.
  Time since last request: 0.000024 seconds.
  path: Assets/Brick Project Studio/Apartment Kit/_Prefabs/Apt Build Kit/Interiors/Walls Frames & Doors/Apt_01/Int_Apt_01_Wall_02.prefab
  artifactKey: Guid(f01b8dde2f2266c4a9c87acaa4ed6003) Importer(815301076,1909f56bfc062723c751e8b465ee728b)
Start importing Assets/Brick Project Studio/Apartment Kit/_Prefabs/Apt Build Kit/Interiors/Walls Frames & Doors/Apt_01/Int_Apt_01_Wall_02.prefab using Guid(f01b8dde2f2266c4a9c87acaa4ed6003) Importer(815301076,1909f56bfc062723c751e8b465ee728b) [PhysX] Initialized MultithreadedTaskDispatcher with 16 workers.
[PhysX] Initialized MultithreadedTaskDispatcher with 16 workers.
 -> (artifact id: '5250a832f611593ee74328a23c8e8e3c') in 0.029671 seconds
Number of updated asset objects reloaded before import = 0
Number of asset objects unloaded after import = 16
========================================================================
Received Import Request.
  Time since last request: 12.618053 seconds.
  path: Assets/Brick Project Studio/Apartment Kit/_Prefabs/Apt Build Kit/Interiors/Frames Windows Stairs & Doors/DoorFrame_Apt_03.prefab
  artifactKey: Guid(f3e82dc7c471ff447b3ca0e0bfded076) Importer(815301076,1909f56bfc062723c751e8b465ee728b)
Start importing Assets/Brick Project Studio/Apartment Kit/_Prefabs/Apt Build Kit/Interiors/Frames Windows Stairs & Doors/DoorFrame_Apt_03.prefab using Guid(f3e82dc7c471ff447b3ca0e0bfded076) Importer(815301076,1909f56bfc062723c751e8b465ee728b) [PhysX] Initialized MultithreadedTaskDispatcher with 16 workers.
[PhysX] Initialized MultithreadedTaskDispatcher with 16 workers.
 -> (artifact id: '53ad29436f0280896c3723fc9f9c10a6') in 0.031761 seconds
Number of updated asset objects reloaded before import = 0
Number of asset objects unloaded after import = 37
========================================================================
Received Import Request.
  Time since last request: 0.000018 seconds.
  path: Assets/Brick Project Studio/Apartment Kit/_Prefabs/Apt Build Kit/Interiors/Frames Windows Stairs & Doors/Frame_Apt_02.prefab
  artifactKey: Guid(339af60aba47cba459f763bee7ddb43f) Importer(815301076,1909f56bfc062723c751e8b465ee728b)
Start importing Assets/Brick Project Studio/Apartment Kit/_Prefabs/Apt Build Kit/Interiors/Frames Windows Stairs & Doors/Frame_Apt_02.prefab using Guid(339af60aba47cba459f763bee7ddb43f) Importer(815301076,1909f56bfc062723c751e8b465ee728b) [PhysX] Initialized MultithreadedTaskDispatcher with 16 workers.
[PhysX] Initialized MultithreadedTaskDispatcher with 16 workers.
 -> (artifact id: 'd93efc729d07a4afeffe37bb5164b4b2') in 0.027162 seconds
Number of updated asset objects reloaded before import = 0
Number of asset objects unloaded after import = 14
========================================================================
Received Import Request.
  Time since last request: 0.000023 seconds.
  path: Assets/Brick Project Studio/Apartment Kit/_Prefabs/Apt Build Kit/Interiors/Frames Windows Stairs & Doors/Staricases_01_Setup.prefab
  artifactKey: Guid(50ce1d3cebd78214e839f75e8796a39b) Importer(815301076,1909f56bfc062723c751e8b465ee728b)
Start importing Assets/Brick Project Studio/Apartment Kit/_Prefabs/Apt Build Kit/Interiors/Frames Windows Stairs & Doors/Staricases_01_Setup.prefab using Guid(50ce1d3cebd78214e839f75e8796a39b) Importer(815301076,1909f56bfc062723c751e8b465ee728b) [PhysX] Initialized MultithreadedTaskDispatcher with 16 workers.
[PhysX] Initialized MultithreadedTaskDispatcher with 16 workers.
 -> (artifact id: 'a7bbce84e1fc71d3738eb538801d1bc6') in 0.076776 seconds
Number of updated asset objects reloaded before import = 0
Number of asset objects unloaded after import = 429
========================================================================
Received Import Request.
  Time since last request: 39.768161 seconds.
  path: Assets/Brick Project Studio/Apartment Kit/_Prefabs/Apt Build Kit/Interiors/Flooring & Ceilings/Int_apt_02_Floor_01.prefab
  artifactKey: Guid(5aac716a11271124887a33ec1836f27b) Importer(815301076,1909f56bfc062723c751e8b465ee728b)
Start importing Assets/Brick Project Studio/Apartment Kit/_Prefabs/Apt Build Kit/Interiors/Flooring & Ceilings/Int_apt_02_Floor_01.prefab using Guid(5aac716a11271124887a33ec1836f27b) Importer(815301076,1909f56bfc062723c751e8b465ee728b) [PhysX] Initialized MultithreadedTaskDispatcher with 16 workers.
[PhysX] Initialized MultithreadedTaskDispatcher with 16 workers.
 -> (artifact id: '0f22eaa021de5664531475adfcd4fc00') in 0.027858 seconds
Number of updated asset objects reloaded before import = 0
Number of asset objects unloaded after import = 15
========================================================================
Received Import Request.
  Time since last request: 0.000027 seconds.
  path: Assets/Brick Project Studio/Apartment Kit/_Prefabs/Apt Build Kit/Interiors/Flooring & Ceilings/Int_apt_03_Floor_02.prefab
  artifactKey: Guid(a210596d183602d4f9abc956ba791b9e) Importer(815301076,1909f56bfc062723c751e8b465ee728b)
Start importing Assets/Brick Project Studio/Apartment Kit/_Prefabs/Apt Build Kit/Interiors/Flooring & Ceilings/Int_apt_03_Floor_02.prefab using Guid(a210596d183602d4f9abc956ba791b9e) Importer(815301076,1909f56bfc062723c751e8b465ee728b) [PhysX] Initialized MultithreadedTaskDispatcher with 16 workers.
[PhysX] Initialized MultithreadedTaskDispatcher with 16 workers.
 -> (artifact id: '7988972d67ef8713f6e6c5200ecd26bb') in 0.020828 seconds
Number of updated asset objects reloaded before import = 0
Number of asset objects unloaded after import = 15
========================================================================
Received Import Request.
  Time since last request: 18.596706 seconds.
  path: Assets/Brick Project Studio/Apartment Kit/_Prefabs/Apt Build Kit/Interiors/Special/Molding/Int_Molding_Base_Apt_03.prefab
  artifactKey: Guid(b864c417db32982428d6e52b690ffc78) Importer(815301076,1909f56bfc062723c751e8b465ee728b)
Start importing Assets/Brick Project Studio/Apartment Kit/_Prefabs/Apt Build Kit/Interiors/Special/Molding/Int_Molding_Base_Apt_03.prefab using Guid(b864c417db32982428d6e52b690ffc78) Importer(815301076,1909f56bfc062723c751e8b465ee728b) [PhysX] Initialized MultithreadedTaskDispatcher with 16 workers.
[PhysX] Initialized MultithreadedTaskDispatcher with 16 workers.
 -> (artifact id: '36ff1d58e8f2320b79d70be48fcb5ce2') in 0.017811 seconds
Number of updated asset objects reloaded before import = 0
Number of asset objects unloaded after import = 14
========================================================================
Received Import Request.
  Time since last request: 0.000020 seconds.
  path: Assets/Brick Project Studio/Apartment Kit/_Prefabs/Apt Build Kit/Interiors/Special/Molding/Int_Molding_Ceiling_Apt_02.prefab
  artifactKey: Guid(9cfc770309e695442acba3403353b6fe) Importer(815301076,1909f56bfc062723c751e8b465ee728b)
Start importing Assets/Brick Project Studio/Apartment Kit/_Prefabs/Apt Build Kit/Interiors/Special/Molding/Int_Molding_Ceiling_Apt_02.prefab using Guid(9cfc770309e695442acba3403353b6fe) Importer(815301076,1909f56bfc062723c751e8b465ee728b) [PhysX] Initialized MultithreadedTaskDispatcher with 16 workers.
[PhysX] Initialized MultithreadedTaskDispatcher with 16 workers.
 -> (artifact id: '86a5ce34693470043afc90c475126048') in 0.015458 seconds
Number of updated asset objects reloaded before import = 0
Number of asset objects unloaded after import = 14
========================================================================
Received Import Request.
  Time since last request: 1.770979 seconds.
  path: Assets/Brick Project Studio/Apartment Kit/_Prefabs/Apt Build Kit/Interiors/Special/Wall Modern/Int_WallExtrude_02_02.prefab
  artifactKey: Guid(c32373f77912b2b4b91d6e8e1ced623f) Importer(815301076,1909f56bfc062723c751e8b465ee728b)
Start importing Assets/Brick Project Studio/Apartment Kit/_Prefabs/Apt Build Kit/Interiors/Special/Wall Modern/Int_WallExtrude_02_02.prefab using Guid(c32373f77912b2b4b91d6e8e1ced623f) Importer(815301076,1909f56bfc062723c751e8b465ee728b) [PhysX] Initialized MultithreadedTaskDispatcher with 16 workers.
[PhysX] Initialized MultithreadedTaskDispatcher with 16 workers.
 -> (artifact id: '2003cf617532e34515e3fe98c04c8b33') in 0.022864 seconds
Number of updated asset objects reloaded before import = 0
Number of asset objects unloaded after import = 15
========================================================================
Received Import Request.
  Time since last request: 1.950749 seconds.
  path: Assets/Brick Project Studio/Apartment Kit/_Prefabs/Apt Build Kit/Interiors/Special/Wall Tiles/BR_Tile_APT_01_03.prefab
  artifactKey: Guid(06c413b29e11397438e5dd264e7ebe34) Importer(815301076,1909f56bfc062723c751e8b465ee728b)
Start importing Assets/Brick Project Studio/Apartment Kit/_Prefabs/Apt Build Kit/Interiors/Special/Wall Tiles/BR_Tile_APT_01_03.prefab using Guid(06c413b29e11397438e5dd264e7ebe34) Importer(815301076,1909f56bfc062723c751e8b465ee728b) [PhysX] Initialized MultithreadedTaskDispatcher with 16 workers.
[PhysX] Initialized MultithreadedTaskDispatcher with 16 workers.
 -> (artifact id: 'bdcc66e3975950504e7204012b034666') in 0.027780 seconds
Number of updated asset objects reloaded before import = 0
Number of asset objects unloaded after import = 15
========================================================================
Received Import Request.
  Time since last request: 0.000022 seconds.
  path: Assets/Brick Project Studio/Apartment Kit/_Prefabs/Apt Build Kit/Interiors/Special/Wall Tiles/BR_Tile_APT_02_01.prefab
  artifactKey: Guid(f65183ca19c1b4448a412998605b2216) Importer(815301076,1909f56bfc062723c751e8b465ee728b)
Start importing Assets/Brick Project Studio/Apartment Kit/_Prefabs/Apt Build Kit/Interiors/Special/Wall Tiles/BR_Tile_APT_02_01.prefab using Guid(f65183ca19c1b4448a412998605b2216) Importer(815301076,1909f56bfc062723c751e8b465ee728b) [PhysX] Initialized MultithreadedTaskDispatcher with 16 workers.
[PhysX] Initialized MultithreadedTaskDispatcher with 16 workers.
 -> (artifact id: '9f23fef4a6cee38230f8a62c991ded45') in 0.017895 seconds
Number of updated asset objects reloaded before import = 0
Number of asset objects unloaded after import = 14
========================================================================
Received Import Request.
  Time since last request: 0.000021 seconds.
  path: Assets/Brick Project Studio/Apartment Kit/_Prefabs/Apt Build Kit/Interiors/Special/Wall Tiles/BR_Tile_APT_02_04.prefab
  artifactKey: Guid(e7e7231ccdd4c2745a7aee5414cc2d04) Importer(815301076,1909f56bfc062723c751e8b465ee728b)
Start importing Assets/Brick Project Studio/Apartment Kit/_Prefabs/Apt Build Kit/Interiors/Special/Wall Tiles/BR_Tile_APT_02_04.prefab using Guid(e7e7231ccdd4c2745a7aee5414cc2d04) Importer(815301076,1909f56bfc062723c751e8b465ee728b) [PhysX] Initialized MultithreadedTaskDispatcher with 16 workers.
[PhysX] Initialized MultithreadedTaskDispatcher with 16 workers.
 -> (artifact id: 'b3f8242826074a23d7674a205805d7cf') in 0.018394 seconds
Number of updated asset objects reloaded before import = 0
Number of asset objects unloaded after import = 14
========================================================================
Received Import Request.
  Time since last request: 17.468091 seconds.
  path: Assets/Brick Project Studio/Apartment Kit/_Prefabs/Props/Art/Canvas_Nat_03.prefab
  artifactKey: Guid(340937d0c3254e04b821007b8536c465) Importer(815301076,1909f56bfc062723c751e8b465ee728b)
Start importing Assets/Brick Project Studio/Apartment Kit/_Prefabs/Props/Art/Canvas_Nat_03.prefab using Guid(340937d0c3254e04b821007b8536c465) Importer(815301076,1909f56bfc062723c751e8b465ee728b) [PhysX] Initialized MultithreadedTaskDispatcher with 16 workers.
[PhysX] Initialized MultithreadedTaskDispatcher with 16 workers.
 -> (artifact id: 'a98d3c42ff5aa5380f33cfa40cb0fd8d') in 0.029712 seconds
Number of updated asset objects reloaded before import = 0
Number of asset objects unloaded after import = 15
========================================================================
Received Import Request.
  Time since last request: 0.000024 seconds.
  path: Assets/Brick Project Studio/Apartment Kit/_Prefabs/Props/Art/Canvas_Painting_01.prefab
  artifactKey: Guid(034a790e51efb8c42af98f9b7728dfe6) Importer(815301076,1909f56bfc062723c751e8b465ee728b)
Start importing Assets/Brick Project Studio/Apartment Kit/_Prefabs/Props/Art/Canvas_Painting_01.prefab using Guid(034a790e51efb8c42af98f9b7728dfe6) Importer(815301076,1909f56bfc062723c751e8b465ee728b) [PhysX] Initialized MultithreadedTaskDispatcher with 16 workers.
[PhysX] Initialized MultithreadedTaskDispatcher with 16 workers.
 -> (artifact id: '9d316b0d0f51ef38b7e6c0a59a4bca00') in 0.029751 seconds
Number of updated asset objects reloaded before import = 0
Number of asset objects unloaded after import = 15
========================================================================
Received Import Request.
  Time since last request: 0.000026 seconds.
  path: Assets/Brick Project Studio/Apartment Kit/_Prefabs/Props/Art/WallArt_Apt_01.prefab
  artifactKey: Guid(6ab6af969cb643e44b67269676f36669) Importer(815301076,1909f56bfc062723c751e8b465ee728b)
Start importing Assets/Brick Project Studio/Apartment Kit/_Prefabs/Props/Art/WallArt_Apt_01.prefab using Guid(6ab6af969cb643e44b67269676f36669) Importer(815301076,1909f56bfc062723c751e8b465ee728b) [PhysX] Initialized MultithreadedTaskDispatcher with 16 workers.
[PhysX] Initialized MultithreadedTaskDispatcher with 16 workers.
 -> (artifact id: '96e09889abf664759186e9a985209ba3') in 0.040438 seconds
Number of updated asset objects reloaded before import = 0
Number of asset objects unloaded after import = 31
========================================================================
Received Import Request.
  Time since last request: 0.000021 seconds.
  path: Assets/Brick Project Studio/Apartment Kit/_Prefabs/Props/Art/Canvas_Nat_06.prefab
  artifactKey: Guid(0bb0235386000d5498a4c894bd92c757) Importer(815301076,1909f56bfc062723c751e8b465ee728b)
Start importing Assets/Brick Project Studio/Apartment Kit/_Prefabs/Props/Art/Canvas_Nat_06.prefab using Guid(0bb0235386000d5498a4c894bd92c757) Importer(815301076,1909f56bfc062723c751e8b465ee728b) [PhysX] Initialized MultithreadedTaskDispatcher with 16 workers.
[PhysX] Initialized MultithreadedTaskDispatcher with 16 workers.
 -> (artifact id: 'd4bb8bb69aa5a62c79c4d9ad1487d763') in 0.015460 seconds
Number of updated asset objects reloaded before import = 0
Number of asset objects unloaded after import = 15
========================================================================
Received Import Request.
  Time since last request: 0.000019 seconds.
  path: Assets/Brick Project Studio/Apartment Kit/_Prefabs/Props/Art/Canvas_Nat_08.prefab
  artifactKey: Guid(81681dbb7b5c6134ba68a4e523911dc4) Importer(815301076,1909f56bfc062723c751e8b465ee728b)
Start importing Assets/Brick Project Studio/Apartment Kit/_Prefabs/Props/Art/Canvas_Nat_08.prefab using Guid(81681dbb7b5c6134ba68a4e523911dc4) Importer(815301076,1909f56bfc062723c751e8b465ee728b) [PhysX] Initialized MultithreadedTaskDispatcher with 16 workers.
[PhysX] Initialized MultithreadedTaskDispatcher with 16 workers.
 -> (artifact id: 'f028747bac4797ac73c80516835704ab') in 0.014252 seconds
Number of updated asset objects reloaded before import = 0
Number of asset objects unloaded after import = 15
========================================================================
Received Import Request.
  Time since last request: 77.224050 seconds.
  path: Assets/Brick Project Studio/Apartment Kit/_Prefabs/Props/Bathroom/Shower_Handel_01.prefab
  artifactKey: Guid(2c53d7677acbaf34b81c7da75f0544ff) Importer(815301076,1909f56bfc062723c751e8b465ee728b)
Start importing Assets/Brick Project Studio/Apartment Kit/_Prefabs/Props/Bathroom/Shower_Handel_01.prefab using Guid(2c53d7677acbaf34b81c7da75f0544ff) Importer(815301076,1909f56bfc062723c751e8b465ee728b) [PhysX] Initialized MultithreadedTaskDispatcher with 16 workers.
[PhysX] Initialized MultithreadedTaskDispatcher with 16 workers.
 -> (artifact id: '32217d105391ffcf0125b7a69a3166e4') in 0.019806 seconds
Number of updated asset objects reloaded before import = 0
Number of asset objects unloaded after import = 18
========================================================================
Received Import Request.
  Time since last request: 0.000020 seconds.
  path: Assets/Brick Project Studio/Apartment Kit/_Prefabs/Props/Bathroom/ToothbrushCup.prefab
  artifactKey: Guid(e539e85f8e056d1468b40ad13ac5a551) Importer(815301076,1909f56bfc062723c751e8b465ee728b)
Start importing Assets/Brick Project Studio/Apartment Kit/_Prefabs/Props/Bathroom/ToothbrushCup.prefab using Guid(e539e85f8e056d1468b40ad13ac5a551) Importer(815301076,1909f56bfc062723c751e8b465ee728b) [PhysX] Initialized MultithreadedTaskDispatcher with 16 workers.
[PhysX] Initialized MultithreadedTaskDispatcher with 16 workers.
 -> (artifact id: '97d36d188dbfd67b99f190a56765e1fd') in 0.021135 seconds
Number of updated asset objects reloaded before import = 0
Number of asset objects unloaded after import = 14
========================================================================
Received Import Request.
  Time since last request: 0.000020 seconds.
  path: Assets/Brick Project Studio/Apartment Kit/_Prefabs/Props/Bathroom/TowelRack_Apt_01.prefab
  artifactKey: Guid(0c194d566209b524bb98efa3b5f1563e) Importer(815301076,1909f56bfc062723c751e8b465ee728b)
Start importing Assets/Brick Project Studio/Apartment Kit/_Prefabs/Props/Bathroom/TowelRack_Apt_01.prefab using Guid(0c194d566209b524bb98efa3b5f1563e) Importer(815301076,1909f56bfc062723c751e8b465ee728b) [PhysX] Initialized MultithreadedTaskDispatcher with 16 workers.
[PhysX] Initialized MultithreadedTaskDispatcher with 16 workers.
 -> (artifact id: '3ec9d52ea9e3fae0921c1f0dd5970a18') in 0.024686 seconds
Number of updated asset objects reloaded before import = 0
Number of asset objects unloaded after import = 13
========================================================================
Received Import Request.
  Time since last request: 0.000022 seconds.
  path: Assets/Brick Project Studio/Apartment Kit/_Prefabs/Props/Bathroom/Toothbrush_02.prefab
  artifactKey: Guid(3af3788489468634ca8551e4f49d373f) Importer(815301076,1909f56bfc062723c751e8b465ee728b)
Start importing Assets/Brick Project Studio/Apartment Kit/_Prefabs/Props/Bathroom/Toothbrush_02.prefab using Guid(3af3788489468634ca8551e4f49d373f) Importer(815301076,1909f56bfc062723c751e8b465ee728b) [PhysX] Initialized MultithreadedTaskDispatcher with 16 workers.
[PhysX] Initialized MultithreadedTaskDispatcher with 16 workers.
 -> (artifact id: '977071e6255a5d7dd0dfbd02da8f1ee9') in 0.021429 seconds
Number of updated asset objects reloaded before import = 0
Number of asset objects unloaded after import = 14
========================================================================
Received Import Request.
  Time since last request: 0.000027 seconds.
  path: Assets/Brick Project Studio/Apartment Kit/_Prefabs/Props/Bathroom/TowelRack_Apt_02.prefab
  artifactKey: Guid(dd22d3cb5edddc54fb43d88c8b0da7d5) Importer(815301076,1909f56bfc062723c751e8b465ee728b)
Start importing Assets/Brick Project Studio/Apartment Kit/_Prefabs/Props/Bathroom/TowelRack_Apt_02.prefab using Guid(dd22d3cb5edddc54fb43d88c8b0da7d5) Importer(815301076,1909f56bfc062723c751e8b465ee728b) [PhysX] Initialized MultithreadedTaskDispatcher with 16 workers.
[PhysX] Initialized MultithreadedTaskDispatcher with 16 workers.
 -> (artifact id: '5cc80178be80f03748f8a70ed3532b68') in 0.014433 seconds
Number of updated asset objects reloaded before import = 0
Number of asset objects unloaded after import = 26
========================================================================
Received Import Request.
  Time since last request: 0.000027 seconds.
  path: Assets/Brick Project Studio/Apartment Kit/_Prefabs/Props/Bathroom/ToiletPaperHolder_01.prefab
  artifactKey: Guid(ba074cf4b261d9a4882932e86021742c) Importer(815301076,1909f56bfc062723c751e8b465ee728b)
Start importing Assets/Brick Project Studio/Apartment Kit/_Prefabs/Props/Bathroom/ToiletPaperHolder_01.prefab using Guid(ba074cf4b261d9a4882932e86021742c) Importer(815301076,1909f56bfc062723c751e8b465ee728b) [PhysX] Initialized MultithreadedTaskDispatcher with 16 workers.
[PhysX] Initialized MultithreadedTaskDispatcher with 16 workers.
 -> (artifact id: '1cec8c095dc157776942c47eed0a509e') in 0.014738 seconds
Number of updated asset objects reloaded before import = 0
Number of asset objects unloaded after import = 13
========================================================================
Received Import Request.
  Time since last request: 5.263097 seconds.
  path: Assets/Brick Project Studio/Apartment Kit/_Prefabs/Props/Electronics/GameConsole_Apt_01.prefab
  artifactKey: Guid(29e76f542ce050b4d8948ddead8c0c46) Importer(815301076,1909f56bfc062723c751e8b465ee728b)
Start importing Assets/Brick Project Studio/Apartment Kit/_Prefabs/Props/Electronics/GameConsole_Apt_01.prefab using Guid(29e76f542ce050b4d8948ddead8c0c46) Importer(815301076,1909f56bfc062723c751e8b465ee728b) [PhysX] Initialized MultithreadedTaskDispatcher with 16 workers.
[PhysX] Initialized MultithreadedTaskDispatcher with 16 workers.
 -> (artifact id: '69c08685d672b1bb3a50728cfbee46fe') in 0.021114 seconds
Number of updated asset objects reloaded before import = 0
Number of asset objects unloaded after import = 20
========================================================================
Received Import Request.
  Time since last request: 0.000025 seconds.
  path: Assets/Brick Project Studio/Apartment Kit/_Prefabs/Props/Electronics/KeyBoard_Apt_01.prefab
  artifactKey: Guid(cf41c3b90dc3ff44c8efe4be6ce3494c) Importer(815301076,1909f56bfc062723c751e8b465ee728b)
Start importing Assets/Brick Project Studio/Apartment Kit/_Prefabs/Props/Electronics/KeyBoard_Apt_01.prefab using Guid(cf41c3b90dc3ff44c8efe4be6ce3494c) Importer(815301076,1909f56bfc062723c751e8b465ee728b) [PhysX] Initialized MultithreadedTaskDispatcher with 16 workers.
[PhysX] Initialized MultithreadedTaskDispatcher with 16 workers.
 -> (artifact id: 'c4b7765cec926ab302ce3c6df0787c18') in 0.023680 seconds
Number of updated asset objects reloaded before import = 0
Number of asset objects unloaded after import = 15
========================================================================
Received Import Request.
  Time since last request: 0.000022 seconds.
  path: Assets/Brick Project Studio/Apartment Kit/_Prefabs/Props/Electronics/Monitor_Apt_01.prefab
  artifactKey: Guid(1091ee0a141f2ba429668a6cc5a0f03e) Importer(815301076,1909f56bfc062723c751e8b465ee728b)
Start importing Assets/Brick Project Studio/Apartment Kit/_Prefabs/Props/Electronics/Monitor_Apt_01.prefab using Guid(1091ee0a141f2ba429668a6cc5a0f03e) Importer(815301076,1909f56bfc062723c751e8b465ee728b) [PhysX] Initialized MultithreadedTaskDispatcher with 16 workers.
[PhysX] Initialized MultithreadedTaskDispatcher with 16 workers.
 -> (artifact id: 'b02490b672984d97fd0d0e6a30ae2171') in 0.024019 seconds
Number of updated asset objects reloaded before import = 0
Number of asset objects unloaded after import = 22
========================================================================
Received Import Request.
  Time since last request: 0.000018 seconds.
  path: Assets/Brick Project Studio/Apartment Kit/_Prefabs/Props/Electronics/GameController_Apt_01_01.prefab
  artifactKey: Guid(94e4c3350f88fe94ba5e156103abcf1c) Importer(815301076,1909f56bfc062723c751e8b465ee728b)
Start importing Assets/Brick Project Studio/Apartment Kit/_Prefabs/Props/Electronics/GameController_Apt_01_01.prefab using Guid(94e4c3350f88fe94ba5e156103abcf1c) Importer(815301076,1909f56bfc062723c751e8b465ee728b) [PhysX] Initialized MultithreadedTaskDispatcher with 16 workers.
[PhysX] Initialized MultithreadedTaskDispatcher with 16 workers.
 -> (artifact id: '8b994fa60e177f436e7430d0d627f963') in 0.027665 seconds
Number of updated asset objects reloaded before import = 0
Number of asset objects unloaded after import = 75
========================================================================
Received Import Request.
  Time since last request: 0.000018 seconds.
  path: Assets/Brick Project Studio/Apartment Kit/_Prefabs/Props/Electronics/GameController_Apt_01_02.prefab
  artifactKey: Guid(f3421f20f5f724a4fab68ce9de3753e8) Importer(815301076,1909f56bfc062723c751e8b465ee728b)
Start importing Assets/Brick Project Studio/Apartment Kit/_Prefabs/Props/Electronics/GameController_Apt_01_02.prefab using Guid(f3421f20f5f724a4fab68ce9de3753e8) Importer(815301076,1909f56bfc062723c751e8b465ee728b) [PhysX] Initialized MultithreadedTaskDispatcher with 16 workers.
[PhysX] Initialized MultithreadedTaskDispatcher with 16 workers.
 -> (artifact id: '3670117c546bce0aecfba6a02ba13d70') in 0.034008 seconds
Number of updated asset objects reloaded before import = 0
Number of asset objects unloaded after import = 75
========================================================================
Received Import Request.
  Time since last request: 83.550850 seconds.
  path: Assets/Brick Project Studio/Apartment Kit/_Prefabs/Props/Sculptures/Sculpture_apt_01_01.prefab
  artifactKey: Guid(6d99fe7157190374995611275c238de8) Importer(815301076,1909f56bfc062723c751e8b465ee728b)
Start importing Assets/Brick Project Studio/Apartment Kit/_Prefabs/Props/Sculptures/Sculpture_apt_01_01.prefab using Guid(6d99fe7157190374995611275c238de8) Importer(815301076,1909f56bfc062723c751e8b465ee728b) [PhysX] Initialized MultithreadedTaskDispatcher with 16 workers.
[PhysX] Initialized MultithreadedTaskDispatcher with 16 workers.
 -> (artifact id: '0149c3163b8643248b1eac26e5f4ee9d') in 0.024449 seconds
Number of updated asset objects reloaded before import = 0
Number of asset objects unloaded after import = 21
========================================================================
Received Import Request.
  Time since last request: 0.000022 seconds.
  path: Assets/Brick Project Studio/Apartment Kit/_Prefabs/Props/Sculptures/Sculpture_apt_02_01.prefab
  artifactKey: Guid(fe722613e8e23b04aba46967537bbce1) Importer(815301076,1909f56bfc062723c751e8b465ee728b)
Start importing Assets/Brick Project Studio/Apartment Kit/_Prefabs/Props/Sculptures/Sculpture_apt_02_01.prefab using Guid(fe722613e8e23b04aba46967537bbce1) Importer(815301076,1909f56bfc062723c751e8b465ee728b) [PhysX] Initialized MultithreadedTaskDispatcher with 16 workers.
[PhysX] Initialized MultithreadedTaskDispatcher with 16 workers.
 -> (artifact id: '10dbdabd83a91a75895b38dca6995746') in 0.025712 seconds
Number of updated asset objects reloaded before import = 0
Number of asset objects unloaded after import = 15
========================================================================
Received Import Request.
  Time since last request: 0.000024 seconds.
  path: Assets/Brick Project Studio/Apartment Kit/_Prefabs/Props/Sculptures/Sculpture_apt_02_05.prefab
  artifactKey: Guid(40399f95a6f26064ebdd3b08052bb9fc) Importer(815301076,1909f56bfc062723c751e8b465ee728b)
Start importing Assets/Brick Project Studio/Apartment Kit/_Prefabs/Props/Sculptures/Sculpture_apt_02_05.prefab using Guid(40399f95a6f26064ebdd3b08052bb9fc) Importer(815301076,1909f56bfc062723c751e8b465ee728b) [PhysX] Initialized MultithreadedTaskDispatcher with 16 workers.
[PhysX] Initialized MultithreadedTaskDispatcher with 16 workers.
 -> (artifact id: 'd47f8077d7871c1df7c18a2c02217d60') in 0.018161 seconds
Number of updated asset objects reloaded before import = 0
Number of asset objects unloaded after import = 14
========================================================================
Received Import Request.
  Time since last request: 0.000030 seconds.
  path: Assets/Brick Project Studio/Apartment Kit/_Prefabs/Props/Sculptures/Sculpture_apt_01_04.prefab
  artifactKey: Guid(f00af83dfea20324d8081f143b53730c) Importer(815301076,1909f56bfc062723c751e8b465ee728b)
Start importing Assets/Brick Project Studio/Apartment Kit/_Prefabs/Props/Sculptures/Sculpture_apt_01_04.prefab using Guid(f00af83dfea20324d8081f143b53730c) Importer(815301076,1909f56bfc062723c751e8b465ee728b) [PhysX] Initialized MultithreadedTaskDispatcher with 16 workers.
[PhysX] Initialized MultithreadedTaskDispatcher with 16 workers.
 -> (artifact id: '1dba01fad164d973fae58a277dbc8261') in 0.017184 seconds
Number of updated asset objects reloaded before import = 0
Number of asset objects unloaded after import = 21
========================================================================
Received Import Request.
  Time since last request: 0.000018 seconds.
  path: Assets/Brick Project Studio/Apartment Kit/_Prefabs/Props/Sculptures/Sculpture_apt_01_05.prefab
  artifactKey: Guid(98d3eb0b3a4e0684ea38b5d3fe1c5fd6) Importer(815301076,1909f56bfc062723c751e8b465ee728b)
Start importing Assets/Brick Project Studio/Apartment Kit/_Prefabs/Props/Sculptures/Sculpture_apt_01_05.prefab using Guid(98d3eb0b3a4e0684ea38b5d3fe1c5fd6) Importer(815301076,1909f56bfc062723c751e8b465ee728b) [PhysX] Initialized MultithreadedTaskDispatcher with 16 workers.
[PhysX] Initialized MultithreadedTaskDispatcher with 16 workers.
 -> (artifact id: '5f4633aa3dc9b5a4ec6af701734aa71a') in 0.013965 seconds
Number of updated asset objects reloaded before import = 0
Number of asset objects unloaded after import = 20
========================================================================
Received Import Request.
  Time since last request: 0.000019 seconds.
  path: Assets/Brick Project Studio/Apartment Kit/_Prefabs/Props/Sculptures/Sculpture_apt_02_02.prefab
  artifactKey: Guid(7148452916a07f34a8145e1d3f150b7d) Importer(815301076,1909f56bfc062723c751e8b465ee728b)
Start importing Assets/Brick Project Studio/Apartment Kit/_Prefabs/Props/Sculptures/Sculpture_apt_02_02.prefab using Guid(7148452916a07f34a8145e1d3f150b7d) Importer(815301076,1909f56bfc062723c751e8b465ee728b) [PhysX] Initialized MultithreadedTaskDispatcher with 16 workers.
[PhysX] Initialized MultithreadedTaskDispatcher with 16 workers.
 -> (artifact id: '42143cfb62d1adca803493687d40d5fe') in 0.014368 seconds
Number of updated asset objects reloaded before import = 0
Number of asset objects unloaded after import = 15
========================================================================
Received Import Request.
  Time since last request: 3.074126 seconds.
  path: Assets/Brick Project Studio/Apartment Kit/_Prefabs/Props/Wine Liquor Beer and Glassware - Sample/wine thin glass.prefab
  artifactKey: Guid(14973bbaa08d142449d2405142caff8d) Importer(815301076,1909f56bfc062723c751e8b465ee728b)
Start importing Assets/Brick Project Studio/Apartment Kit/_Prefabs/Props/Wine Liquor Beer and Glassware - Sample/wine thin glass.prefab using Guid(14973bbaa08d142449d2405142caff8d) Importer(815301076,1909f56bfc062723c751e8b465ee728b) [PhysX] Initialized MultithreadedTaskDispatcher with 16 workers.
[PhysX] Initialized MultithreadedTaskDispatcher with 16 workers.
 -> (artifact id: '9f087bf216f54e96c32b70b3d184c11d') in 0.012105 seconds
Number of updated asset objects reloaded before import = 0
Number of asset objects unloaded after import = 13
========================================================================
Received Import Request.
  Time since last request: 0.000021 seconds.
  path: Assets/Brick Project Studio/Apartment Kit/_Prefabs/Props/Wine Liquor Beer and Glassware - Sample/wine thin glass White Wine.prefab
  artifactKey: Guid(1b428e366487244448eec04f14964eef) Importer(815301076,1909f56bfc062723c751e8b465ee728b)
Start importing Assets/Brick Project Studio/Apartment Kit/_Prefabs/Props/Wine Liquor Beer and Glassware - Sample/wine thin glass White Wine.prefab using Guid(1b428e366487244448eec04f14964eef) Importer(815301076,1909f56bfc062723c751e8b465ee728b) [PhysX] Initialized MultithreadedTaskDispatcher with 16 workers.
[PhysX] Initialized MultithreadedTaskDispatcher with 16 workers.
 -> (artifact id: 'eb79aaa88fa9120f839018b1310bc5c0') in 0.015949 seconds
Number of updated asset objects reloaded before import = 0
Number of asset objects unloaded after import = 19
========================================================================
Received Import Request.
  Time since last request: 3.089363 seconds.
  path: Assets/Brick Project Studio/Apartment Kit/_Prefabs/Props/Misc/Chess_Board_Base.prefab
  artifactKey: Guid(04530b01cfbd5f044a2cc04ba39e91df) Importer(815301076,1909f56bfc062723c751e8b465ee728b)
Start importing Assets/Brick Project Studio/Apartment Kit/_Prefabs/Props/Misc/Chess_Board_Base.prefab using Guid(04530b01cfbd5f044a2cc04ba39e91df) Importer(815301076,1909f56bfc062723c751e8b465ee728b) [PhysX] Initialized MultithreadedTaskDispatcher with 16 workers.
[PhysX] Initialized MultithreadedTaskDispatcher with 16 workers.
 -> (artifact id: '85153a328d485244bb77c7672b79f3d1') in 0.042249 seconds
Number of updated asset objects reloaded before import = 0
Number of asset objects unloaded after import = 165
========================================================================
Received Import Request.
  Time since last request: 0.000021 seconds.
  path: Assets/Brick Project Studio/Apartment Kit/_Prefabs/Props/Misc/Wall_Mirror_01.prefab
  artifactKey: Guid(22a931750861f724a854421dccfa17e0) Importer(815301076,1909f56bfc062723c751e8b465ee728b)
Start importing Assets/Brick Project Studio/Apartment Kit/_Prefabs/Props/Misc/Wall_Mirror_01.prefab using Guid(22a931750861f724a854421dccfa17e0) Importer(815301076,1909f56bfc062723c751e8b465ee728b) [PhysX] Initialized MultithreadedTaskDispatcher with 16 workers.
[PhysX] Initialized MultithreadedTaskDispatcher with 16 workers.
 -> (artifact id: '031245565b43e7c1893122a85d565146') in 0.029759 seconds
Number of updated asset objects reloaded before import = 0
Number of asset objects unloaded after import = 22
========================================================================
Received Import Request.
  Time since last request: 0.000021 seconds.
  path: Assets/Brick Project Studio/Apartment Kit/_Prefabs/Props/Misc/Wall_Mirror_02.prefab
  artifactKey: Guid(646857c834326db489fedada3df0bbc5) Importer(815301076,1909f56bfc062723c751e8b465ee728b)
Start importing Assets/Brick Project Studio/Apartment Kit/_Prefabs/Props/Misc/Wall_Mirror_02.prefab using Guid(646857c834326db489fedada3df0bbc5) Importer(815301076,1909f56bfc062723c751e8b465ee728b) [PhysX] Initialized MultithreadedTaskDispatcher with 16 workers.
[PhysX] Initialized MultithreadedTaskDispatcher with 16 workers.
 -> (artifact id: '0951e7ed73af1daca556bfc99baca8fc') in 0.024681 seconds
Number of updated asset objects reloaded before import = 0
Number of asset objects unloaded after import = 22
========================================================================
Received Import Request.
  Time since last request: 0.000018 seconds.
  path: Assets/Brick Project Studio/Apartment Kit/_Prefabs/Props/Misc/MirrorPlate.prefab
  artifactKey: Guid(ba11bcdb94e8ac2498db51b197091c7a) Importer(815301076,1909f56bfc062723c751e8b465ee728b)
Start importing Assets/Brick Project Studio/Apartment Kit/_Prefabs/Props/Misc/MirrorPlate.prefab using Guid(ba11bcdb94e8ac2498db51b197091c7a) Importer(815301076,1909f56bfc062723c751e8b465ee728b) [PhysX] Initialized MultithreadedTaskDispatcher with 16 workers.
[PhysX] Initialized MultithreadedTaskDispatcher with 16 workers.
 -> (artifact id: '190c0bffafda3d78a5da9ccd454a57ae') in 0.027304 seconds
Number of updated asset objects reloaded before import = 0
Number of asset objects unloaded after import = 28
========================================================================
Received Import Request.
  Time since last request: 0.000021 seconds.
  path: Assets/Brick Project Studio/Apartment Kit/_Prefabs/Props/Misc/Vase_Apt_03.prefab
  artifactKey: Guid(7a897a6b060173d41a37261351d86569) Importer(815301076,1909f56bfc062723c751e8b465ee728b)
Start importing Assets/Brick Project Studio/Apartment Kit/_Prefabs/Props/Misc/Vase_Apt_03.prefab using Guid(7a897a6b060173d41a37261351d86569) Importer(815301076,1909f56bfc062723c751e8b465ee728b) [PhysX] Initialized MultithreadedTaskDispatcher with 16 workers.
[PhysX] Initialized MultithreadedTaskDispatcher with 16 workers.
 -> (artifact id: 'e69c084fea13d6d4a0ce5ad2467e829c') in 0.015494 seconds
Number of updated asset objects reloaded before import = 0
Number of asset objects unloaded after import = 35
========================================================================
Received Import Request.
  Time since last request: 7.688328 seconds.
  path: Assets/Brick Project Studio/Apartment Kit/_Prefabs/Props/Lighting/Lamp_Ceiling_Apt_02.prefab
  artifactKey: Guid(283fe20ffc8ff164080c612ba8cb7b86) Importer(815301076,1909f56bfc062723c751e8b465ee728b)
Start importing Assets/Brick Project Studio/Apartment Kit/_Prefabs/Props/Lighting/Lamp_Ceiling_Apt_02.prefab using Guid(283fe20ffc8ff164080c612ba8cb7b86) Importer(815301076,1909f56bfc062723c751e8b465ee728b) [PhysX] Initialized MultithreadedTaskDispatcher with 16 workers.
[PhysX] Initialized MultithreadedTaskDispatcher with 16 workers.
 -> (artifact id: '111def8b87d6ce00420ec3a3445d61cf') in 0.014147 seconds
Number of updated asset objects reloaded before import = 0
Number of asset objects unloaded after import = 19
========================================================================
Received Import Request.
  Time since last request: 0.000023 seconds.
  path: Assets/Brick Project Studio/Apartment Kit/_Prefabs/Props/Lighting/Lamp_Floor_Apt_03.prefab
  artifactKey: Guid(d386d629c043bd849840935643a668b9) Importer(815301076,1909f56bfc062723c751e8b465ee728b)
Start importing Assets/Brick Project Studio/Apartment Kit/_Prefabs/Props/Lighting/Lamp_Floor_Apt_03.prefab using Guid(d386d629c043bd849840935643a668b9) Importer(815301076,1909f56bfc062723c751e8b465ee728b) [PhysX] Initialized MultithreadedTaskDispatcher with 16 workers.
[PhysX] Initialized MultithreadedTaskDispatcher with 16 workers.
 -> (artifact id: 'e311d6942f523ea49fdb2e4d90229e92') in 0.026824 seconds
Number of updated asset objects reloaded before import = 0
Number of asset objects unloaded after import = 114
========================================================================
Received Import Request.
  Time since last request: 0.000030 seconds.
  path: Assets/Brick Project Studio/Apartment Kit/_Prefabs/Props/Lighting/Lamp_Floor_Apt_01.prefab
  artifactKey: Guid(4850c514825283749bdc56155d7559a9) Importer(815301076,1909f56bfc062723c751e8b465ee728b)
Start importing Assets/Brick Project Studio/Apartment Kit/_Prefabs/Props/Lighting/Lamp_Floor_Apt_01.prefab using Guid(4850c514825283749bdc56155d7559a9) Importer(815301076,1909f56bfc062723c751e8b465ee728b) [PhysX] Initialized MultithreadedTaskDispatcher with 16 workers.
[PhysX] Initialized MultithreadedTaskDispatcher with 16 workers.
 -> (artifact id: '12463c30e20648438da5296945e4cbc1') in 0.026856 seconds
Number of updated asset objects reloaded before import = 0
Number of asset objects unloaded after import = 24
========================================================================
Received Import Request.
  Time since last request: 0.000021 seconds.
  path: Assets/Brick Project Studio/Apartment Kit/_Prefabs/Props/Lighting/Lamp_Wall_Apt_01.prefab
  artifactKey: Guid(422f7f767554b114a9a1f54038a5710b) Importer(815301076,1909f56bfc062723c751e8b465ee728b)
Start importing Assets/Brick Project Studio/Apartment Kit/_Prefabs/Props/Lighting/Lamp_Wall_Apt_01.prefab using Guid(422f7f767554b114a9a1f54038a5710b) Importer(815301076,1909f56bfc062723c751e8b465ee728b) [PhysX] Initialized MultithreadedTaskDispatcher with 16 workers.
[PhysX] Initialized MultithreadedTaskDispatcher with 16 workers.
 -> (artifact id: '1b772f35a5a145c951b08c3799853d16') in 0.016686 seconds
Number of updated asset objects reloaded before import = 0
Number of asset objects unloaded after import = 20
========================================================================
Received Import Request.
  Time since last request: 0.000020 seconds.
  path: Assets/Brick Project Studio/Apartment Kit/_Prefabs/Props/Lighting/Lamp_Ceiling_Apt_04.prefab
  artifactKey: Guid(d71bb9c3921c635468d23f6e8bd9c406) Importer(815301076,1909f56bfc062723c751e8b465ee728b)
Start importing Assets/Brick Project Studio/Apartment Kit/_Prefabs/Props/Lighting/Lamp_Ceiling_Apt_04.prefab using Guid(d71bb9c3921c635468d23f6e8bd9c406) Importer(815301076,1909f56bfc062723c751e8b465ee728b) [PhysX] Initialized MultithreadedTaskDispatcher with 16 workers.
[PhysX] Initialized MultithreadedTaskDispatcher with 16 workers.
 -> (artifact id: '96ff162330e788bdc54be73ad9c18f42') in 0.024026 seconds
Number of updated asset objects reloaded before import = 0
Number of asset objects unloaded after import = 114
========================================================================
Received Import Request.
  Time since last request: 0.000114 seconds.
  path: Assets/Brick Project Studio/Apartment Kit/_Prefabs/Props/Lighting/Lamp_Wall_Apt_02.prefab
  artifactKey: Guid(ca794718ea2a2e4438e37724e4f6a6cc) Importer(815301076,1909f56bfc062723c751e8b465ee728b)
Start importing Assets/Brick Project Studio/Apartment Kit/_Prefabs/Props/Lighting/Lamp_Wall_Apt_02.prefab using Guid(ca794718ea2a2e4438e37724e4f6a6cc) Importer(815301076,1909f56bfc062723c751e8b465ee728b) [PhysX] Initialized MultithreadedTaskDispatcher with 16 workers.
[PhysX] Initialized MultithreadedTaskDispatcher with 16 workers.
 -> (artifact id: '3fa832a4c5198e419b09348e2512ec67') in 0.016499 seconds
Number of updated asset objects reloaded before import = 0
Number of asset objects unloaded after import = 20
========================================================================
Received Import Request.
  Time since last request: 0.000021 seconds.
  path: Assets/Brick Project Studio/Apartment Kit/_Prefabs/Props/Lighting/Lamp_Table_Apt_02.prefab
  artifactKey: Guid(142ac07ac204863418a6f3f9b0ac660c) Importer(815301076,1909f56bfc062723c751e8b465ee728b)
Start importing Assets/Brick Project Studio/Apartment Kit/_Prefabs/Props/Lighting/Lamp_Table_Apt_02.prefab using Guid(142ac07ac204863418a6f3f9b0ac660c) Importer(815301076,1909f56bfc062723c751e8b465ee728b) [PhysX] Initialized MultithreadedTaskDispatcher with 16 workers.
[PhysX] Initialized MultithreadedTaskDispatcher with 16 workers.
 -> (artifact id: 'f4486ab2f78dea9956ddf0b83e43ad2f') in 0.025656 seconds
Number of updated asset objects reloaded before import = 0
Number of asset objects unloaded after import = 42
========================================================================
Received Import Request.
  Time since last request: 0.000023 seconds.
  path: Assets/Brick Project Studio/Apartment Kit/_Prefabs/Props/Lighting/Lamp_Ceiling_Apt_05.prefab
  artifactKey: Guid(36dee4e097ce701479331df2321c1de3) Importer(815301076,1909f56bfc062723c751e8b465ee728b)
Start importing Assets/Brick Project Studio/Apartment Kit/_Prefabs/Props/Lighting/Lamp_Ceiling_Apt_05.prefab using Guid(36dee4e097ce701479331df2321c1de3) Importer(815301076,1909f56bfc062723c751e8b465ee728b) [PhysX] Initialized MultithreadedTaskDispatcher with 16 workers.
[PhysX] Initialized MultithreadedTaskDispatcher with 16 workers.
 -> (artifact id: '6c7c7956d0a1abe43e22c9dd145356eb') in 0.017549 seconds
Number of updated asset objects reloaded before import = 0
Number of asset objects unloaded after import = 20
========================================================================
Received Import Request.
  Time since last request: 2.545720 seconds.
  path: Assets/Brick Project Studio/Apartment Kit/_Prefabs/Props/Kitchen/DrinkingGlass_01.prefab
  artifactKey: Guid(8dfa0d45cd834394f8c62eec3b88c8c4) Importer(815301076,1909f56bfc062723c751e8b465ee728b)
Start importing Assets/Brick Project Studio/Apartment Kit/_Prefabs/Props/Kitchen/DrinkingGlass_01.prefab using Guid(8dfa0d45cd834394f8c62eec3b88c8c4) Importer(815301076,1909f56bfc062723c751e8b465ee728b) [PhysX] Initialized MultithreadedTaskDispatcher with 16 workers.
[PhysX] Initialized MultithreadedTaskDispatcher with 16 workers.
 -> (artifact id: '01b964e47e8d573444fbe02ef2700589') in 0.013277 seconds
Number of updated asset objects reloaded before import = 0
Number of asset objects unloaded after import = 13
========================================================================
Received Import Request.
  Time since last request: 0.000022 seconds.
  path: Assets/Brick Project Studio/Apartment Kit/_Prefabs/Props/Kitchen/Plate_Apt_01.prefab
  artifactKey: Guid(c155150d56fafb64ebab3a94b2cd86bf) Importer(815301076,1909f56bfc062723c751e8b465ee728b)
Start importing Assets/Brick Project Studio/Apartment Kit/_Prefabs/Props/Kitchen/Plate_Apt_01.prefab using Guid(c155150d56fafb64ebab3a94b2cd86bf) Importer(815301076,1909f56bfc062723c751e8b465ee728b) [PhysX] Initialized MultithreadedTaskDispatcher with 16 workers.
[PhysX] Initialized MultithreadedTaskDispatcher with 16 workers.
 -> (artifact id: 'ab2af0efa20cc09707227e459256b9a3') in 0.011454 seconds
Number of updated asset objects reloaded before import = 0
Number of asset objects unloaded after import = 13
========================================================================
Received Import Request.
  Time since last request: 0.000019 seconds.
  path: Assets/Brick Project Studio/Apartment Kit/_Prefabs/Props/Kitchen/Plate_Apt_02_Stacked.prefab
  artifactKey: Guid(c442118e981d163429716195e7cade2f) Importer(815301076,1909f56bfc062723c751e8b465ee728b)
Start importing Assets/Brick Project Studio/Apartment Kit/_Prefabs/Props/Kitchen/Plate_Apt_02_Stacked.prefab using Guid(c442118e981d163429716195e7cade2f) Importer(815301076,1909f56bfc062723c751e8b465ee728b) [PhysX] Initialized MultithreadedTaskDispatcher with 16 workers.
[PhysX] Initialized MultithreadedTaskDispatcher with 16 workers.
 -> (artifact id: '2fc8f2f76a51554ab8582e3019ea1958') in 0.012009 seconds
Number of updated asset objects reloaded before import = 0
Number of asset objects unloaded after import = 13
========================================================================
Received Import Request.
  Time since last request: 20.443357 seconds.
  path: Assets/Brick Project Studio/Apartment Kit/_Prefabs/Furniture/Bathroom/Hamper_01.prefab
  artifactKey: Guid(811e6e74b6e3af9468ee8cf92013ce83) Importer(815301076,1909f56bfc062723c751e8b465ee728b)
Start importing Assets/Brick Project Studio/Apartment Kit/_Prefabs/Furniture/Bathroom/Hamper_01.prefab using Guid(811e6e74b6e3af9468ee8cf92013ce83) Importer(815301076,1909f56bfc062723c751e8b465ee728b) [PhysX] Initialized MultithreadedTaskDispatcher with 16 workers.
[PhysX] Initialized MultithreadedTaskDispatcher with 16 workers.
 -> (artifact id: 'fd90c4550015bd0014a02d465345840d') in 0.030910 seconds
Number of updated asset objects reloaded before import = 0
Number of asset objects unloaded after import = 30
========================================================================
Received Import Request.
  Time since last request: 1.982258 seconds.
  path: Assets/Brick Project Studio/Apartment Kit/_Prefabs/Furniture/Bedroom/Table_End_01.prefab
  artifactKey: Guid(c15f037642a1e1b439d19869e86e1ddf) Importer(815301076,1909f56bfc062723c751e8b465ee728b)
Start importing Assets/Brick Project Studio/Apartment Kit/_Prefabs/Furniture/Bedroom/Table_End_01.prefab using Guid(c15f037642a1e1b439d19869e86e1ddf) Importer(815301076,1909f56bfc062723c751e8b465ee728b) [PhysX] Initialized MultithreadedTaskDispatcher with 16 workers.
[PhysX] Initialized MultithreadedTaskDispatcher with 16 workers.
 -> (artifact id: '0993c1b6388fbd42875365abfabdac38') in 0.038801 seconds
Number of updated asset objects reloaded before import = 0
Number of asset objects unloaded after import = 59
========================================================================
Received Import Request.
  Time since last request: 48.785130 seconds.
  path: Assets/Brick Project Studio/Apartment Kit/_Prefabs/Furniture/Living Room/Sofa_Apt_01.prefab
  artifactKey: Guid(d46fa1eeedbcb0e41b8c735b2594b434) Importer(815301076,1909f56bfc062723c751e8b465ee728b)
Start importing Assets/Brick Project Studio/Apartment Kit/_Prefabs/Furniture/Living Room/Sofa_Apt_01.prefab using Guid(d46fa1eeedbcb0e41b8c735b2594b434) Importer(815301076,1909f56bfc062723c751e8b465ee728b) [PhysX] Initialized MultithreadedTaskDispatcher with 16 workers.
[PhysX] Initialized MultithreadedTaskDispatcher with 16 workers.
 -> (artifact id: 'c7b3107a854fbb45768654a92242b06b') in 0.054819 seconds
Number of updated asset objects reloaded before import = 0
Number of asset objects unloaded after import = 25
========================================================================
Received Import Request.
  Time since last request: 0.000024 seconds.
  path: Assets/Brick Project Studio/Apartment Kit/_Prefabs/Furniture/Living Room/Table_Dining_Apt_01.prefab
  artifactKey: Guid(88eb65b4dea685a4cad7ad664104b001) Importer(815301076,1909f56bfc062723c751e8b465ee728b)
Start importing Assets/Brick Project Studio/Apartment Kit/_Prefabs/Furniture/Living Room/Table_Dining_Apt_01.prefab using Guid(88eb65b4dea685a4cad7ad664104b001) Importer(815301076,1909f56bfc062723c751e8b465ee728b) [PhysX] Initialized MultithreadedTaskDispatcher with 16 workers.
[PhysX] Initialized MultithreadedTaskDispatcher with 16 workers.
 -> (artifact id: 'a3fe837cc76a047a5dda38d2e13addde') in 0.041666 seconds
Number of updated asset objects reloaded before import = 0
Number of asset objects unloaded after import = 25
========================================================================
Received Import Request.
  Time since last request: 0.000030 seconds.
  path: Assets/Brick Project Studio/Apartment Kit/_Prefabs/Furniture/Living Room/Table_Computer_01_Setup.prefab
  artifactKey: Guid(7699f5af06713974ba61777a8a830f6e) Importer(815301076,1909f56bfc062723c751e8b465ee728b)
Start importing Assets/Brick Project Studio/Apartment Kit/_Prefabs/Furniture/Living Room/Table_Computer_01_Setup.prefab using Guid(7699f5af06713974ba61777a8a830f6e) Importer(815301076,1909f56bfc062723c751e8b465ee728b) [PhysX] Initialized MultithreadedTaskDispatcher with 16 workers.
[PhysX] Initialized MultithreadedTaskDispatcher with 16 workers.
 -> (artifact id: '4229121ad2789710f2fdb97281ee69bf') in 0.050574 seconds
Number of updated asset objects reloaded before import = 0
Number of asset objects unloaded after import = 305
========================================================================
Received Import Request.
  Time since last request: 86.369306 seconds.
  path: Assets/Brick Project Studio/Apartment Kit/_Prefabs/Furniture/Living Room/Table_Computer_01_Setup.prefab
  artifactKey: Guid(7699f5af06713974ba61777a8a830f6e) Importer(815301076,1909f56bfc062723c751e8b465ee728b)
Start importing Assets/Brick Project Studio/Apartment Kit/_Prefabs/Furniture/Living Room/Table_Computer_01_Setup.prefab using Guid(7699f5af06713974ba61777a8a830f6e) Importer(815301076,1909f56bfc062723c751e8b465ee728b) [PhysX] Initialized MultithreadedTaskDispatcher with 16 workers.
[PhysX] Initialized MultithreadedTaskDispatcher with 16 workers.
 -> (artifact id: 'f0a4133db1ad6070ec2922785d71be50') in 0.049520 seconds
Number of updated asset objects reloaded before import = 0
Number of asset objects unloaded after import = 305
========================================================================
Received Import Request.
  Time since last request: 147.476768 seconds.
  path: Assets/Brick Project Studio/Apartment Kit/_Prefabs/Furniture/Wine Cabinet/BarCabinet_Apt_02.prefab
  artifactKey: Guid(86ae21e881865b04f8548c4edade5fd2) Importer(815301076,1909f56bfc062723c751e8b465ee728b)
Start importing Assets/Brick Project Studio/Apartment Kit/_Prefabs/Furniture/Wine Cabinet/BarCabinet_Apt_02.prefab using Guid(86ae21e881865b04f8548c4edade5fd2) Importer(815301076,1909f56bfc062723c751e8b465ee728b) [PhysX] Initialized MultithreadedTaskDispatcher with 16 workers.
[PhysX] Initialized MultithreadedTaskDispatcher with 16 workers.
 -> (artifact id: 'a888153cc46bc648ab7e752d494a585c') in 0.039095 seconds
Number of updated asset objects reloaded before import = 0
Number of asset objects unloaded after import = 153
========================================================================
Received Import Request.
  Time since last request: 0.000024 seconds.
  path: Assets/Brick Project Studio/Apartment Kit/_Prefabs/Furniture/Wine Cabinet/BarCabinet_Apt_02_CenterBase.prefab
  artifactKey: Guid(4c9bf42b955bc1a4b83f6740aea218cb) Importer(815301076,1909f56bfc062723c751e8b465ee728b)
Start importing Assets/Brick Project Studio/Apartment Kit/_Prefabs/Furniture/Wine Cabinet/BarCabinet_Apt_02_CenterBase.prefab using Guid(4c9bf42b955bc1a4b83f6740aea218cb) Importer(815301076,1909f56bfc062723c751e8b465ee728b) [PhysX] Initialized MultithreadedTaskDispatcher with 16 workers.
[PhysX] Initialized MultithreadedTaskDispatcher with 16 workers.
 -> (artifact id: '07f1ef0f94368e426066e0e8a46b4e33') in 0.028517 seconds
Number of updated asset objects reloaded before import = 0
Number of asset objects unloaded after import = 133
========================================================================
Received Import Request.
  Time since last request: 0.000020 seconds.
  path: Assets/Brick Project Studio/Apartment Kit/_Prefabs/Furniture/Wine Cabinet/BarCabinet_Apt_02_Base.prefab
  artifactKey: Guid(929be27b7388507448e23941feba1828) Importer(815301076,1909f56bfc062723c751e8b465ee728b)
Start importing Assets/Brick Project Studio/Apartment Kit/_Prefabs/Furniture/Wine Cabinet/BarCabinet_Apt_02_Base.prefab using Guid(929be27b7388507448e23941feba1828) Importer(815301076,1909f56bfc062723c751e8b465ee728b) [PhysX] Initialized MultithreadedTaskDispatcher with 16 workers.
[PhysX] Initialized MultithreadedTaskDispatcher with 16 workers.
 -> (artifact id: '98e3dd9ecfd34675610f6802a3fd6c97') in 0.025600 seconds
Number of updated asset objects reloaded before import = 0
Number of asset objects unloaded after import = 52
========================================================================
Received Import Request.
  Time since last request: 0.000026 seconds.
  path: Assets/Brick Project Studio/Apartment Kit/_Prefabs/Furniture/Wine Cabinet/BarCabinet_Apt_04.prefab
  artifactKey: Guid(aa765da573f752d409b64961b914353f) Importer(815301076,1909f56bfc062723c751e8b465ee728b)
Start importing Assets/Brick Project Studio/Apartment Kit/_Prefabs/Furniture/Wine Cabinet/BarCabinet_Apt_04.prefab using Guid(aa765da573f752d409b64961b914353f) Importer(815301076,1909f56bfc062723c751e8b465ee728b) [PhysX] Initialized MultithreadedTaskDispatcher with 16 workers.
[PhysX] Initialized MultithreadedTaskDispatcher with 16 workers.
 -> (artifact id: '46a0425e9b2bf88c990a1c202c586a9e') in 0.036880 seconds
Number of updated asset objects reloaded before import = 0
Number of asset objects unloaded after import = 153
========================================================================
Received Import Request.
  Time since last request: 0.000026 seconds.
  path: Assets/Brick Project Studio/Apartment Kit/_Prefabs/Furniture/Wine Cabinet/BarCabinet_Apt_02_Filled.prefab
  artifactKey: Guid(d17c15e72c29a9f49879ff3b971bd44c) Importer(815301076,1909f56bfc062723c751e8b465ee728b)
Start importing Assets/Brick Project Studio/Apartment Kit/_Prefabs/Furniture/Wine Cabinet/BarCabinet_Apt_02_Filled.prefab using Guid(d17c15e72c29a9f49879ff3b971bd44c) Importer(815301076,1909f56bfc062723c751e8b465ee728b) [PhysX] Initialized MultithreadedTaskDispatcher with 16 workers.
[PhysX] Initialized MultithreadedTaskDispatcher with 16 workers.
 -> (artifact id: '0412423877e1fffe6eae38258dc654b6') in 0.049256 seconds
Number of updated asset objects reloaded before import = 0
Number of asset objects unloaded after import = 905
========================================================================
Received Import Request.
  Time since last request: 0.000031 seconds.
  path: Assets/Brick Project Studio/Apartment Kit/_Prefabs/Furniture/Wine Cabinet/BarCabinet_Apt_04_Filled.prefab
  artifactKey: Guid(2e2398df6726e164fb29cbffecf878a0) Importer(815301076,1909f56bfc062723c751e8b465ee728b)
Start importing Assets/Brick Project Studio/Apartment Kit/_Prefabs/Furniture/Wine Cabinet/BarCabinet_Apt_04_Filled.prefab using Guid(2e2398df6726e164fb29cbffecf878a0) Importer(815301076,1909f56bfc062723c751e8b465ee728b) [PhysX] Initialized MultithreadedTaskDispatcher with 16 workers.
[PhysX] Initialized MultithreadedTaskDispatcher with 16 workers.
 -> (artifact id: '77f553bed6c8708641f404949b5484e8') in 0.043182 seconds
Number of updated asset objects reloaded before import = 0
Number of asset objects unloaded after import = 219
========================================================================
Received Import Request.
  Time since last request: 40.327705 seconds.
  path: Assets/Brick Project Studio/Apartment Kit/_Prefabs/Furniture/Wine Cabinet/BarCabinet_Apt_02_Center.prefab
  artifactKey: Guid(8915be8858dae144eb1415e1fada3eda) Importer(815301076,1909f56bfc062723c751e8b465ee728b)
Start importing Assets/Brick Project Studio/Apartment Kit/_Prefabs/Furniture/Wine Cabinet/BarCabinet_Apt_02_Center.prefab using Guid(8915be8858dae144eb1415e1fada3eda) Importer(815301076,1909f56bfc062723c751e8b465ee728b) [PhysX] Initialized MultithreadedTaskDispatcher with 16 workers.
[PhysX] Initialized MultithreadedTaskDispatcher with 16 workers.
 -> (artifact id: 'a3a4e66dff0110b1e149faee5a4ae2e6') in 0.024771 seconds
Number of updated asset objects reloaded before import = 0
Number of asset objects unloaded after import = 72
========================================================================
Received Import Request.
  Time since last request: 0.000024 seconds.
  path: Assets/Brick Project Studio/Apartment Kit/_Prefabs/Furniture/Wine Cabinet/BarCabinet_Apt_02_Filled.prefab
  artifactKey: Guid(d17c15e72c29a9f49879ff3b971bd44c) Importer(815301076,1909f56bfc062723c751e8b465ee728b)
Start importing Assets/Brick Project Studio/Apartment Kit/_Prefabs/Furniture/Wine Cabinet/BarCabinet_Apt_02_Filled.prefab using Guid(d17c15e72c29a9f49879ff3b971bd44c) Importer(815301076,1909f56bfc062723c751e8b465ee728b) [PhysX] Initialized MultithreadedTaskDispatcher with 16 workers.
[PhysX] Initialized MultithreadedTaskDispatcher with 16 workers.
 -> (artifact id: 'ebbbd4ce0fbf68725674143aaaf01a82') in 0.050386 seconds
Number of updated asset objects reloaded before import = 0
Number of asset objects unloaded after import = 905
Editor requested this worker to shutdown with reason: Scaling down because of idle timeout
TcpMessagingSession - receive error: operation aborted. errorcode: 995, details: The I/O operation has been aborted because of either a thread exit or an application request.
AssetImportWorker is now disconnected from the server
Process exiting
Exiting without the bug reporter. Application will terminate with return code 0