Using pre-set license
Built from '2022.3/respin/2022.3.62f2-4af31df585-v2' branch; Version is '2022.3.62f2 (7670c08855a9) revision 7762112'; Using compiler version '192829333'; Build Type 'Release'
OS: 'Windows 11  (10.0.26100) 64bit Core' Language: 'en' Physical Memory: 32654 MB
BatchMode: 1, IsHumanControllingUs: 0, StartBugReporterOnCrash: 0, Is64bit: 1, IsPro: 1

COMMAND LINE ARGUMENTS:
C:\Program Files\Unity\Hub\Editor\2022.3.62f2\Editor\Unity.exe
-adb2
-batchMode
-noUpm
-name
AssetImportWorker22
-projectPath
C:/Users/ady/Documents/GitHub/VR-Close-Quarters-Battle-Trainer-Honours
-logFile
Logs/AssetImportWorker22.log
-srvPort
57578
Successfully changed project path to: C:/Users/ady/Documents/GitHub/VR-Close-Quarters-Battle-Trainer-Honours
C:/Users/ady/Documents/GitHub/VR-Close-Quarters-Battle-Trainer-Honours
[UnityMemory] Configuration Parameters - Can be set up in boot.config
    "memorysetup-bucket-allocator-granularity=16"
    "memorysetup-bucket-allocator-bucket-count=8"
    "memorysetup-bucket-allocator-block-size=33554432"
    "memorysetup-bucket-allocator-block-count=8"
    "memorysetup-main-allocator-block-size=16777216"
    "memorysetup-thread-allocator-block-size=16777216"
    "memorysetup-gfx-main-allocator-block-size=16777216"
    "memorysetup-gfx-thread-allocator-block-size=16777216"
    "memorysetup-cache-allocator-block-size=4194304"
    "memorysetup-typetree-allocator-block-size=2097152"
    "memorysetup-profiler-bucket-allocator-granularity=16"
    "memorysetup-profiler-bucket-allocator-bucket-count=8"
    "memorysetup-profiler-bucket-allocator-block-size=33554432"
    "memorysetup-profiler-bucket-allocator-block-count=8"
    "memorysetup-profiler-allocator-block-size=16777216"
    "memorysetup-profiler-editor-allocator-block-size=1048576"
    "memorysetup-temp-allocator-size-main=16777216"
    "memorysetup-job-temp-allocator-block-size=2097152"
    "memorysetup-job-temp-allocator-block-size-background=1048576"
    "memorysetup-job-temp-allocator-reduction-small-platforms=262144"
    "memorysetup-allocator-temp-initial-block-size-main=262144"
    "memorysetup-allocator-temp-initial-block-size-worker=262144"
    "memorysetup-temp-allocator-size-background-worker=32768"
    "memorysetup-temp-allocator-size-job-worker=262144"
    "memorysetup-temp-allocator-size-preload-manager=33554432"
    "memorysetup-temp-allocator-size-nav-mesh-worker=65536"
    "memorysetup-temp-allocator-size-audio-worker=65536"
    "memorysetup-temp-allocator-size-cloud-worker=32768"
    "memorysetup-temp-allocator-size-gi-baking-worker=262144"
    "memorysetup-temp-allocator-size-gfx=262144"
Player connection [28924]  Target information:

Player connection [28924]  * "[IP] 192.168.1.207 [Port] 0 [Flags] 2 [Guid] 2571282589 [EditorId] 2571282589 [Version] 1048832 [Id] WindowsEditor(7,DESKTOP-IAST724) [Debug] 1 [PackageName] WindowsEditor [ProjectName] Editor" 

Player connection [28924] Host joined multi-casting on [225.0.0.222:54997]...
Player connection [28924] Host joined alternative multi-casting on [225.0.0.222:34997]...
Input System module state changed to: Initialized.
[PhysX] Initialized MultithreadedTaskDispatcher with 16 workers.
Refreshing native plugins compatible for Editor in 35.22 ms, found 9 plugins.
Preloading 0 native plugins for Editor in 0.00 ms.
Initialize engine version: 2022.3.62f2 (7670c08855a9)
[Subsystems] Discovering subsystems at path C:/Program Files/Unity/Hub/Editor/2022.3.62f2/Editor/Data/Resources/UnitySubsystems
[Subsystems] Discovering subsystems at path C:/Users/ady/Documents/GitHub/VR-Close-Quarters-Battle-Trainer-Honours/Assets
GfxDevice: creating device client; threaded=0; jobified=0
Direct3D:
    Version:  Direct3D 11.0 [level 11.1]
    Renderer: NVIDIA GeForce RTX 4070 (ID=0x2786)
    Vendor:   NVIDIA
    VRAM:     12012 MB
    Driver:   32.0.15.8180
Initialize mono
Mono path[0] = 'C:/Program Files/Unity/Hub/Editor/2022.3.62f2/Editor/Data/Managed'
Mono path[1] = 'C:/Program Files/Unity/Hub/Editor/2022.3.62f2/Editor/Data/MonoBleedingEdge/lib/mono/unityjit-win32'
Mono config path = 'C:/Program Files/Unity/Hub/Editor/2022.3.62f2/Editor/Data/MonoBleedingEdge/etc'
Using monoOptions --debugger-agent=transport=dt_socket,embedding=1,server=y,suspend=n,address=127.0.0.1:56828
Begin MonoManager ReloadAssembly
Registering precompiled unity dll's ...
Register platform support module: C:/Program Files/Unity/Hub/Editor/2022.3.62f2/Editor/Data/PlaybackEngines/WindowsStandaloneSupport/UnityEditor.WindowsStandalone.Extensions.dll
Registered in 0.008382 seconds.
- Loaded All Assemblies, in  0.464 seconds
Native extension for WindowsStandalone target not found
Mono: successfully reloaded assembly
- Finished resetting the current domain, in  0.324 seconds
Domain Reload Profiling: 785ms
	BeginReloadAssembly (136ms)
		ExecutionOrderSort (0ms)
		DisableScriptedObjects (0ms)
		BackupInstance (0ms)
		ReleaseScriptingObjects (0ms)
		CreateAndSetChildDomain (1ms)
	RebuildCommonClasses (47ms)
	RebuildNativeTypeToScriptingClass (9ms)
	initialDomainReloadingComplete (69ms)
	LoadAllAssembliesAndSetupDomain (200ms)
		LoadAssemblies (132ms)
		RebuildTransferFunctionScriptingTraits (0ms)
		AnalyzeDomain (198ms)
			TypeCache.Refresh (196ms)
				TypeCache.ScanAssembly (163ms)
			ScanForSourceGeneratedMonoScriptInfo (1ms)
			ResolveRequiredComponents (1ms)
	FinalizeReload (324ms)
		ReleaseScriptCaches (0ms)
		RebuildScriptCaches (0ms)
		SetupLoadedEditorAssemblies (264ms)
			LogAssemblyErrors (0ms)
			InitializePlatformSupportModulesInManaged (12ms)
			SetLoadedEditorAssemblies (10ms)
			RefreshPlugins (0ms)
			BeforeProcessingInitializeOnLoad (3ms)
			ProcessInitializeOnLoadAttributes (179ms)
			ProcessInitializeOnLoadMethodAttributes (60ms)
			AfterProcessingInitializeOnLoad (0ms)
			EditorAssembliesLoaded (0ms)
		ExecutionOrderSort2 (0ms)
		AwakeInstancesAfterBackupRestoration (0ms)
========================================================================
Worker process is ready to serve import requests
Caller must complete domain reload
Begin MonoManager ReloadAssembly
- Loaded All Assemblies, in  1.093 seconds
Native extension for WindowsStandalone target not found
Mono: successfully reloaded assembly
Package Manager log level set to [2]
[Package Manager] Server::EnsureServerProcessIsRunning -- launch failed, reason: Unity was launched with the -noUpm command-line argument
[Package Manager] UpmClient::Send -- Unable to send message (not connected to UPM process).
[Package Manager] Cannot connect to Unity Package Manager local server
[Package Manager] Server::EnsureServerProcessIsRunning -- launch failed, reason: Unity was launched with the -noUpm command-line argument
[Package Manager] UpmClient::Send -- Unable to send message (not connected to UPM process).
[Package Manager] Cannot connect to Unity Package Manager local server
- Finished resetting the current domain, in  1.114 seconds
Domain Reload Profiling: 2198ms
	BeginReloadAssembly (217ms)
		ExecutionOrderSort (0ms)
		DisableScriptedObjects (8ms)
		BackupInstance (0ms)
		ReleaseScriptingObjects (0ms)
		CreateAndSetChildDomain (32ms)
	RebuildCommonClasses (54ms)
	RebuildNativeTypeToScriptingClass (15ms)
	initialDomainReloadingComplete (67ms)
	LoadAllAssembliesAndSetupDomain (731ms)
		LoadAssemblies (494ms)
		RebuildTransferFunctionScriptingTraits (0ms)
		AnalyzeDomain (364ms)
			TypeCache.Refresh (299ms)
				TypeCache.ScanAssembly (246ms)
			ScanForSourceGeneratedMonoScriptInfo (44ms)
			ResolveRequiredComponents (19ms)
	FinalizeReload (1114ms)
		ReleaseScriptCaches (0ms)
		RebuildScriptCaches (0ms)
		SetupLoadedEditorAssemblies (883ms)
			LogAssemblyErrors (0ms)
			InitializePlatformSupportModulesInManaged (9ms)
			SetLoadedEditorAssemblies (5ms)
			RefreshPlugins (0ms)
			BeforeProcessingInitializeOnLoad (136ms)
			ProcessInitializeOnLoadAttributes (538ms)
			ProcessInitializeOnLoadMethodAttributes (181ms)
			AfterProcessingInitializeOnLoad (14ms)
			EditorAssembliesLoaded (0ms)
		ExecutionOrderSort2 (0ms)
		AwakeInstancesAfterBackupRestoration (9ms)
Launched and connected shader compiler UnityShaderCompiler.exe after 0.08 seconds
Refreshing native plugins compatible for Editor in 23.80 ms, found 9 plugins.
Preloading 0 native plugins for Editor in 0.00 ms.
Unloading 6340 Unused Serialized files (Serialized files now loaded: 0)
Unloading 73 unused Assets / (373.2 KB). Loaded Objects now: 6803.
Memory consumption went from 238.0 MB to 237.6 MB.
Total: 16.979300 ms (FindLiveObjects: 1.349800 ms CreateObjectMapping: 4.822800 ms MarkObjects: 10.429100 ms  DeleteObjects: 0.376600 ms)

AssetImportParameters requested are different than current active one (requested -> active):
  custom:container-demuxer-ogg: 62fdf1f143b41e24485cea50d1cbac27 -> 
  custom:framework-win-MediaFoundation: 216162199b28c13a410421893ffa2e32 -> 
  custom:container-muxer-webm: aa71ff27fc2769a1b78a27578f13a17b -> 
  custom:video-decoder-webm-vp8: 9c59270c3fd7afecdb556c50c9e8de78 -> 
  custom:SearchIndexIgnoredProperties: e643bd26f0fe6173181afceb89e7c659 -> 
  custom:AudioImporter_EditorPlatform: d09bf68614088b80899f8185d706f6e7 -> 
  custom:audio-decoder-ogg-vorbis: bf7c407c2cedff20999df2af8eb42d56 -> 
  custom:audio-encoder-webm-vorbis: bf7c407c2cedff20999df2af8eb42d56 -> 
  custom:video-codec-MediaFoundation-h265: 746d11721c4dcdbdad8f713fa42b33f4 -> 
  custom:video-decoder-ogg-theora: a1e56fd34408186e4bbccfd4996cb3dc -> 
  custom:CustomObjectIndexerAttribute: 72b91833f83ae208fae7752999fa3104 -> 
  custom:container-demuxer-webm: 4f35f7cbe854078d1ac9338744f61a02 -> 
  custom:video-encoder-webm-vp8: eb34c28f22e8b96e1ab97ce403110664 -> 
========================================================================
Received Import Request.
  Time since last request: 36826.585101 seconds.
  path: Assets/Brick Project Studio/Apartment Kit/_Prefabs/Furniture/Kitchen/Cabinets/Cabinet_Tall_DD_01.prefab
  artifactKey: Guid(48e9669af95ae5746aa4ad24d893f391) Importer(815301076,1909f56bfc062723c751e8b465ee728b)
Start importing Assets/Brick Project Studio/Apartment Kit/_Prefabs/Furniture/Kitchen/Cabinets/Cabinet_Tall_DD_01.prefab using Guid(48e9669af95ae5746aa4ad24d893f391) Importer(815301076,1909f56bfc062723c751e8b465ee728b) [PhysX] Initialized MultithreadedTaskDispatcher with 16 workers.
[PhysX] Initialized MultithreadedTaskDispatcher with 16 workers.
 -> (artifact id: '97eb741ff5f158b69786e30c774f4cdc') in 0.404473 seconds
Number of updated asset objects reloaded before import = 0
Number of asset objects unloaded after import = 75
========================================================================
Received Import Request.
  Time since last request: 3.309053 seconds.
  path: Assets/_Course Library/_Prefabs/Objects/Electronics/Camera.prefab
  artifactKey: Guid(ae789ad601c1b51489889f8e89d55e4d) Importer(815301076,1909f56bfc062723c751e8b465ee728b)
Start importing Assets/_Course Library/_Prefabs/Objects/Electronics/Camera.prefab using Guid(ae789ad601c1b51489889f8e89d55e4d) Importer(815301076,1909f56bfc062723c751e8b465ee728b) [PhysX] Initialized MultithreadedTaskDispatcher with 16 workers.
[PhysX] Initialized MultithreadedTaskDispatcher with 16 workers.
 -> (artifact id: '79f3aed8f59ab654d410f9246150d501') in 0.029671 seconds
Number of updated asset objects reloaded before import = 0
Number of asset objects unloaded after import = 22
========================================================================
Received Import Request.
  Time since last request: 15.750622 seconds.
  path: Assets/_Course Library/_Prefabs/Lighting/Chandelier_Rustic.prefab
  artifactKey: Guid(eb39e0724dfebcf41b75eeb6574fffef) Importer(815301076,1909f56bfc062723c751e8b465ee728b)
Start importing Assets/_Course Library/_Prefabs/Lighting/Chandelier_Rustic.prefab using Guid(eb39e0724dfebcf41b75eeb6574fffef) Importer(815301076,1909f56bfc062723c751e8b465ee728b) [PhysX] Initialized MultithreadedTaskDispatcher with 16 workers.
[PhysX] Initialized MultithreadedTaskDispatcher with 16 workers.
 -> (artifact id: 'd3b2d32f4a862a1be68ad670d05ca083') in 0.039522 seconds
Number of updated asset objects reloaded before import = 0
Number of asset objects unloaded after import = 41
========================================================================
Received Import Request.
  Time since last request: 0.000023 seconds.
  path: Assets/_Course Library/_Prefabs/Storage/Chest_Traditional.prefab
  artifactKey: Guid(8197e8d854c12244184c7c0f390c00dc) Importer(815301076,1909f56bfc062723c751e8b465ee728b)
Start importing Assets/_Course Library/_Prefabs/Storage/Chest_Traditional.prefab using Guid(8197e8d854c12244184c7c0f390c00dc) Importer(815301076,1909f56bfc062723c751e8b465ee728b) [PhysX] Initialized MultithreadedTaskDispatcher with 16 workers.
[PhysX] Initialized MultithreadedTaskDispatcher with 16 workers.
 -> (artifact id: '240f9bce411ccda9ba4baf654f93a46b') in 0.021917 seconds
Number of updated asset objects reloaded before import = 0
Number of asset objects unloaded after import = 28
========================================================================
Received Import Request.
  Time since last request: 0.000018 seconds.
  path: Assets/_Course Library/_Prefabs/Storage/Chest_Modern_Light.prefab
  artifactKey: Guid(38340d4a0ac59e14dba87194143b1881) Importer(815301076,1909f56bfc062723c751e8b465ee728b)
Start importing Assets/_Course Library/_Prefabs/Storage/Chest_Modern_Light.prefab using Guid(38340d4a0ac59e14dba87194143b1881) Importer(815301076,1909f56bfc062723c751e8b465ee728b) [PhysX] Initialized MultithreadedTaskDispatcher with 16 workers.
[PhysX] Initialized MultithreadedTaskDispatcher with 16 workers.
 -> (artifact id: '8ca372e29c3e0c8f56db5f219436e22b') in 0.021118 seconds
Number of updated asset objects reloaded before import = 0
Number of asset objects unloaded after import = 28
========================================================================
Received Import Request.
  Time since last request: 0.183097 seconds.
  path: Assets/_Course Library/_Prefabs/Objects/Electronics/Clock_Analog_Black.prefab
  artifactKey: Guid(278cd79b6d0575544a70c9035c7a440e) Importer(815301076,1909f56bfc062723c751e8b465ee728b)
Start importing Assets/_Course Library/_Prefabs/Objects/Electronics/Clock_Analog_Black.prefab using Guid(278cd79b6d0575544a70c9035c7a440e) Importer(815301076,1909f56bfc062723c751e8b465ee728b) [PhysX] Initialized MultithreadedTaskDispatcher with 16 workers.
[PhysX] Initialized MultithreadedTaskDispatcher with 16 workers.
 -> (artifact id: '126bfe1dabf9c3d6adf0b74465e3e7de') in 0.029302 seconds
Number of updated asset objects reloaded before import = 0
Number of asset objects unloaded after import = 31
========================================================================
Received Import Request.
  Time since last request: 0.000019 seconds.
  path: Assets/_Course Library/_Prefabs/Controls/Control_Button_Pause.prefab
  artifactKey: Guid(f23518a35037252409252c1ade394e8a) Importer(815301076,1909f56bfc062723c751e8b465ee728b)
Start importing Assets/_Course Library/_Prefabs/Controls/Control_Button_Pause.prefab using Guid(f23518a35037252409252c1ade394e8a) Importer(815301076,1909f56bfc062723c751e8b465ee728b) [PhysX] Initialized MultithreadedTaskDispatcher with 16 workers.
[PhysX] Initialized MultithreadedTaskDispatcher with 16 workers.
 -> (artifact id: 'e02cfe6f7aaac9ecf5ca7f6d4175fde3') in 0.030647 seconds
Number of updated asset objects reloaded before import = 0
Number of asset objects unloaded after import = 14
========================================================================
Received Import Request.
  Time since last request: 0.000023 seconds.
  path: Assets/_Course Library/_Prefabs/Objects/Containers/Container_Bottle_Blue.prefab
  artifactKey: Guid(dc9d604fc9e605b4287415291cda0eb5) Importer(815301076,1909f56bfc062723c751e8b465ee728b)
Start importing Assets/_Course Library/_Prefabs/Objects/Containers/Container_Bottle_Blue.prefab using Guid(dc9d604fc9e605b4287415291cda0eb5) Importer(815301076,1909f56bfc062723c751e8b465ee728b) [PhysX] Initialized MultithreadedTaskDispatcher with 16 workers.
[PhysX] Initialized MultithreadedTaskDispatcher with 16 workers.
 -> (artifact id: '0617f4a5d10ceaf3971a93e255beedfb') in 0.018158 seconds
Number of updated asset objects reloaded before import = 0
Number of asset objects unloaded after import = 23
========================================================================
Received Import Request.
  Time since last request: 0.000028 seconds.
  path: Assets/_Course Library/_Prefabs/Objects/Containers/Container_Can_Green.prefab
  artifactKey: Guid(f0ca908a1dfeb7740bc66ef5c09b281e) Importer(815301076,1909f56bfc062723c751e8b465ee728b)
Start importing Assets/_Course Library/_Prefabs/Objects/Containers/Container_Can_Green.prefab using Guid(f0ca908a1dfeb7740bc66ef5c09b281e) Importer(815301076,1909f56bfc062723c751e8b465ee728b) [PhysX] Initialized MultithreadedTaskDispatcher with 16 workers.
[PhysX] Initialized MultithreadedTaskDispatcher with 16 workers.
 -> (artifact id: 'a9e3dd05455713c0819746984a41a691') in 0.015393 seconds
Number of updated asset objects reloaded before import = 0
Number of asset objects unloaded after import = 27
========================================================================
Received Import Request.
  Time since last request: 24.292768 seconds.
  path: Assets/_Course Library/_Prefabs/Controls/Control_Knob.prefab
  artifactKey: Guid(704ff36a9c354164f8eab01deabb38ae) Importer(815301076,1909f56bfc062723c751e8b465ee728b)
Start importing Assets/_Course Library/_Prefabs/Controls/Control_Knob.prefab using Guid(704ff36a9c354164f8eab01deabb38ae) Importer(815301076,1909f56bfc062723c751e8b465ee728b) [PhysX] Initialized MultithreadedTaskDispatcher with 16 workers.
[PhysX] Initialized MultithreadedTaskDispatcher with 16 workers.
 -> (artifact id: 'b77f9234969442c66489e499e10c2b0a') in 0.015567 seconds
Number of updated asset objects reloaded before import = 0
Number of asset objects unloaded after import = 14
========================================================================
Received Import Request.
  Time since last request: 0.000022 seconds.
  path: Assets/_Course Library/_Prefabs/Seating/Couch_Rustic_Purple.prefab
  artifactKey: Guid(b70d9d61de2878e4aaba4d25b4a4822d) Importer(815301076,1909f56bfc062723c751e8b465ee728b)
Start importing Assets/_Course Library/_Prefabs/Seating/Couch_Rustic_Purple.prefab using Guid(b70d9d61de2878e4aaba4d25b4a4822d) Importer(815301076,1909f56bfc062723c751e8b465ee728b) [PhysX] Initialized MultithreadedTaskDispatcher with 16 workers.
[PhysX] Initialized MultithreadedTaskDispatcher with 16 workers.
 -> (artifact id: 'e8cde8ae0fc9aa4d0d6013a7f64f5ea9') in 0.017532 seconds
Number of updated asset objects reloaded before import = 0
Number of asset objects unloaded after import = 37
========================================================================
Received Import Request.
  Time since last request: 0.000022 seconds.
  path: Assets/_Course Library/_Prefabs/Objects/Sports/Cricket_Bat_Blue.prefab
  artifactKey: Guid(7a54361820b3f824fb39245cfe88d864) Importer(815301076,1909f56bfc062723c751e8b465ee728b)
Start importing Assets/_Course Library/_Prefabs/Objects/Sports/Cricket_Bat_Blue.prefab using Guid(7a54361820b3f824fb39245cfe88d864) Importer(815301076,1909f56bfc062723c751e8b465ee728b) [PhysX] Initialized MultithreadedTaskDispatcher with 16 workers.
[PhysX] Initialized MultithreadedTaskDispatcher with 16 workers.
 -> (artifact id: '222d7048fcd7b3942b6415a2d13ac24e') in 0.016108 seconds
Number of updated asset objects reloaded before import = 0
Number of asset objects unloaded after import = 14
========================================================================
Received Import Request.
  Time since last request: 0.000022 seconds.
  path: Assets/_Course Library/_Prefabs/Objects/Sports/Cricket_Ball.prefab
  artifactKey: Guid(ae72161d792f2c34aa80fa96e5450d2f) Importer(815301076,1909f56bfc062723c751e8b465ee728b)
Start importing Assets/_Course Library/_Prefabs/Objects/Sports/Cricket_Ball.prefab using Guid(ae72161d792f2c34aa80fa96e5450d2f) Importer(815301076,1909f56bfc062723c751e8b465ee728b) [PhysX] Initialized MultithreadedTaskDispatcher with 16 workers.
[PhysX] Initialized MultithreadedTaskDispatcher with 16 workers.
 -> (artifact id: '5d042525531e89ce000ebb67dd01a8c7') in 0.020238 seconds
Number of updated asset objects reloaded before import = 0
Number of asset objects unloaded after import = 14
========================================================================
Received Import Request.
  Time since last request: 29.002080 seconds.
  path: Assets/Challenges/02_3DPainting/Prefabs/Cube.prefab
  artifactKey: Guid(d5ce24e5a4b7c204f91c5fcf332df0e0) Importer(815301076,1909f56bfc062723c751e8b465ee728b)
Start importing Assets/Challenges/02_3DPainting/Prefabs/Cube.prefab using Guid(d5ce24e5a4b7c204f91c5fcf332df0e0) Importer(815301076,1909f56bfc062723c751e8b465ee728b) [PhysX] Initialized MultithreadedTaskDispatcher with 16 workers.
[PhysX] Initialized MultithreadedTaskDispatcher with 16 workers.
 -> (artifact id: '03210ecedcff29caa1e9f5251562f42c') in 0.013813 seconds
Number of updated asset objects reloaded before import = 0
Number of asset objects unloaded after import = 12
========================================================================
Received Import Request.
  Time since last request: 7.705049 seconds.
  path: Assets/Samples/XR Interaction Toolkit/2.6.5/Starter Assets/Prefabs/Teleport/Directional Teleport Reticle.prefab
  artifactKey: Guid(893219773891c784ab469a39151879b4) Importer(815301076,1909f56bfc062723c751e8b465ee728b)
Start importing Assets/Samples/XR Interaction Toolkit/2.6.5/Starter Assets/Prefabs/Teleport/Directional Teleport Reticle.prefab using Guid(893219773891c784ab469a39151879b4) Importer(815301076,1909f56bfc062723c751e8b465ee728b) [PhysX] Initialized MultithreadedTaskDispatcher with 16 workers.
[PhysX] Initialized MultithreadedTaskDispatcher with 16 workers.
 -> (artifact id: 'cd10d042b7b0f935c7ba9768fc4106c5') in 0.018777 seconds
Number of updated asset objects reloaded before import = 0
Number of asset objects unloaded after import = 32
========================================================================
Received Import Request.
  Time since last request: 2.426727 seconds.
  path: Assets/Free Wood Door Pack/Prefab/Wood/Door_8/Door_8_Milk.prefab
  artifactKey: Guid(6dbf7837556bd9c40b3286134b17a930) Importer(815301076,1909f56bfc062723c751e8b465ee728b)
Start importing Assets/Free Wood Door Pack/Prefab/Wood/Door_8/Door_8_Milk.prefab using Guid(6dbf7837556bd9c40b3286134b17a930) Importer(815301076,1909f56bfc062723c751e8b465ee728b) [PhysX] Initialized MultithreadedTaskDispatcher with 16 workers.
[PhysX] Initialized MultithreadedTaskDispatcher with 16 workers.
 -> (artifact id: 'e814f131ad0b86036642c257c2556862') in 0.075629 seconds
Number of updated asset objects reloaded before import = 0
Number of asset objects unloaded after import = 38
========================================================================
Received Import Request.
  Time since last request: 0.328563 seconds.
  path: Assets/Free Wood Door Pack/Prefab/Wood/Door_9/Door_9_Brown.prefab
  artifactKey: Guid(4c47b2772192b874f9e89c1f6a239493) Importer(815301076,1909f56bfc062723c751e8b465ee728b)
Start importing Assets/Free Wood Door Pack/Prefab/Wood/Door_9/Door_9_Brown.prefab using Guid(4c47b2772192b874f9e89c1f6a239493) Importer(815301076,1909f56bfc062723c751e8b465ee728b) [PhysX] Initialized MultithreadedTaskDispatcher with 16 workers.
[PhysX] Initialized MultithreadedTaskDispatcher with 16 workers.
 -> (artifact id: '07d2317f0e32ee8cb7c2d3348922e3a0') in 0.048568 seconds
Number of updated asset objects reloaded before import = 0
Number of asset objects unloaded after import = 36
========================================================================
Received Import Request.
  Time since last request: 0.000025 seconds.
  path: Assets/Free Wood Door Pack/Prefab/Wood/Door_11/Door_11_Milk.prefab
  artifactKey: Guid(44921e7d1bcb4ec45ab64183de0f0dce) Importer(815301076,1909f56bfc062723c751e8b465ee728b)
Start importing Assets/Free Wood Door Pack/Prefab/Wood/Door_11/Door_11_Milk.prefab using Guid(44921e7d1bcb4ec45ab64183de0f0dce) Importer(815301076,1909f56bfc062723c751e8b465ee728b) [PhysX] Initialized MultithreadedTaskDispatcher with 16 workers.
[PhysX] Initialized MultithreadedTaskDispatcher with 16 workers.
 -> (artifact id: '827b601d498f0da6d90aa31b201d6f4c') in 0.053731 seconds
Number of updated asset objects reloaded before import = 0
Number of asset objects unloaded after import = 38
========================================================================
Received Import Request.
  Time since last request: 0.000023 seconds.
  path: Assets/Free Wood Door Pack/Prefab/Wood/Door_12/Door_12_Brown.prefab
  artifactKey: Guid(3b38762643fbae448938343bd7beb56d) Importer(815301076,1909f56bfc062723c751e8b465ee728b)
Start importing Assets/Free Wood Door Pack/Prefab/Wood/Door_12/Door_12_Brown.prefab using Guid(3b38762643fbae448938343bd7beb56d) Importer(815301076,1909f56bfc062723c751e8b465ee728b) [PhysX] Initialized MultithreadedTaskDispatcher with 16 workers.
[PhysX] Initialized MultithreadedTaskDispatcher with 16 workers.
 -> (artifact id: '47873e94a602aa0d0788d4324013e0fc') in 0.058435 seconds
Number of updated asset objects reloaded before import = 0
Number of asset objects unloaded after import = 38
========================================================================
Received Import Request.
  Time since last request: 0.000031 seconds.
  path: Assets/Free Wood Door Pack/Prefab/Wood/Door_11/Door_11_Brown.prefab
  artifactKey: Guid(38b5d739ceb5c2348825a8b615719754) Importer(815301076,1909f56bfc062723c751e8b465ee728b)
Start importing Assets/Free Wood Door Pack/Prefab/Wood/Door_11/Door_11_Brown.prefab using Guid(38b5d739ceb5c2348825a8b615719754) Importer(815301076,1909f56bfc062723c751e8b465ee728b) [PhysX] Initialized MultithreadedTaskDispatcher with 16 workers.
[PhysX] Initialized MultithreadedTaskDispatcher with 16 workers.
 -> (artifact id: '553c6e9fe8e8bae7551349d18ef63722') in 0.042035 seconds
Number of updated asset objects reloaded before import = 0
Number of asset objects unloaded after import = 38
========================================================================
Received Import Request.
  Time since last request: 0.000022 seconds.
  path: Assets/Free Wood Door Pack/Prefab/Wood/Door_12/Door_12_Milk.prefab
  artifactKey: Guid(3a79436fea580ba40b4dc01ce9c963a1) Importer(815301076,1909f56bfc062723c751e8b465ee728b)
Start importing Assets/Free Wood Door Pack/Prefab/Wood/Door_12/Door_12_Milk.prefab using Guid(3a79436fea580ba40b4dc01ce9c963a1) Importer(815301076,1909f56bfc062723c751e8b465ee728b) [PhysX] Initialized MultithreadedTaskDispatcher with 16 workers.
[PhysX] Initialized MultithreadedTaskDispatcher with 16 workers.
 -> (artifact id: 'a916fa988e55972c5d2d9b49efec8f31') in 0.041336 seconds
Number of updated asset objects reloaded before import = 0
Number of asset objects unloaded after import = 38
========================================================================
Received Import Request.
  Time since last request: 0.000022 seconds.
  path: Assets/Free Wood Door Pack/Prefab/Wood/Door_14/Door_14_Black.prefab
  artifactKey: Guid(6cfb2f34469a9214baa637a41fe00913) Importer(815301076,1909f56bfc062723c751e8b465ee728b)
Start importing Assets/Free Wood Door Pack/Prefab/Wood/Door_14/Door_14_Black.prefab using Guid(6cfb2f34469a9214baa637a41fe00913) Importer(815301076,1909f56bfc062723c751e8b465ee728b) [PhysX] Initialized MultithreadedTaskDispatcher with 16 workers.
[PhysX] Initialized MultithreadedTaskDispatcher with 16 workers.
 -> (artifact id: '00c1b7a82987d49cb35b05d523f16617') in 0.040508 seconds
Number of updated asset objects reloaded before import = 0
Number of asset objects unloaded after import = 38
========================================================================
Received Import Request.
  Time since last request: 0.000023 seconds.
  path: Assets/Free Wood Door Pack/Prefab/Wood/Door_10/Door_10_Milk.prefab
  artifactKey: Guid(fd6733b8707ed3e44b5e4a42c4afface) Importer(815301076,1909f56bfc062723c751e8b465ee728b)
Start importing Assets/Free Wood Door Pack/Prefab/Wood/Door_10/Door_10_Milk.prefab using Guid(fd6733b8707ed3e44b5e4a42c4afface) Importer(815301076,1909f56bfc062723c751e8b465ee728b) [PhysX] Initialized MultithreadedTaskDispatcher with 16 workers.
[PhysX] Initialized MultithreadedTaskDispatcher with 16 workers.
 -> (artifact id: '01f7e87b66ea62f975441c7d7bad48e1') in 0.042334 seconds
Number of updated asset objects reloaded before import = 0
Number of asset objects unloaded after import = 38
========================================================================
Received Import Request.
  Time since last request: 0.000024 seconds.
  path: Assets/Free Wood Door Pack/Prefab/Wood/Door_13/Door_13_Black.prefab
  artifactKey: Guid(4169c60f6686887469446f90351bb954) Importer(815301076,1909f56bfc062723c751e8b465ee728b)
Start importing Assets/Free Wood Door Pack/Prefab/Wood/Door_13/Door_13_Black.prefab using Guid(4169c60f6686887469446f90351bb954) Importer(815301076,1909f56bfc062723c751e8b465ee728b) [PhysX] Initialized MultithreadedTaskDispatcher with 16 workers.
[PhysX] Initialized MultithreadedTaskDispatcher with 16 workers.
 -> (artifact id: 'ff14dc92bb794faf80f6f397503fbeea') in 0.040880 seconds
Number of updated asset objects reloaded before import = 0
Number of asset objects unloaded after import = 38
========================================================================
Received Import Request.
  Time since last request: 0.042011 seconds.
  path: Assets/Free Wood Door Pack/Prefab/Wood/Door_14/Door_14_Milk.prefab
  artifactKey: Guid(4246bfcb6099dbb40a418d2849bff926) Importer(815301076,1909f56bfc062723c751e8b465ee728b)
Start importing Assets/Free Wood Door Pack/Prefab/Wood/Door_14/Door_14_Milk.prefab using Guid(4246bfcb6099dbb40a418d2849bff926) Importer(815301076,1909f56bfc062723c751e8b465ee728b) [PhysX] Initialized MultithreadedTaskDispatcher with 16 workers.
[PhysX] Initialized MultithreadedTaskDispatcher with 16 workers.
 -> (artifact id: '566143da7bc81343339916ad19c92319') in 0.041904 seconds
Number of updated asset objects reloaded before import = 0
Number of asset objects unloaded after import = 38
========================================================================
Received Import Request.
  Time since last request: 0.000020 seconds.
  path: Assets/Free Wood Door Pack/Prefab/Wood/Door_15/Door_15_Milk.prefab
  artifactKey: Guid(4ce9a573166ac53458cc2fd05f2802fb) Importer(815301076,1909f56bfc062723c751e8b465ee728b)
Start importing Assets/Free Wood Door Pack/Prefab/Wood/Door_15/Door_15_Milk.prefab using Guid(4ce9a573166ac53458cc2fd05f2802fb) Importer(815301076,1909f56bfc062723c751e8b465ee728b) [PhysX] Initialized MultithreadedTaskDispatcher with 16 workers.
[PhysX] Initialized MultithreadedTaskDispatcher with 16 workers.
 -> (artifact id: '80a2b601f0c5beb914fd2dd7c264e2c2') in 0.041063 seconds
Number of updated asset objects reloaded before import = 0
Number of asset objects unloaded after import = 38
========================================================================
Received Import Request.
  Time since last request: 0.000023 seconds.
  path: Assets/_Course Library/_Prefabs/Storage/Drawers_Modern_Light.prefab
  artifactKey: Guid(9d9f0464e931ebd48bf01c0ef3c09ba2) Importer(815301076,1909f56bfc062723c751e8b465ee728b)
Start importing Assets/_Course Library/_Prefabs/Storage/Drawers_Modern_Light.prefab using Guid(9d9f0464e931ebd48bf01c0ef3c09ba2) Importer(815301076,1909f56bfc062723c751e8b465ee728b) [PhysX] Initialized MultithreadedTaskDispatcher with 16 workers.
[PhysX] Initialized MultithreadedTaskDispatcher with 16 workers.
 -> (artifact id: 'ee53293bdba5ce9e12a18370a14453e8') in 0.019822 seconds
Number of updated asset objects reloaded before import = 0
Number of asset objects unloaded after import = 58
========================================================================
Received Import Request.
  Time since last request: 0.000021 seconds.
  path: Assets/Brick Project Studio/Apartment Kit/_Prefabs/Apt Build Kit/Exteriors/Ext_Apt_01/Ext_Apt_01_Roof_01.prefab
  artifactKey: Guid(44297ac12129a474d89e1b2eb6151936) Importer(815301076,1909f56bfc062723c751e8b465ee728b)
Start importing Assets/Brick Project Studio/Apartment Kit/_Prefabs/Apt Build Kit/Exteriors/Ext_Apt_01/Ext_Apt_01_Roof_01.prefab using Guid(44297ac12129a474d89e1b2eb6151936) Importer(815301076,1909f56bfc062723c751e8b465ee728b) [PhysX] Initialized MultithreadedTaskDispatcher with 16 workers.
[PhysX] Initialized MultithreadedTaskDispatcher with 16 workers.
 -> (artifact id: 'df288c1742ac0b9ff00b3b6b6350c77c') in 0.065413 seconds
Number of updated asset objects reloaded before import = 0
Number of asset objects unloaded after import = 15
========================================================================
Received Import Request.
  Time since last request: 0.000025 seconds.
  path: Assets/Brick Project Studio/Apartment Kit/_Prefabs/Apt Build Kit/Exteriors/Ext_Apt_01/Ext_Apt_01_Roof_03.prefab
  artifactKey: Guid(c544bc53359f3e941aed74ee827feff3) Importer(815301076,1909f56bfc062723c751e8b465ee728b)
Start importing Assets/Brick Project Studio/Apartment Kit/_Prefabs/Apt Build Kit/Exteriors/Ext_Apt_01/Ext_Apt_01_Roof_03.prefab using Guid(c544bc53359f3e941aed74ee827feff3) Importer(815301076,1909f56bfc062723c751e8b465ee728b) [PhysX] Initialized MultithreadedTaskDispatcher with 16 workers.
[PhysX] Initialized MultithreadedTaskDispatcher with 16 workers.
 -> (artifact id: '9827073909ad17b40abf9e0440749f5c') in 0.059667 seconds
Number of updated asset objects reloaded before import = 0
Number of asset objects unloaded after import = 15
========================================================================
Received Import Request.
  Time since last request: 0.000044 seconds.
  path: Assets/Brick Project Studio/Apartment Kit/_Prefabs/Apt Build Kit/Exteriors/Special/Ext_apt_01_02.prefab
  artifactKey: Guid(ec6a508d43c319f4e9a29995ea6c3489) Importer(815301076,1909f56bfc062723c751e8b465ee728b)
Start importing Assets/Brick Project Studio/Apartment Kit/_Prefabs/Apt Build Kit/Exteriors/Special/Ext_apt_01_02.prefab using Guid(ec6a508d43c319f4e9a29995ea6c3489) Importer(815301076,1909f56bfc062723c751e8b465ee728b) [PhysX] Initialized MultithreadedTaskDispatcher with 16 workers.
[PhysX] Initialized MultithreadedTaskDispatcher with 16 workers.
 -> (artifact id: 'd8a3c71838cad25a74bd89fa1dfb434d') in 0.021600 seconds
Number of updated asset objects reloaded before import = 0
Number of asset objects unloaded after import = 14
========================================================================
Received Import Request.
  Time since last request: 0.000019 seconds.
  path: Assets/Low Poly Weapons VOL.1/Prefabs/ELCAN.prefab
  artifactKey: Guid(75aeffeed5a736f46afbef3a42e93fab) Importer(815301076,1909f56bfc062723c751e8b465ee728b)
Start importing Assets/Low Poly Weapons VOL.1/Prefabs/ELCAN.prefab using Guid(75aeffeed5a736f46afbef3a42e93fab) Importer(815301076,1909f56bfc062723c751e8b465ee728b) [PhysX] Initialized MultithreadedTaskDispatcher with 16 workers.
[PhysX] Initialized MultithreadedTaskDispatcher with 16 workers.
 -> (artifact id: '2931aec0dd21cd0f61a84d5e9d45fa9d') in 0.019876 seconds
Number of updated asset objects reloaded before import = 0
Number of asset objects unloaded after import = 13
========================================================================
Received Import Request.
  Time since last request: 0.094880 seconds.
  path: Assets/Brick Project Studio/Apartment Kit/_Prefabs/Apt Build Kit/Exteriors/Ext_Apt_01/Ext_Apt_01_Roof_Edge_01.prefab
  artifactKey: Guid(6afcc4494dbad0147a4aec93839a9ad0) Importer(815301076,1909f56bfc062723c751e8b465ee728b)
Start importing Assets/Brick Project Studio/Apartment Kit/_Prefabs/Apt Build Kit/Exteriors/Ext_Apt_01/Ext_Apt_01_Roof_Edge_01.prefab using Guid(6afcc4494dbad0147a4aec93839a9ad0) Importer(815301076,1909f56bfc062723c751e8b465ee728b) [PhysX] Initialized MultithreadedTaskDispatcher with 16 workers.
[PhysX] Initialized MultithreadedTaskDispatcher with 16 workers.
 -> (artifact id: 'e5b4a916acdeeb1ed7dee5f04975b0e9') in 0.072744 seconds
Number of updated asset objects reloaded before import = 0
Number of asset objects unloaded after import = 15
========================================================================
Received Import Request.
  Time since last request: 0.000029 seconds.
  path: Assets/Brick Project Studio/_BPS Basic Assets/_Prefabs/Basic Asset/BA Build Kit/Exterior/Ext_BA_01_Pillar_1x1.prefab
  artifactKey: Guid(97bf517250a35a647b9b27c826cd3b71) Importer(815301076,1909f56bfc062723c751e8b465ee728b)
Start importing Assets/Brick Project Studio/_BPS Basic Assets/_Prefabs/Basic Asset/BA Build Kit/Exterior/Ext_BA_01_Pillar_1x1.prefab using Guid(97bf517250a35a647b9b27c826cd3b71) Importer(815301076,1909f56bfc062723c751e8b465ee728b) [PhysX] Initialized MultithreadedTaskDispatcher with 16 workers.
[PhysX] Initialized MultithreadedTaskDispatcher with 16 workers.
 -> (artifact id: '87bd1e70d7276b13eb34b58df808c4fe') in 0.037172 seconds
Number of updated asset objects reloaded before import = 0
Number of asset objects unloaded after import = 14
========================================================================
Received Import Request.
  Time since last request: 0.000036 seconds.
  path: Assets/Brick Project Studio/_BPS Basic Assets/_Prefabs/Basic Asset/BA Build Kit/Exterior/Ext_BA_01_Wall_01.prefab
  artifactKey: Guid(aec71fa5d6ab24744bbfb3afb66de766) Importer(815301076,1909f56bfc062723c751e8b465ee728b)
Start importing Assets/Brick Project Studio/_BPS Basic Assets/_Prefabs/Basic Asset/BA Build Kit/Exterior/Ext_BA_01_Wall_01.prefab using Guid(aec71fa5d6ab24744bbfb3afb66de766) Importer(815301076,1909f56bfc062723c751e8b465ee728b) [PhysX] Initialized MultithreadedTaskDispatcher with 16 workers.
[PhysX] Initialized MultithreadedTaskDispatcher with 16 workers.
 -> (artifact id: 'e77e346a71e823c086bd10e9c6419d22') in 0.035672 seconds
Number of updated asset objects reloaded before import = 0
Number of asset objects unloaded after import = 14
========================================================================
Received Import Request.
  Time since last request: 0.000043 seconds.
  path: Assets/_Course Library/_Prefabs/Fireplaces/Fireplace_Rustic.prefab
  artifactKey: Guid(9613f127c4654fd4ca17526faa6e34bb) Importer(815301076,1909f56bfc062723c751e8b465ee728b)
Start importing Assets/_Course Library/_Prefabs/Fireplaces/Fireplace_Rustic.prefab using Guid(9613f127c4654fd4ca17526faa6e34bb) Importer(815301076,1909f56bfc062723c751e8b465ee728b) [PhysX] Initialized MultithreadedTaskDispatcher with 16 workers.
[PhysX] Initialized MultithreadedTaskDispatcher with 16 workers.
 -> (artifact id: '88f16ab2b21dfd5429b5050ce802419b') in 0.193526 seconds
Number of updated asset objects reloaded before import = 0
Number of asset objects unloaded after import = 121
========================================================================
Received Import Request.
  Time since last request: 3.967254 seconds.
  path: Assets/Low Poly Weapons VOL.1/Prefabs/Flash.prefab
  artifactKey: Guid(c0f110e4459b675489b7db1e686d5bc3) Importer(815301076,1909f56bfc062723c751e8b465ee728b)
Start importing Assets/Low Poly Weapons VOL.1/Prefabs/Flash.prefab using Guid(c0f110e4459b675489b7db1e686d5bc3) Importer(815301076,1909f56bfc062723c751e8b465ee728b) [PhysX] Initialized MultithreadedTaskDispatcher with 16 workers.
[PhysX] Initialized MultithreadedTaskDispatcher with 16 workers.
 -> (artifact id: 'a157414455dbe5e3f0ca5ed65f441e39') in 0.021422 seconds
Number of updated asset objects reloaded before import = 0
Number of asset objects unloaded after import = 18
========================================================================
Received Import Request.
  Time since last request: 0.000023 seconds.
  path: Assets/_Course Library/_Prefabs/Objects/Hats/Hat_Cap.prefab
  artifactKey: Guid(ada41267943a79c4286b35bd7172eff3) Importer(815301076,1909f56bfc062723c751e8b465ee728b)
Start importing Assets/_Course Library/_Prefabs/Objects/Hats/Hat_Cap.prefab using Guid(ada41267943a79c4286b35bd7172eff3) Importer(815301076,1909f56bfc062723c751e8b465ee728b) [PhysX] Initialized MultithreadedTaskDispatcher with 16 workers.
[PhysX] Initialized MultithreadedTaskDispatcher with 16 workers.
 -> (artifact id: '3ae54f9f0c2d1aeb10b4851ea5d3c946') in 0.039469 seconds
Number of updated asset objects reloaded before import = 0
Number of asset objects unloaded after import = 14
========================================================================
Received Import Request.
  Time since last request: 0.232887 seconds.
  path: Assets/_Course Library/_Prefabs/Objects/Hats/Hat_Captain_Black.prefab
  artifactKey: Guid(0d90b882636c6034b8e91bb072d0c083) Importer(815301076,1909f56bfc062723c751e8b465ee728b)
Start importing Assets/_Course Library/_Prefabs/Objects/Hats/Hat_Captain_Black.prefab using Guid(0d90b882636c6034b8e91bb072d0c083) Importer(815301076,1909f56bfc062723c751e8b465ee728b) [PhysX] Initialized MultithreadedTaskDispatcher with 16 workers.
[PhysX] Initialized MultithreadedTaskDispatcher with 16 workers.
 -> (artifact id: '29e9b49f04677398f09946f68dd8259f') in 0.037871 seconds
Number of updated asset objects reloaded before import = 0
Number of asset objects unloaded after import = 14
========================================================================
Received Import Request.
  Time since last request: 0.000021 seconds.
  path: Assets/Brick Project Studio/Apartment Kit/_Prefabs/Apt Build Kit/Interiors/Walls Frames & Doors/Apt_01/Int_Apt_01_Pillar_1x1.prefab
  artifactKey: Guid(aa2fa323615b3744ca21435299b7e85a) Importer(815301076,1909f56bfc062723c751e8b465ee728b)
Start importing Assets/Brick Project Studio/Apartment Kit/_Prefabs/Apt Build Kit/Interiors/Walls Frames & Doors/Apt_01/Int_Apt_01_Pillar_1x1.prefab using Guid(aa2fa323615b3744ca21435299b7e85a) Importer(815301076,1909f56bfc062723c751e8b465ee728b) [PhysX] Initialized MultithreadedTaskDispatcher with 16 workers.
[PhysX] Initialized MultithreadedTaskDispatcher with 16 workers.
 -> (artifact id: '36542d82633a931ddefe872b6611c1a1') in 0.054367 seconds
Number of updated asset objects reloaded before import = 0
Number of asset objects unloaded after import = 16
========================================================================
Received Import Request.
  Time since last request: 0.000023 seconds.
  path: Assets/_Course Library/_Prefabs/Objects/Hats/Hat_Witch_Blue.prefab
  artifactKey: Guid(364b4f12314d0fb4ea2870ddcc2f1842) Importer(815301076,1909f56bfc062723c751e8b465ee728b)
Start importing Assets/_Course Library/_Prefabs/Objects/Hats/Hat_Witch_Blue.prefab using Guid(364b4f12314d0fb4ea2870ddcc2f1842) Importer(815301076,1909f56bfc062723c751e8b465ee728b) [PhysX] Initialized MultithreadedTaskDispatcher with 16 workers.
[PhysX] Initialized MultithreadedTaskDispatcher with 16 workers.
 -> (artifact id: '2aafa90015ea06f6a49e05dc00b504e7') in 0.017075 seconds
Number of updated asset objects reloaded before import = 0
Number of asset objects unloaded after import = 14
========================================================================
Received Import Request.
  Time since last request: 0.000022 seconds.
  path: Assets/Brick Project Studio/Apartment Kit/_Prefabs/Apt Build Kit/Interiors/Flooring & Ceilings/Int_apt_01_Ceiling_01.prefab
  artifactKey: Guid(3106a6f3c2fc2a547b55f8f47ff2e09c) Importer(815301076,1909f56bfc062723c751e8b465ee728b)
Start importing Assets/Brick Project Studio/Apartment Kit/_Prefabs/Apt Build Kit/Interiors/Flooring & Ceilings/Int_apt_01_Ceiling_01.prefab using Guid(3106a6f3c2fc2a547b55f8f47ff2e09c) Importer(815301076,1909f56bfc062723c751e8b465ee728b) [PhysX] Initialized MultithreadedTaskDispatcher with 16 workers.
[PhysX] Initialized MultithreadedTaskDispatcher with 16 workers.
 -> (artifact id: '2c303a2148c5004402e4a99a7f25f017') in 0.034784 seconds
Number of updated asset objects reloaded before import = 0
Number of asset objects unloaded after import = 16
========================================================================
Received Import Request.
  Time since last request: 89.505973 seconds.
  path: Assets/Brick Project Studio/Apartment Kit/_Prefabs/Apt Build Kit/Interiors/Walls Frames & Doors/Apt_01/Int_Apt_01_Pillar_2x2.prefab
  artifactKey: Guid(898817d0fbc7ec3448ce39efd8267ba2) Importer(815301076,1909f56bfc062723c751e8b465ee728b)
Start importing Assets/Brick Project Studio/Apartment Kit/_Prefabs/Apt Build Kit/Interiors/Walls Frames & Doors/Apt_01/Int_Apt_01_Pillar_2x2.prefab using Guid(898817d0fbc7ec3448ce39efd8267ba2) Importer(815301076,1909f56bfc062723c751e8b465ee728b) [PhysX] Initialized MultithreadedTaskDispatcher with 16 workers.
[PhysX] Initialized MultithreadedTaskDispatcher with 16 workers.
 -> (artifact id: 'a098f724f172657146f6f54edbb31b38') in 0.028837 seconds
Number of updated asset objects reloaded before import = 0
Number of asset objects unloaded after import = 16
========================================================================
Received Import Request.
  Time since last request: 0.000026 seconds.
  path: Assets/Brick Project Studio/Apartment Kit/_Prefabs/Apt Build Kit/Interiors/Frames Windows Stairs & Doors/Int_apt_01_Staircase_01.prefab
  artifactKey: Guid(3cdb710f55b8ba342bfc746fcebede5b) Importer(815301076,1909f56bfc062723c751e8b465ee728b)
Start importing Assets/Brick Project Studio/Apartment Kit/_Prefabs/Apt Build Kit/Interiors/Frames Windows Stairs & Doors/Int_apt_01_Staircase_01.prefab using Guid(3cdb710f55b8ba342bfc746fcebede5b) Importer(815301076,1909f56bfc062723c751e8b465ee728b) [PhysX] Initialized MultithreadedTaskDispatcher with 16 workers.
[PhysX] Initialized MultithreadedTaskDispatcher with 16 workers.
 -> (artifact id: '2d2c304e0606df02ef17d43678ba1b2b') in 0.043860 seconds
Number of updated asset objects reloaded before import = 0
Number of asset objects unloaded after import = 24
========================================================================
Received Import Request.
  Time since last request: 0.000033 seconds.
  path: Assets/Brick Project Studio/Apartment Kit/_Prefabs/Apt Build Kit/Interiors/Walls Frames & Doors/Apt_02/Int_Apt_02_Pillar_1x1.prefab
  artifactKey: Guid(b5b612cc5cb971b459b8c21f79f75715) Importer(815301076,1909f56bfc062723c751e8b465ee728b)
Start importing Assets/Brick Project Studio/Apartment Kit/_Prefabs/Apt Build Kit/Interiors/Walls Frames & Doors/Apt_02/Int_Apt_02_Pillar_1x1.prefab using Guid(b5b612cc5cb971b459b8c21f79f75715) Importer(815301076,1909f56bfc062723c751e8b465ee728b) [PhysX] Initialized MultithreadedTaskDispatcher with 16 workers.
[PhysX] Initialized MultithreadedTaskDispatcher with 16 workers.
 -> (artifact id: '375c261c99fe7923b6382ca88bc6b9c7') in 0.022128 seconds
Number of updated asset objects reloaded before import = 0
Number of asset objects unloaded after import = 15
========================================================================
Received Import Request.
  Time since last request: 0.000019 seconds.
  path: Assets/Brick Project Studio/Apartment Kit/_Prefabs/Apt Build Kit/Interiors/Flooring & Ceilings/Int_apt_02_Floor_01.prefab
  artifactKey: Guid(5aac716a11271124887a33ec1836f27b) Importer(815301076,1909f56bfc062723c751e8b465ee728b)
Start importing Assets/Brick Project Studio/Apartment Kit/_Prefabs/Apt Build Kit/Interiors/Flooring & Ceilings/Int_apt_02_Floor_01.prefab using Guid(5aac716a11271124887a33ec1836f27b) Importer(815301076,1909f56bfc062723c751e8b465ee728b) [PhysX] Initialized MultithreadedTaskDispatcher with 16 workers.
[PhysX] Initialized MultithreadedTaskDispatcher with 16 workers.
 -> (artifact id: 'c73b45e5a3e7f57a06fbfab2da37c8af') in 0.021147 seconds
Number of updated asset objects reloaded before import = 0
Number of asset objects unloaded after import = 15
========================================================================
Received Import Request.
  Time since last request: 0.000021 seconds.
  path: Assets/Brick Project Studio/Apartment Kit/_Prefabs/Apt Build Kit/Interiors/Walls Frames & Doors/Apt_02/Int_Apt_02_Pillar_2x2.prefab
  artifactKey: Guid(2cf7605246c1a3c4a8bff50e0beb194b) Importer(815301076,1909f56bfc062723c751e8b465ee728b)
Start importing Assets/Brick Project Studio/Apartment Kit/_Prefabs/Apt Build Kit/Interiors/Walls Frames & Doors/Apt_02/Int_Apt_02_Pillar_2x2.prefab using Guid(2cf7605246c1a3c4a8bff50e0beb194b) Importer(815301076,1909f56bfc062723c751e8b465ee728b) [PhysX] Initialized MultithreadedTaskDispatcher with 16 workers.
[PhysX] Initialized MultithreadedTaskDispatcher with 16 workers.
 -> (artifact id: '1deaf37dcd001458c845cc3e32a4e3e1') in 0.023272 seconds
Number of updated asset objects reloaded before import = 0
Number of asset objects unloaded after import = 15
========================================================================
Received Import Request.
  Time since last request: 0.000018 seconds.
  path: Assets/Brick Project Studio/Apartment Kit/_Prefabs/Apt Build Kit/Interiors/Walls Frames & Doors/Apt_02/Int_Apt_02_Pillar_3x3.prefab
  artifactKey: Guid(a8128beaec68e3a4194a48ac20aafc9a) Importer(815301076,1909f56bfc062723c751e8b465ee728b)
Start importing Assets/Brick Project Studio/Apartment Kit/_Prefabs/Apt Build Kit/Interiors/Walls Frames & Doors/Apt_02/Int_Apt_02_Pillar_3x3.prefab using Guid(a8128beaec68e3a4194a48ac20aafc9a) Importer(815301076,1909f56bfc062723c751e8b465ee728b) [PhysX] Initialized MultithreadedTaskDispatcher with 16 workers.
[PhysX] Initialized MultithreadedTaskDispatcher with 16 workers.
 -> (artifact id: '2c374d35b25aacbb3232809c6a5ad850') in 0.020231 seconds
Number of updated asset objects reloaded before import = 0
Number of asset objects unloaded after import = 15
========================================================================
Received Import Request.
  Time since last request: 0.000022 seconds.
  path: Assets/Brick Project Studio/Apartment Kit/_Prefabs/Apt Build Kit/Interiors/Walls Frames & Doors/Apt_01/Int_Apt_01_Pillar_4x4.prefab
  artifactKey: Guid(336374783a6a6f9438803704ebba706f) Importer(815301076,1909f56bfc062723c751e8b465ee728b)
Start importing Assets/Brick Project Studio/Apartment Kit/_Prefabs/Apt Build Kit/Interiors/Walls Frames & Doors/Apt_01/Int_Apt_01_Pillar_4x4.prefab using Guid(336374783a6a6f9438803704ebba706f) Importer(815301076,1909f56bfc062723c751e8b465ee728b) [PhysX] Initialized MultithreadedTaskDispatcher with 16 workers.
[PhysX] Initialized MultithreadedTaskDispatcher with 16 workers.
 -> (artifact id: '5abcd1be9cdd745960b216bfcc26a874') in 0.029570 seconds
Number of updated asset objects reloaded before import = 0
Number of asset objects unloaded after import = 16
========================================================================
Received Import Request.
  Time since last request: 0.000025 seconds.
  path: Assets/Brick Project Studio/Apartment Kit/_Prefabs/Apt Build Kit/Interiors/Walls Frames & Doors/Apt_02/Int_Apt_02_Wall_02.prefab
  artifactKey: Guid(30553bc0887e026448946afaa552d655) Importer(815301076,1909f56bfc062723c751e8b465ee728b)
Start importing Assets/Brick Project Studio/Apartment Kit/_Prefabs/Apt Build Kit/Interiors/Walls Frames & Doors/Apt_02/Int_Apt_02_Wall_02.prefab using Guid(30553bc0887e026448946afaa552d655) Importer(815301076,1909f56bfc062723c751e8b465ee728b) [PhysX] Initialized MultithreadedTaskDispatcher with 16 workers.
[PhysX] Initialized MultithreadedTaskDispatcher with 16 workers.
 -> (artifact id: '9945afe10c7dc9d8b85a808b42f20e3a') in 0.023431 seconds
Number of updated asset objects reloaded before import = 0
Number of asset objects unloaded after import = 15
========================================================================
Received Import Request.
  Time since last request: 0.000023 seconds.
  path: Assets/Brick Project Studio/Apartment Kit/_Prefabs/Apt Build Kit/Interiors/Flooring & Ceilings/Int_apt_02_Floor_02.prefab
  artifactKey: Guid(e92372dbea850d64697e857ecae9484d) Importer(815301076,1909f56bfc062723c751e8b465ee728b)
Start importing Assets/Brick Project Studio/Apartment Kit/_Prefabs/Apt Build Kit/Interiors/Flooring & Ceilings/Int_apt_02_Floor_02.prefab using Guid(e92372dbea850d64697e857ecae9484d) Importer(815301076,1909f56bfc062723c751e8b465ee728b) [PhysX] Initialized MultithreadedTaskDispatcher with 16 workers.
[PhysX] Initialized MultithreadedTaskDispatcher with 16 workers.
 -> (artifact id: '87e3c2e906c729c651d9207609671fb6') in 0.023734 seconds
Number of updated asset objects reloaded before import = 0
Number of asset objects unloaded after import = 15
========================================================================
Received Import Request.
  Time since last request: 0.316840 seconds.
  path: Assets/Brick Project Studio/Apartment Kit/_Prefabs/Apt Build Kit/Interiors/Walls Frames & Doors/Apt_02/Int_Apt_02_Wall_03.prefab
  artifactKey: Guid(17aade79dac654f4aa0b24a36cd4b136) Importer(815301076,1909f56bfc062723c751e8b465ee728b)
Start importing Assets/Brick Project Studio/Apartment Kit/_Prefabs/Apt Build Kit/Interiors/Walls Frames & Doors/Apt_02/Int_Apt_02_Wall_03.prefab using Guid(17aade79dac654f4aa0b24a36cd4b136) Importer(815301076,1909f56bfc062723c751e8b465ee728b) [PhysX] Initialized MultithreadedTaskDispatcher with 16 workers.
[PhysX] Initialized MultithreadedTaskDispatcher with 16 workers.
 -> (artifact id: '84db327ebbce989101fca49af4ef4ef9') in 0.024165 seconds
Number of updated asset objects reloaded before import = 0
Number of asset objects unloaded after import = 15
========================================================================
Received Import Request.
  Time since last request: 0.000019 seconds.
  path: Assets/Brick Project Studio/_BPS Basic Assets/_Prefabs/Basic Asset/BA Build Kit/Interior/Int_01/Int_BA_01_Filler_03.prefab
  artifactKey: Guid(5d67674c5abd5e74eb23b8e2a1e01d7e) Importer(815301076,1909f56bfc062723c751e8b465ee728b)
Start importing Assets/Brick Project Studio/_BPS Basic Assets/_Prefabs/Basic Asset/BA Build Kit/Interior/Int_01/Int_BA_01_Filler_03.prefab using Guid(5d67674c5abd5e74eb23b8e2a1e01d7e) Importer(815301076,1909f56bfc062723c751e8b465ee728b) [PhysX] Initialized MultithreadedTaskDispatcher with 16 workers.
[PhysX] Initialized MultithreadedTaskDispatcher with 16 workers.
 -> (artifact id: '54d9a5942bf12e724b1d80781ba7e6b6') in 0.019038 seconds
Number of updated asset objects reloaded before import = 0
Number of asset objects unloaded after import = 13
========================================================================
Received Import Request.
  Time since last request: 0.000024 seconds.
  path: Assets/Brick Project Studio/Apartment Kit/_Prefabs/Apt Build Kit/Interiors/Walls Frames & Doors/Apt_03/Int_Apt_03_Pillar_1x1.prefab
  artifactKey: Guid(7262bf6e31d2c3047abf1089a09b516d) Importer(815301076,1909f56bfc062723c751e8b465ee728b)
Start importing Assets/Brick Project Studio/Apartment Kit/_Prefabs/Apt Build Kit/Interiors/Walls Frames & Doors/Apt_03/Int_Apt_03_Pillar_1x1.prefab using Guid(7262bf6e31d2c3047abf1089a09b516d) Importer(815301076,1909f56bfc062723c751e8b465ee728b) [PhysX] Initialized MultithreadedTaskDispatcher with 16 workers.
[PhysX] Initialized MultithreadedTaskDispatcher with 16 workers.
 -> (artifact id: '99621a45c73bc935576956737f1a171b') in 0.020041 seconds
Number of updated asset objects reloaded before import = 0
Number of asset objects unloaded after import = 15
========================================================================
Received Import Request.
  Time since last request: 0.000021 seconds.
  path: Assets/Brick Project Studio/Apartment Kit/_Prefabs/Apt Build Kit/Interiors/Walls Frames & Doors/Apt_03/Int_Apt_03_Pillar_4x4.prefab
  artifactKey: Guid(ad9c053ed14d8004ea68366cfcbf751a) Importer(815301076,1909f56bfc062723c751e8b465ee728b)
Start importing Assets/Brick Project Studio/Apartment Kit/_Prefabs/Apt Build Kit/Interiors/Walls Frames & Doors/Apt_03/Int_Apt_03_Pillar_4x4.prefab using Guid(ad9c053ed14d8004ea68366cfcbf751a) Importer(815301076,1909f56bfc062723c751e8b465ee728b) [PhysX] Initialized MultithreadedTaskDispatcher with 16 workers.
[PhysX] Initialized MultithreadedTaskDispatcher with 16 workers.
 -> (artifact id: '6fd4cedf2b7e919bd846a5d3542ac250') in 0.022505 seconds
Number of updated asset objects reloaded before import = 0
Number of asset objects unloaded after import = 15
========================================================================
Received Import Request.
  Time since last request: 0.000029 seconds.
  path: Assets/Brick Project Studio/Apartment Kit/_Prefabs/Apt Build Kit/Interiors/Walls Frames & Doors/Apt_03/Int_Apt_03_Corner_01.prefab
  artifactKey: Guid(c873e765218b357479718f2fe5578f87) Importer(815301076,1909f56bfc062723c751e8b465ee728b)
Start importing Assets/Brick Project Studio/Apartment Kit/_Prefabs/Apt Build Kit/Interiors/Walls Frames & Doors/Apt_03/Int_Apt_03_Corner_01.prefab using Guid(c873e765218b357479718f2fe5578f87) Importer(815301076,1909f56bfc062723c751e8b465ee728b) [PhysX] Initialized MultithreadedTaskDispatcher with 16 workers.
[PhysX] Initialized MultithreadedTaskDispatcher with 16 workers.
 -> (artifact id: '0068e2cb3554db7cd4ddba29973dd2b1') in 0.024037 seconds
Number of updated asset objects reloaded before import = 0
Number of asset objects unloaded after import = 15
========================================================================
Received Import Request.
  Time since last request: 0.000024 seconds.
  path: Assets/Brick Project Studio/Apartment Kit/_Prefabs/Apt Build Kit/Interiors/Flooring & Ceilings/Int_apt_03_Floor_02.prefab
  artifactKey: Guid(a210596d183602d4f9abc956ba791b9e) Importer(815301076,1909f56bfc062723c751e8b465ee728b)
Start importing Assets/Brick Project Studio/Apartment Kit/_Prefabs/Apt Build Kit/Interiors/Flooring & Ceilings/Int_apt_03_Floor_02.prefab using Guid(a210596d183602d4f9abc956ba791b9e) Importer(815301076,1909f56bfc062723c751e8b465ee728b) [PhysX] Initialized MultithreadedTaskDispatcher with 16 workers.
[PhysX] Initialized MultithreadedTaskDispatcher with 16 workers.
 -> (artifact id: '0c918426aa75aa7f41aeb5fe86dc5a79') in 0.020830 seconds
Number of updated asset objects reloaded before import = 0
Number of asset objects unloaded after import = 15
========================================================================
Received Import Request.
  Time since last request: 0.000021 seconds.
  path: Assets/Brick Project Studio/_BPS Basic Assets/_Prefabs/Basic Asset/BA Build Kit/Interior/Int_01/Int_BA_01_Pillar_1x1.prefab
  artifactKey: Guid(736096cdbd0f7f34cb9e8fdc25987b1c) Importer(815301076,1909f56bfc062723c751e8b465ee728b)
Start importing Assets/Brick Project Studio/_BPS Basic Assets/_Prefabs/Basic Asset/BA Build Kit/Interior/Int_01/Int_BA_01_Pillar_1x1.prefab using Guid(736096cdbd0f7f34cb9e8fdc25987b1c) Importer(815301076,1909f56bfc062723c751e8b465ee728b) [PhysX] Initialized MultithreadedTaskDispatcher with 16 workers.
[PhysX] Initialized MultithreadedTaskDispatcher with 16 workers.
 -> (artifact id: 'd2061a481976713401ba3e7230e84d88') in 0.017960 seconds
Number of updated asset objects reloaded before import = 0
Number of asset objects unloaded after import = 14
========================================================================
Received Import Request.
  Time since last request: 0.000026 seconds.
  path: Assets/Brick Project Studio/_BPS Basic Assets/_Prefabs/Basic Asset/BA Build Kit/Interior/Int_01/Int_BA_01_Floor_01.prefab
  artifactKey: Guid(44c2c1ab745c05740b134b9f0487d99b) Importer(815301076,1909f56bfc062723c751e8b465ee728b)
Start importing Assets/Brick Project Studio/_BPS Basic Assets/_Prefabs/Basic Asset/BA Build Kit/Interior/Int_01/Int_BA_01_Floor_01.prefab using Guid(44c2c1ab745c05740b134b9f0487d99b) Importer(815301076,1909f56bfc062723c751e8b465ee728b) [PhysX] Initialized MultithreadedTaskDispatcher with 16 workers.
[PhysX] Initialized MultithreadedTaskDispatcher with 16 workers.
 -> (artifact id: '5ffdd65bee6803bd8d6abea5ceb4fbe1') in 0.016195 seconds
Number of updated asset objects reloaded before import = 0
Number of asset objects unloaded after import = 14
========================================================================
Received Import Request.
  Time since last request: 0.000021 seconds.
  path: Assets/Brick Project Studio/_BPS Basic Assets/_Prefabs/Basic Asset/BA Build Kit/Interior/Int_01/Int_BA_01_Filler_01.prefab
  artifactKey: Guid(e1d90d5681101f948bb7aee7a03944a1) Importer(815301076,1909f56bfc062723c751e8b465ee728b)
Start importing Assets/Brick Project Studio/_BPS Basic Assets/_Prefabs/Basic Asset/BA Build Kit/Interior/Int_01/Int_BA_01_Filler_01.prefab using Guid(e1d90d5681101f948bb7aee7a03944a1) Importer(815301076,1909f56bfc062723c751e8b465ee728b) [PhysX] Initialized MultithreadedTaskDispatcher with 16 workers.
[PhysX] Initialized MultithreadedTaskDispatcher with 16 workers.
 -> (artifact id: '8c74a4b9e4a6ec7caee12a9a4436f31b') in 0.016284 seconds
Number of updated asset objects reloaded before import = 0
Number of asset objects unloaded after import = 14
========================================================================
Received Import Request.
  Time since last request: 1.990099 seconds.
  path: Assets/Brick Project Studio/_BPS Basic Assets/_Prefabs/Basic Asset/BA Build Kit/Interior/Int_01/Int_BA_01_Pillar_2x2.prefab
  artifactKey: Guid(fff70e8f691f38d41bbe035d6dc641df) Importer(815301076,1909f56bfc062723c751e8b465ee728b)
Start importing Assets/Brick Project Studio/_BPS Basic Assets/_Prefabs/Basic Asset/BA Build Kit/Interior/Int_01/Int_BA_01_Pillar_2x2.prefab using Guid(fff70e8f691f38d41bbe035d6dc641df) Importer(815301076,1909f56bfc062723c751e8b465ee728b) [PhysX] Initialized MultithreadedTaskDispatcher with 16 workers.
[PhysX] Initialized MultithreadedTaskDispatcher with 16 workers.
 -> (artifact id: '70bc0ef4eda77dfaf8e7e05c5c1d12d8') in 0.017562 seconds
Number of updated asset objects reloaded before import = 0
Number of asset objects unloaded after import = 14
========================================================================
Received Import Request.
  Time since last request: 0.000020 seconds.
  path: Assets/Brick Project Studio/_BPS Basic Assets/_Prefabs/Basic Asset/BA Build Kit/Interior/Int_01/Int_BA_01_Wall_01.prefab
  artifactKey: Guid(87b837bc5f2c7db4787b6fb7663c16d1) Importer(815301076,1909f56bfc062723c751e8b465ee728b)
Start importing Assets/Brick Project Studio/_BPS Basic Assets/_Prefabs/Basic Asset/BA Build Kit/Interior/Int_01/Int_BA_01_Wall_01.prefab using Guid(87b837bc5f2c7db4787b6fb7663c16d1) Importer(815301076,1909f56bfc062723c751e8b465ee728b) [PhysX] Initialized MultithreadedTaskDispatcher with 16 workers.
[PhysX] Initialized MultithreadedTaskDispatcher with 16 workers.
 -> (artifact id: '01f482a6d7f8a93f179a477bf8755fc2') in 0.016467 seconds
Number of updated asset objects reloaded before import = 0
Number of asset objects unloaded after import = 14
========================================================================
Received Import Request.
  Time since last request: 0.000017 seconds.
  path: Assets/Brick Project Studio/_BPS Basic Assets/_Prefabs/Basic Asset/BA Build Kit/Interior/Int_02/Int_BA_02_Pillar_3x3.prefab
  artifactKey: Guid(9068914faab841c49adc9e106827f827) Importer(815301076,1909f56bfc062723c751e8b465ee728b)
Start importing Assets/Brick Project Studio/_BPS Basic Assets/_Prefabs/Basic Asset/BA Build Kit/Interior/Int_02/Int_BA_02_Pillar_3x3.prefab using Guid(9068914faab841c49adc9e106827f827) Importer(815301076,1909f56bfc062723c751e8b465ee728b) [PhysX] Initialized MultithreadedTaskDispatcher with 16 workers.
[PhysX] Initialized MultithreadedTaskDispatcher with 16 workers.
 -> (artifact id: '86639c184f044221ca431654e418cfc1') in 0.015827 seconds
Number of updated asset objects reloaded before import = 0
Number of asset objects unloaded after import = 14
========================================================================
Received Import Request.
  Time since last request: 0.000022 seconds.
  path: Assets/Brick Project Studio/_BPS Basic Assets/_Prefabs/Basic Asset/BA Build Kit/Interior/Int_02/Int_BA_02_Filler_02.prefab
  artifactKey: Guid(da76ff28749b4d54ab63d4533af0b4c3) Importer(815301076,1909f56bfc062723c751e8b465ee728b)
Start importing Assets/Brick Project Studio/_BPS Basic Assets/_Prefabs/Basic Asset/BA Build Kit/Interior/Int_02/Int_BA_02_Filler_02.prefab using Guid(da76ff28749b4d54ab63d4533af0b4c3) Importer(815301076,1909f56bfc062723c751e8b465ee728b) [PhysX] Initialized MultithreadedTaskDispatcher with 16 workers.
[PhysX] Initialized MultithreadedTaskDispatcher with 16 workers.
 -> (artifact id: 'fae31890085e58a4732f9eb47936122a') in 0.017503 seconds
Number of updated asset objects reloaded before import = 0
Number of asset objects unloaded after import = 14
========================================================================
Received Import Request.
  Time since last request: 0.000024 seconds.
  path: Assets/Brick Project Studio/_BPS Basic Assets/_Prefabs/Restroom/RR Build Kit/Walls/Int_RR_01_pillar_1x1.prefab
  artifactKey: Guid(4da894abfa482cf43b36780ecf3abd44) Importer(815301076,1909f56bfc062723c751e8b465ee728b)
Start importing Assets/Brick Project Studio/_BPS Basic Assets/_Prefabs/Restroom/RR Build Kit/Walls/Int_RR_01_pillar_1x1.prefab using Guid(4da894abfa482cf43b36780ecf3abd44) Importer(815301076,1909f56bfc062723c751e8b465ee728b) [PhysX] Initialized MultithreadedTaskDispatcher with 16 workers.
[PhysX] Initialized MultithreadedTaskDispatcher with 16 workers.
 -> (artifact id: '2d0271c348413fd1db1a60fe576fba70') in 0.019547 seconds
Number of updated asset objects reloaded before import = 0
Number of asset objects unloaded after import = 15
========================================================================
Received Import Request.
  Time since last request: 0.000020 seconds.
  path: Assets/Brick Project Studio/_BPS Basic Assets/_Prefabs/Restroom/RR Build Kit/Floors Ceilings/Int_RR_01_Floor_01.prefab
  artifactKey: Guid(e30496263f7ba54488d5cb051756f667) Importer(815301076,1909f56bfc062723c751e8b465ee728b)
Start importing Assets/Brick Project Studio/_BPS Basic Assets/_Prefabs/Restroom/RR Build Kit/Floors Ceilings/Int_RR_01_Floor_01.prefab using Guid(e30496263f7ba54488d5cb051756f667) Importer(815301076,1909f56bfc062723c751e8b465ee728b) [PhysX] Initialized MultithreadedTaskDispatcher with 16 workers.
[PhysX] Initialized MultithreadedTaskDispatcher with 16 workers.
 -> (artifact id: '031662c6d36ab61e77c83217585d4134') in 0.019886 seconds
Number of updated asset objects reloaded before import = 0
Number of asset objects unloaded after import = 15
========================================================================
Received Import Request.
  Time since last request: 0.000021 seconds.
  path: Assets/Brick Project Studio/_BPS Basic Assets/_Prefabs/Basic Asset/BA Build Kit/Interior/Int_01/Int_BA_01_Wall_03.prefab
  artifactKey: Guid(2f0bc8ecefb88eb4481fa90771c8e7c6) Importer(815301076,1909f56bfc062723c751e8b465ee728b)
Start importing Assets/Brick Project Studio/_BPS Basic Assets/_Prefabs/Basic Asset/BA Build Kit/Interior/Int_01/Int_BA_01_Wall_03.prefab using Guid(2f0bc8ecefb88eb4481fa90771c8e7c6) Importer(815301076,1909f56bfc062723c751e8b465ee728b) [PhysX] Initialized MultithreadedTaskDispatcher with 16 workers.
[PhysX] Initialized MultithreadedTaskDispatcher with 16 workers.
 -> (artifact id: '5227c01d1f4e1b69a04964d761ceee74') in 0.016673 seconds
Number of updated asset objects reloaded before import = 0
Number of asset objects unloaded after import = 14
========================================================================
Received Import Request.
  Time since last request: 0.000021 seconds.
  path: Assets/Brick Project Studio/_BPS Basic Assets/_Prefabs/Basic Asset/BA Build Kit/Interior/Int_02/Int_BA_02_Pillar_1x1.prefab
  artifactKey: Guid(eba9a1ac29008234b8563dce8279a3c1) Importer(815301076,1909f56bfc062723c751e8b465ee728b)
Start importing Assets/Brick Project Studio/_BPS Basic Assets/_Prefabs/Basic Asset/BA Build Kit/Interior/Int_02/Int_BA_02_Pillar_1x1.prefab using Guid(eba9a1ac29008234b8563dce8279a3c1) Importer(815301076,1909f56bfc062723c751e8b465ee728b) [PhysX] Initialized MultithreadedTaskDispatcher with 16 workers.
[PhysX] Initialized MultithreadedTaskDispatcher with 16 workers.
 -> (artifact id: 'c6c7421db7eeefaceba4fd79c54e9645') in 0.015109 seconds
Number of updated asset objects reloaded before import = 0
Number of asset objects unloaded after import = 14
========================================================================
Received Import Request.
  Time since last request: 0.000024 seconds.
  path: Assets/Brick Project Studio/_BPS Basic Assets/_Prefabs/Restroom/RR Build Kit/Walls/Int_RR_01_pillar_2x2.prefab
  artifactKey: Guid(b17effefd1c1da643888570fb5635416) Importer(815301076,1909f56bfc062723c751e8b465ee728b)
Start importing Assets/Brick Project Studio/_BPS Basic Assets/_Prefabs/Restroom/RR Build Kit/Walls/Int_RR_01_pillar_2x2.prefab using Guid(b17effefd1c1da643888570fb5635416) Importer(815301076,1909f56bfc062723c751e8b465ee728b) [PhysX] Initialized MultithreadedTaskDispatcher with 16 workers.
[PhysX] Initialized MultithreadedTaskDispatcher with 16 workers.
 -> (artifact id: 'e8afd41d022ff2807488ec6b03171243') in 0.019384 seconds
Number of updated asset objects reloaded before import = 0
Number of asset objects unloaded after import = 15
========================================================================
Received Import Request.
  Time since last request: 0.000020 seconds.
  path: Assets/Brick Project Studio/_BPS Basic Assets/_Prefabs/Basic Asset/BA Build Kit/Interior/Doors Frames/Int_BA_Door_01.prefab
  artifactKey: Guid(62bd457adfa663b4b8de2903bb4c8006) Importer(815301076,1909f56bfc062723c751e8b465ee728b)
Start importing Assets/Brick Project Studio/_BPS Basic Assets/_Prefabs/Basic Asset/BA Build Kit/Interior/Doors Frames/Int_BA_Door_01.prefab using Guid(62bd457adfa663b4b8de2903bb4c8006) Importer(815301076,1909f56bfc062723c751e8b465ee728b) [PhysX] Initialized MultithreadedTaskDispatcher with 16 workers.
[PhysX] Initialized MultithreadedTaskDispatcher with 16 workers.
 -> (artifact id: '46711b45a4a69211d5aec226598bdc5f') in 0.020309 seconds
Number of updated asset objects reloaded before import = 0
Number of asset objects unloaded after import = 43
========================================================================
Received Import Request.
  Time since last request: 0.000020 seconds.
  path: Assets/Brick Project Studio/_BPS Basic Assets/_Prefabs/Basic Asset/BA Build Kit/Interior/Int_02/Int_BA_02_Wall_03.prefab
  artifactKey: Guid(b5ea4c1fc5a7a044c8b2c38bf36cffe9) Importer(815301076,1909f56bfc062723c751e8b465ee728b)
Start importing Assets/Brick Project Studio/_BPS Basic Assets/_Prefabs/Basic Asset/BA Build Kit/Interior/Int_02/Int_BA_02_Wall_03.prefab using Guid(b5ea4c1fc5a7a044c8b2c38bf36cffe9) Importer(815301076,1909f56bfc062723c751e8b465ee728b) [PhysX] Initialized MultithreadedTaskDispatcher with 16 workers.
[PhysX] Initialized MultithreadedTaskDispatcher with 16 workers.
 -> (artifact id: '2f437b3f9d126c09479838503fe83288') in 0.015108 seconds
Number of updated asset objects reloaded before import = 0
Number of asset objects unloaded after import = 14
========================================================================
Received Import Request.
  Time since last request: 0.000019 seconds.
  path: Assets/Brick Project Studio/_BPS Basic Assets/_Prefabs/Basic Asset/BA Build Kit/Interior/Int_02/Int_BA_02_Filler_01.prefab
  artifactKey: Guid(e76249d095e28ee4db72dc3385020c2f) Importer(815301076,1909f56bfc062723c751e8b465ee728b)
Start importing Assets/Brick Project Studio/_BPS Basic Assets/_Prefabs/Basic Asset/BA Build Kit/Interior/Int_02/Int_BA_02_Filler_01.prefab using Guid(e76249d095e28ee4db72dc3385020c2f) Importer(815301076,1909f56bfc062723c751e8b465ee728b) [PhysX] Initialized MultithreadedTaskDispatcher with 16 workers.
[PhysX] Initialized MultithreadedTaskDispatcher with 16 workers.
 -> (artifact id: 'd54bd878730325a0436efb02e33868e4') in 0.018320 seconds
Number of updated asset objects reloaded before import = 0
Number of asset objects unloaded after import = 14
========================================================================
Received Import Request.
  Time since last request: 0.000028 seconds.
  path: Assets/Brick Project Studio/_BPS Basic Assets/_Prefabs/Basic Asset/BA Build Kit/Interior/Int_02/Int_BA_02_Wall_02.prefab
  artifactKey: Guid(e865b35190d61134389351f1fb9a589f) Importer(815301076,1909f56bfc062723c751e8b465ee728b)
Start importing Assets/Brick Project Studio/_BPS Basic Assets/_Prefabs/Basic Asset/BA Build Kit/Interior/Int_02/Int_BA_02_Wall_02.prefab using Guid(e865b35190d61134389351f1fb9a589f) Importer(815301076,1909f56bfc062723c751e8b465ee728b) [PhysX] Initialized MultithreadedTaskDispatcher with 16 workers.
[PhysX] Initialized MultithreadedTaskDispatcher with 16 workers.
 -> (artifact id: '98512708f5f5b6fc9ff1db8ebd5bab1f') in 0.019288 seconds
Number of updated asset objects reloaded before import = 0
Number of asset objects unloaded after import = 14
========================================================================
Received Import Request.
  Time since last request: 0.574744 seconds.
  path: Assets/Brick Project Studio/_BPS Basic Assets/_Prefabs/Restroom/RR Build Kit/Walls/Int_RR_01_pillar_3x3.prefab
  artifactKey: Guid(02f55a24f89f19d4083c38a6fd760a46) Importer(815301076,1909f56bfc062723c751e8b465ee728b)
Start importing Assets/Brick Project Studio/_BPS Basic Assets/_Prefabs/Restroom/RR Build Kit/Walls/Int_RR_01_pillar_3x3.prefab using Guid(02f55a24f89f19d4083c38a6fd760a46) Importer(815301076,1909f56bfc062723c751e8b465ee728b) [PhysX] Initialized MultithreadedTaskDispatcher with 16 workers.
[PhysX] Initialized MultithreadedTaskDispatcher with 16 workers.
 -> (artifact id: 'c544f197674ccdd33a29906053efc5cf') in 0.022569 seconds
Number of updated asset objects reloaded before import = 0
Number of asset objects unloaded after import = 15
========================================================================
Received Import Request.
  Time since last request: 0.000024 seconds.
  path: Assets/Brick Project Studio/_BPS Basic Assets/_Prefabs/Restroom/RR Build Kit/Walls/Int_RR_01_Wall_02.prefab
  artifactKey: Guid(5e1b3720a07b67c49a261a96f4842593) Importer(815301076,1909f56bfc062723c751e8b465ee728b)
Start importing Assets/Brick Project Studio/_BPS Basic Assets/_Prefabs/Restroom/RR Build Kit/Walls/Int_RR_01_Wall_02.prefab using Guid(5e1b3720a07b67c49a261a96f4842593) Importer(815301076,1909f56bfc062723c751e8b465ee728b) [PhysX] Initialized MultithreadedTaskDispatcher with 16 workers.
[PhysX] Initialized MultithreadedTaskDispatcher with 16 workers.
 -> (artifact id: '1ea20221da6887d364c0c08f7543d57a') in 0.020225 seconds
Number of updated asset objects reloaded before import = 0
Number of asset objects unloaded after import = 15
========================================================================
Received Import Request.
  Time since last request: 0.000029 seconds.
  path: Assets/Samples/XR Interaction Toolkit/2.6.5/Starter Assets/DemoSceneAssets/Prefabs/Interactables Sample.prefab
  artifactKey: Guid(6821e1b7f44d8c44b8a2ba02f37309d5) Importer(815301076,1909f56bfc062723c751e8b465ee728b)
Start importing Assets/Samples/XR Interaction Toolkit/2.6.5/Starter Assets/DemoSceneAssets/Prefabs/Interactables Sample.prefab using Guid(6821e1b7f44d8c44b8a2ba02f37309d5) Importer(815301076,1909f56bfc062723c751e8b465ee728b) [PhysX] Initialized MultithreadedTaskDispatcher with 16 workers.
[PhysX] Initialized MultithreadedTaskDispatcher with 16 workers.
 -> (artifact id: '9f453627df51f61b5bd9b2548f3e1aaf') in 0.053756 seconds
Number of updated asset objects reloaded before import = 0
Number of asset objects unloaded after import = 143
========================================================================
Received Import Request.
  Time since last request: 0.000018 seconds.
  path: Assets/Samples/XR Interaction Toolkit/2.6.5/Starter Assets/DemoSceneAssets/Prefabs/Interactables/Interactable Instant Pyramid.prefab
  artifactKey: Guid(2ed984a58a974166bf92c82a74380454) Importer(815301076,1909f56bfc062723c751e8b465ee728b)
Start importing Assets/Samples/XR Interaction Toolkit/2.6.5/Starter Assets/DemoSceneAssets/Prefabs/Interactables/Interactable Instant Pyramid.prefab using Guid(2ed984a58a974166bf92c82a74380454) Importer(815301076,1909f56bfc062723c751e8b465ee728b) [PhysX] Initialized MultithreadedTaskDispatcher with 16 workers.
[PhysX] Initialized MultithreadedTaskDispatcher with 16 workers.
 -> (artifact id: '04f770b5f8b5de2e98639c63066060bf') in 0.016583 seconds
Number of updated asset objects reloaded before import = 0
Number of asset objects unloaded after import = 39
========================================================================
Received Import Request.
  Time since last request: 0.000017 seconds.
  path: Assets/Brick Project Studio/_BPS Basic Assets/_Prefabs/Restroom/RR Build Kit/Walls/Int_RR_01_Wall_01.prefab
  artifactKey: Guid(b813d19c40ec4bc43890e91f97b087d3) Importer(815301076,1909f56bfc062723c751e8b465ee728b)
Start importing Assets/Brick Project Studio/_BPS Basic Assets/_Prefabs/Restroom/RR Build Kit/Walls/Int_RR_01_Wall_01.prefab using Guid(b813d19c40ec4bc43890e91f97b087d3) Importer(815301076,1909f56bfc062723c751e8b465ee728b) [PhysX] Initialized MultithreadedTaskDispatcher with 16 workers.
[PhysX] Initialized MultithreadedTaskDispatcher with 16 workers.
 -> (artifact id: '874ef504c761993eff20ee70c9ebad13') in 0.024341 seconds
Number of updated asset objects reloaded before import = 0
Number of asset objects unloaded after import = 15
========================================================================
Received Import Request.
  Time since last request: 0.000019 seconds.
  path: Assets/_Course Library/Source Files/Models/Joystick_1.prefab
  artifactKey: Guid(e2a3594892394ef438858508107bbcbc) Importer(815301076,1909f56bfc062723c751e8b465ee728b)
Start importing Assets/_Course Library/Source Files/Models/Joystick_1.prefab using Guid(e2a3594892394ef438858508107bbcbc) Importer(815301076,1909f56bfc062723c751e8b465ee728b) [PhysX] Initialized MultithreadedTaskDispatcher with 16 workers.
[PhysX] Initialized MultithreadedTaskDispatcher with 16 workers.
 -> (artifact id: 'ffd80f309d229bacf102157de9f43576') in 0.012792 seconds
Number of updated asset objects reloaded before import = 0
Number of asset objects unloaded after import = 39
========================================================================
Received Import Request.
  Time since last request: 0.000019 seconds.
  path: Assets/Brick Project Studio/_BPS Basic Assets/_Prefabs/Basic Asset/BA Build Kit/IntExt/IntExt_BA_GlassFrame_01.prefab
  artifactKey: Guid(8a4a119fc2ad9fa40817bd6773fe107a) Importer(815301076,1909f56bfc062723c751e8b465ee728b)
Start importing Assets/Brick Project Studio/_BPS Basic Assets/_Prefabs/Basic Asset/BA Build Kit/IntExt/IntExt_BA_GlassFrame_01.prefab using Guid(8a4a119fc2ad9fa40817bd6773fe107a) Importer(815301076,1909f56bfc062723c751e8b465ee728b) [PhysX] Initialized MultithreadedTaskDispatcher with 16 workers.
[PhysX] Initialized MultithreadedTaskDispatcher with 16 workers.
 -> (artifact id: 'be9316efa6e7332ccb564e249f92c497') in 0.013453 seconds
Number of updated asset objects reloaded before import = 0
Number of asset objects unloaded after import = 19
========================================================================
Received Import Request.
  Time since last request: 0.000018 seconds.
  path: Assets/Samples/XR Interaction Toolkit/2.6.5/Starter Assets/DemoSceneAssets/Prefabs/Climb/Ladder.prefab
  artifactKey: Guid(b3830b3b2f190ee46a9c88433e985221) Importer(815301076,1909f56bfc062723c751e8b465ee728b)
Start importing Assets/Samples/XR Interaction Toolkit/2.6.5/Starter Assets/DemoSceneAssets/Prefabs/Climb/Ladder.prefab using Guid(b3830b3b2f190ee46a9c88433e985221) Importer(815301076,1909f56bfc062723c751e8b465ee728b) [PhysX] Initialized MultithreadedTaskDispatcher with 16 workers.
[PhysX] Initialized MultithreadedTaskDispatcher with 16 workers.
 -> (artifact id: '71ba121dba11ea85299b9405f5abfab3') in 0.031990 seconds
Number of updated asset objects reloaded before import = 0
Number of asset objects unloaded after import = 196
========================================================================
Received Import Request.
  Time since last request: 0.592834 seconds.
  path: Assets/_Course Library/_Prefabs/Lighting/Lamp_Floor_Double.prefab
  artifactKey: Guid(69aae49632701c44c88f08dbcb7fe65e) Importer(815301076,1909f56bfc062723c751e8b465ee728b)
Start importing Assets/_Course Library/_Prefabs/Lighting/Lamp_Floor_Double.prefab using Guid(69aae49632701c44c88f08dbcb7fe65e) Importer(815301076,1909f56bfc062723c751e8b465ee728b) [PhysX] Initialized MultithreadedTaskDispatcher with 16 workers.
[PhysX] Initialized MultithreadedTaskDispatcher with 16 workers.
 -> (artifact id: 'c0d9a7aa2e2933a34d73c9fda39d57fd') in 0.018090 seconds
Number of updated asset objects reloaded before import = 0
Number of asset objects unloaded after import = 25
========================================================================
Received Import Request.
  Time since last request: 0.000023 seconds.
  path: Assets/_Course Library/_Prefabs/Lighting/Lamp_Table_Red.prefab
  artifactKey: Guid(26d3e19b3dd80ed4eb2217904b56f876) Importer(815301076,1909f56bfc062723c751e8b465ee728b)
Start importing Assets/_Course Library/_Prefabs/Lighting/Lamp_Table_Red.prefab using Guid(26d3e19b3dd80ed4eb2217904b56f876) Importer(815301076,1909f56bfc062723c751e8b465ee728b) [PhysX] Initialized MultithreadedTaskDispatcher with 16 workers.
[PhysX] Initialized MultithreadedTaskDispatcher with 16 workers.
 -> (artifact id: '2068c8770ce91945b17c1b2545cf2fb0') in 0.017808 seconds
Number of updated asset objects reloaded before import = 0
Number of asset objects unloaded after import = 41
========================================================================
Received Import Request.
  Time since last request: 0.000032 seconds.
  path: Assets/Brick Project Studio/_BPS Basic Assets/_Prefabs/Legacy/Large Floor.prefab
  artifactKey: Guid(ee987da6efab07d49bc9fc59e287f08b) Importer(815301076,1909f56bfc062723c751e8b465ee728b)
Start importing Assets/Brick Project Studio/_BPS Basic Assets/_Prefabs/Legacy/Large Floor.prefab using Guid(ee987da6efab07d49bc9fc59e287f08b) Importer(815301076,1909f56bfc062723c751e8b465ee728b) [PhysX] Initialized MultithreadedTaskDispatcher with 16 workers.
[PhysX] Initialized MultithreadedTaskDispatcher with 16 workers.
 -> (artifact id: 'c4884b70dcbc4d731583815bfb03f766') in 0.028318 seconds
Number of updated asset objects reloaded before import = 0
Number of asset objects unloaded after import = 256
========================================================================
Received Import Request.
  Time since last request: 0.000019 seconds.
  path: Assets/_Course Library/_Prefabs/Objects/Candles/Lightsource_Candle_Pink.prefab
  artifactKey: Guid(04b79e8ccd1ac574e89182d359c0ee81) Importer(815301076,1909f56bfc062723c751e8b465ee728b)
Start importing Assets/_Course Library/_Prefabs/Objects/Candles/Lightsource_Candle_Pink.prefab using Guid(04b79e8ccd1ac574e89182d359c0ee81) Importer(815301076,1909f56bfc062723c751e8b465ee728b) [PhysX] Initialized MultithreadedTaskDispatcher with 16 workers.
[PhysX] Initialized MultithreadedTaskDispatcher with 16 workers.
 -> (artifact id: '25d89a5828e466b15cc32ff325772ee0') in 0.016465 seconds
Number of updated asset objects reloaded before import = 0
Number of asset objects unloaded after import = 22
========================================================================
Received Import Request.
  Time since last request: 0.000021 seconds.
  path: Assets/_Course Library/_Prefabs/Objects/Miscellaneous/Lighter_Candle_Blue.prefab
  artifactKey: Guid(b260445a5b0da4bbba6645bba66a124f) Importer(815301076,1909f56bfc062723c751e8b465ee728b)
Start importing Assets/_Course Library/_Prefabs/Objects/Miscellaneous/Lighter_Candle_Blue.prefab using Guid(b260445a5b0da4bbba6645bba66a124f) Importer(815301076,1909f56bfc062723c751e8b465ee728b) [PhysX] Initialized MultithreadedTaskDispatcher with 16 workers.
[PhysX] Initialized MultithreadedTaskDispatcher with 16 workers.
 -> (artifact id: 'eaa195311002098c266865699b2b17ed') in 0.018066 seconds
Number of updated asset objects reloaded before import = 0
Number of asset objects unloaded after import = 14
========================================================================
Received Import Request.
  Time since last request: 0.000024 seconds.
  path: Assets/_Course Library/_Prefabs/Objects/Candles/Lightsource_Candle_Blue.prefab
  artifactKey: Guid(cfd1e988d943aca459db611268e2eecc) Importer(815301076,1909f56bfc062723c751e8b465ee728b)
Start importing Assets/_Course Library/_Prefabs/Objects/Candles/Lightsource_Candle_Blue.prefab using Guid(cfd1e988d943aca459db611268e2eecc) Importer(815301076,1909f56bfc062723c751e8b465ee728b) [PhysX] Initialized MultithreadedTaskDispatcher with 16 workers.
[PhysX] Initialized MultithreadedTaskDispatcher with 16 workers.
 -> (artifact id: '5fa65becdccc958bd7cc9a65e39251aa') in 0.022078 seconds
Number of updated asset objects reloaded before import = 0
Number of asset objects unloaded after import = 22
========================================================================
Received Import Request.
  Time since last request: 0.137005 seconds.
  path: Assets/_Course Library/_Prefabs/Objects/Light Sources/Lightsource_Flashlight_Blue.prefab
  artifactKey: Guid(502b096f021ed2b4ab6f727dbd9378b3) Importer(815301076,1909f56bfc062723c751e8b465ee728b)
Start importing Assets/_Course Library/_Prefabs/Objects/Light Sources/Lightsource_Flashlight_Blue.prefab using Guid(502b096f021ed2b4ab6f727dbd9378b3) Importer(815301076,1909f56bfc062723c751e8b465ee728b) [PhysX] Initialized MultithreadedTaskDispatcher with 16 workers.
[PhysX] Initialized MultithreadedTaskDispatcher with 16 workers.
 -> (artifact id: '396a7865b891daed132663abb506ea8f') in 0.022547 seconds
Number of updated asset objects reloaded before import = 0
Number of asset objects unloaded after import = 14
========================================================================
Received Import Request.
  Time since last request: 0.000024 seconds.
  path: Assets/Low Poly Weapons VOL.1/Prefabs/M4_8.prefab
  artifactKey: Guid(689946d975a0e55449b1e7ae41933e73) Importer(815301076,1909f56bfc062723c751e8b465ee728b)
Start importing Assets/Low Poly Weapons VOL.1/Prefabs/M4_8.prefab using Guid(689946d975a0e55449b1e7ae41933e73) Importer(815301076,1909f56bfc062723c751e8b465ee728b) [PhysX] Initialized MultithreadedTaskDispatcher with 16 workers.
[PhysX] Initialized MultithreadedTaskDispatcher with 16 workers.
 -> (artifact id: '6227e5c51a15f8b0f826b40dedba1306') in 0.020585 seconds
Number of updated asset objects reloaded before import = 0
Number of asset objects unloaded after import = 38
========================================================================
Received Import Request.
  Time since last request: 0.000021 seconds.
  path: Assets/Low Poly Weapons VOL.1/Prefabs/M2_50cal.prefab
  artifactKey: Guid(3077a2b322d12b94c975bb1c7b2993fb) Importer(815301076,1909f56bfc062723c751e8b465ee728b)
Start importing Assets/Low Poly Weapons VOL.1/Prefabs/M2_50cal.prefab using Guid(3077a2b322d12b94c975bb1c7b2993fb) Importer(815301076,1909f56bfc062723c751e8b465ee728b) [PhysX] Initialized MultithreadedTaskDispatcher with 16 workers.
[PhysX] Initialized MultithreadedTaskDispatcher with 16 workers.
 -> (artifact id: '20c9528dfc5983297b035a317974f7ac') in 0.016182 seconds
Number of updated asset objects reloaded before import = 0
Number of asset objects unloaded after import = 47
========================================================================
Received Import Request.
  Time since last request: 0.000021 seconds.
  path: Assets/Low Poly Weapons VOL.1/Prefabs/M107.prefab
  artifactKey: Guid(7359baf27e84aa44cafac3788c8be0f1) Importer(815301076,1909f56bfc062723c751e8b465ee728b)
Start importing Assets/Low Poly Weapons VOL.1/Prefabs/M107.prefab using Guid(7359baf27e84aa44cafac3788c8be0f1) Importer(815301076,1909f56bfc062723c751e8b465ee728b) [PhysX] Initialized MultithreadedTaskDispatcher with 16 workers.
[PhysX] Initialized MultithreadedTaskDispatcher with 16 workers.
 -> (artifact id: '2763f477f4e21336fa3e63f1a4ea0cbf') in 0.018242 seconds
Number of updated asset objects reloaded before import = 0
Number of asset objects unloaded after import = 28
========================================================================
Received Import Request.
  Time since last request: 0.000062 seconds.
  path: Assets/Low Poly Weapons VOL.1/Prefabs/M249.prefab
  artifactKey: Guid(432643b6e5110004083fdff3e33e490b) Importer(815301076,1909f56bfc062723c751e8b465ee728b)
Start importing Assets/Low Poly Weapons VOL.1/Prefabs/M249.prefab using Guid(432643b6e5110004083fdff3e33e490b) Importer(815301076,1909f56bfc062723c751e8b465ee728b) [PhysX] Initialized MultithreadedTaskDispatcher with 16 workers.
[PhysX] Initialized MultithreadedTaskDispatcher with 16 workers.
 -> (artifact id: '0f061452d5b75ec176e25f88988cbab9') in 0.020080 seconds
Number of updated asset objects reloaded before import = 0
Number of asset objects unloaded after import = 33
========================================================================
Received Import Request.
  Time since last request: 0.000029 seconds.
  path: Assets/Challenges/01_Architecture/Prefabs/Measuring Stick.prefab
  artifactKey: Guid(bfcdf91ad289d4306a1deb6a3dc2a08c) Importer(815301076,1909f56bfc062723c751e8b465ee728b)
Start importing Assets/Challenges/01_Architecture/Prefabs/Measuring Stick.prefab using Guid(bfcdf91ad289d4306a1deb6a3dc2a08c) Importer(815301076,1909f56bfc062723c751e8b465ee728b) [PhysX] Initialized MultithreadedTaskDispatcher with 16 workers.
[PhysX] Initialized MultithreadedTaskDispatcher with 16 workers.
 -> (artifact id: '39f1a537fd2f23b4d55045f7d080dbb0') in 0.018936 seconds
Number of updated asset objects reloaded before import = 0
Number of asset objects unloaded after import = 16
========================================================================
Received Import Request.
  Time since last request: 0.000023 seconds.
  path: Assets/_Course Library/_Prefabs/Objects/Light Sources/Lightsource_Lantern.prefab
  artifactKey: Guid(b8018346294f7d5488c6ddbf35ca0268) Importer(815301076,1909f56bfc062723c751e8b465ee728b)
Start importing Assets/_Course Library/_Prefabs/Objects/Light Sources/Lightsource_Lantern.prefab using Guid(b8018346294f7d5488c6ddbf35ca0268) Importer(815301076,1909f56bfc062723c751e8b465ee728b) [PhysX] Initialized MultithreadedTaskDispatcher with 16 workers.
[PhysX] Initialized MultithreadedTaskDispatcher with 16 workers.
 -> (artifact id: '8622ee8661bb7fff0e592e450cdf4a1d') in 0.019709 seconds
Number of updated asset objects reloaded before import = 0
Number of asset objects unloaded after import = 23
========================================================================
Received Import Request.
  Time since last request: 0.000018 seconds.
  path: Assets/_Course Library/_Prefabs/Rugs/Mat_Round_Brown.prefab
  artifactKey: Guid(fb9ce3f53babdeb4990afa0d85fd4a65) Importer(815301076,1909f56bfc062723c751e8b465ee728b)
Start importing Assets/_Course Library/_Prefabs/Rugs/Mat_Round_Brown.prefab using Guid(fb9ce3f53babdeb4990afa0d85fd4a65) Importer(815301076,1909f56bfc062723c751e8b465ee728b) [PhysX] Initialized MultithreadedTaskDispatcher with 16 workers.
[PhysX] Initialized MultithreadedTaskDispatcher with 16 workers.
 -> (artifact id: '95191b987f9ee7af0d6e6b4d51974407') in 0.019809 seconds
Number of updated asset objects reloaded before import = 0
Number of asset objects unloaded after import = 31
========================================================================
Received Import Request.
  Time since last request: 42.913764 seconds.
  path: Assets/Brick Project Studio/Apartment Kit/_Prefabs/Props/Misc/MirrorPlate.prefab
  artifactKey: Guid(ba11bcdb94e8ac2498db51b197091c7a) Importer(815301076,1909f56bfc062723c751e8b465ee728b)
Start importing Assets/Brick Project Studio/Apartment Kit/_Prefabs/Props/Misc/MirrorPlate.prefab using Guid(ba11bcdb94e8ac2498db51b197091c7a) Importer(815301076,1909f56bfc062723c751e8b465ee728b) [PhysX] Initialized MultithreadedTaskDispatcher with 16 workers.
[PhysX] Initialized MultithreadedTaskDispatcher with 16 workers.
 -> (artifact id: '7a28cb81eb26eb7e2a6791dee31cf804') in 0.018228 seconds
Number of updated asset objects reloaded before import = 0
Number of asset objects unloaded after import = 28
========================================================================
Received Import Request.
  Time since last request: 0.000020 seconds.
  path: Assets/_Course Library/_Prefabs/Objects/Miscellaneous/Object_MagnifyingGlass.prefab
  artifactKey: Guid(33dc28eb77358df4394d6ecb6e5a188b) Importer(815301076,1909f56bfc062723c751e8b465ee728b)
Start importing Assets/_Course Library/_Prefabs/Objects/Miscellaneous/Object_MagnifyingGlass.prefab using Guid(33dc28eb77358df4394d6ecb6e5a188b) Importer(815301076,1909f56bfc062723c751e8b465ee728b) [PhysX] Initialized MultithreadedTaskDispatcher with 16 workers.
[PhysX] Initialized MultithreadedTaskDispatcher with 16 workers.
 -> (artifact id: 'f33b3dbd9131c08150af40da3a9d2bcb') in 0.020331 seconds
Number of updated asset objects reloaded before import = 0
Number of asset objects unloaded after import = 36
========================================================================
Received Import Request.
  Time since last request: 0.000020 seconds.
  path: Assets/_Course Library/_Prefabs/Objects/Notebooks/Notebook_Pink.prefab
  artifactKey: Guid(6f5d36ab1a372434cb1243fa82ad4344) Importer(815301076,1909f56bfc062723c751e8b465ee728b)
Start importing Assets/_Course Library/_Prefabs/Objects/Notebooks/Notebook_Pink.prefab using Guid(6f5d36ab1a372434cb1243fa82ad4344) Importer(815301076,1909f56bfc062723c751e8b465ee728b) [PhysX] Initialized MultithreadedTaskDispatcher with 16 workers.
[PhysX] Initialized MultithreadedTaskDispatcher with 16 workers.
 -> (artifact id: '9c51bf23d786951537cfa244f66d26db') in 0.015392 seconds
Number of updated asset objects reloaded before import = 0
Number of asset objects unloaded after import = 20
========================================================================
Received Import Request.
  Time since last request: 0.000022 seconds.
  path: Assets/_Course Library/_Prefabs/Objects/Notebooks/Notebook_Stripes.prefab
  artifactKey: Guid(abff5816a508a3d4dad931c6733e7e75) Importer(815301076,1909f56bfc062723c751e8b465ee728b)
Start importing Assets/_Course Library/_Prefabs/Objects/Notebooks/Notebook_Stripes.prefab using Guid(abff5816a508a3d4dad931c6733e7e75) Importer(815301076,1909f56bfc062723c751e8b465ee728b) [PhysX] Initialized MultithreadedTaskDispatcher with 16 workers.
[PhysX] Initialized MultithreadedTaskDispatcher with 16 workers.
 -> (artifact id: '64c63559f9dfdf136366877a0c317e8b') in 0.015206 seconds
Number of updated asset objects reloaded before import = 0
Number of asset objects unloaded after import = 20
========================================================================
Received Import Request.
  Time since last request: 0.000032 seconds.
  path: Assets/_Course Library/_Prefabs/Objects/Notebooks/Notebook_Brown.prefab
  artifactKey: Guid(0598faac6c7f62f4f92b2f771f20ca2d) Importer(815301076,1909f56bfc062723c751e8b465ee728b)
Start importing Assets/_Course Library/_Prefabs/Objects/Notebooks/Notebook_Brown.prefab using Guid(0598faac6c7f62f4f92b2f771f20ca2d) Importer(815301076,1909f56bfc062723c751e8b465ee728b) [PhysX] Initialized MultithreadedTaskDispatcher with 16 workers.
[PhysX] Initialized MultithreadedTaskDispatcher with 16 workers.
 -> (artifact id: '0d154e1ac2f3f77bfddd9992a8a95c0f') in 0.020536 seconds
Number of updated asset objects reloaded before import = 0
Number of asset objects unloaded after import = 20
========================================================================
Received Import Request.
  Time since last request: 0.000020 seconds.
  path: Assets/Brick Project Studio/_BPS Basic Assets/_Prefabs/Legacy/office chair.prefab
  artifactKey: Guid(99a0f1488ea2c1d47b7e9f7190961e40) Importer(815301076,1909f56bfc062723c751e8b465ee728b)
Start importing Assets/Brick Project Studio/_BPS Basic Assets/_Prefabs/Legacy/office chair.prefab using Guid(99a0f1488ea2c1d47b7e9f7190961e40) Importer(815301076,1909f56bfc062723c751e8b465ee728b) [PhysX] Initialized MultithreadedTaskDispatcher with 16 workers.
[PhysX] Initialized MultithreadedTaskDispatcher with 16 workers.
 -> (artifact id: '904609bd5e5ef19bec204b38a1aaa943') in 0.018882 seconds
Number of updated asset objects reloaded before import = 0
Number of asset objects unloaded after import = 54
========================================================================
Received Import Request.
  Time since last request: 0.000019 seconds.
  path: Assets/YughuesFreeFlooringMaterials/Preview/P_Sphere.prefab
  artifactKey: Guid(0bd8d7cd203cdb447a7be61519d7b22c) Importer(815301076,1909f56bfc062723c751e8b465ee728b)
Start importing Assets/YughuesFreeFlooringMaterials/Preview/P_Sphere.prefab using Guid(0bd8d7cd203cdb447a7be61519d7b22c) Importer(815301076,1909f56bfc062723c751e8b465ee728b) [PhysX] Initialized MultithreadedTaskDispatcher with 16 workers.
[PhysX] Initialized MultithreadedTaskDispatcher with 16 workers.
 -> (artifact id: '69c10092b23cda987edc8dd68c580c5f') in 0.018143 seconds
Number of updated asset objects reloaded before import = 0
Number of asset objects unloaded after import = 22
========================================================================
Received Import Request.
  Time since last request: 1.796540 seconds.
  path: Assets/_Course Library/Particles/Particle_Water.prefab
  artifactKey: Guid(ecf7736a659284e99804c6bde923b1c6) Importer(815301076,1909f56bfc062723c751e8b465ee728b)
Start importing Assets/_Course Library/Particles/Particle_Water.prefab using Guid(ecf7736a659284e99804c6bde923b1c6) Importer(815301076,1909f56bfc062723c751e8b465ee728b) [PhysX] Initialized MultithreadedTaskDispatcher with 16 workers.
[PhysX] Initialized MultithreadedTaskDispatcher with 16 workers.
 -> (artifact id: '82d017d53e9338e2d197910e5261da36') in 0.022204 seconds
Number of updated asset objects reloaded before import = 0
Number of asset objects unloaded after import = 11
========================================================================
Received Import Request.
  Time since last request: 0.000019 seconds.
  path: Assets/Challenges/02_3DPainting/Prefabs/Plane.prefab
  artifactKey: Guid(83c317aa14ee671448d2db7ce9755c0d) Importer(815301076,1909f56bfc062723c751e8b465ee728b)
Start importing Assets/Challenges/02_3DPainting/Prefabs/Plane.prefab using Guid(83c317aa14ee671448d2db7ce9755c0d) Importer(815301076,1909f56bfc062723c751e8b465ee728b) [PhysX] Initialized MultithreadedTaskDispatcher with 16 workers.
[PhysX] Initialized MultithreadedTaskDispatcher with 16 workers.
 -> (artifact id: '12da3b3d72c3b46b9038442979a7ce9c') in 0.013121 seconds
Number of updated asset objects reloaded before import = 0
Number of asset objects unloaded after import = 12
========================================================================
Received Import Request.
  Time since last request: 0.000023 seconds.
  path: Assets/Samples/XR Interaction Toolkit/2.6.5/Starter Assets/Prefabs/Interactors/Poke Interactor.prefab
  artifactKey: Guid(27024f5809f4a4347b9cd7f26a1bdf93) Importer(815301076,1909f56bfc062723c751e8b465ee728b)
Start importing Assets/Samples/XR Interaction Toolkit/2.6.5/Starter Assets/Prefabs/Interactors/Poke Interactor.prefab using Guid(27024f5809f4a4347b9cd7f26a1bdf93) Importer(815301076,1909f56bfc062723c751e8b465ee728b) [PhysX] Initialized MultithreadedTaskDispatcher with 16 workers.
[PhysX] Initialized MultithreadedTaskDispatcher with 16 workers.
 -> (artifact id: '4f80efad3883dc26c3b94af97bba576a') in 0.023679 seconds
Number of updated asset objects reloaded before import = 0
Number of asset objects unloaded after import = 75
========================================================================
Received Import Request.
  Time since last request: 15.964738 seconds.
  path: Assets/_Course Library/_Prefabs/Objects/Launchers/Projectile_Staple.prefab
  artifactKey: Guid(0d0c8b3ffc832f7458ea9323120c2032) Importer(815301076,1909f56bfc062723c751e8b465ee728b)
Start importing Assets/_Course Library/_Prefabs/Objects/Launchers/Projectile_Staple.prefab using Guid(0d0c8b3ffc832f7458ea9323120c2032) Importer(815301076,1909f56bfc062723c751e8b465ee728b) [PhysX] Initialized MultithreadedTaskDispatcher with 16 workers.
[PhysX] Initialized MultithreadedTaskDispatcher with 16 workers.
 -> (artifact id: '277ceee4728bcb91538589cea50674b2') in 0.014842 seconds
Number of updated asset objects reloaded before import = 0
Number of asset objects unloaded after import = 14
========================================================================
Received Import Request.
  Time since last request: 0.000020 seconds.
  path: Assets/Low Poly Weapons VOL.1/Prefabs/RGD-5.prefab
  artifactKey: Guid(5a2bf64643e1fb0439ea39c0fc9b00ff) Importer(815301076,1909f56bfc062723c751e8b465ee728b)
Start importing Assets/Low Poly Weapons VOL.1/Prefabs/RGD-5.prefab using Guid(5a2bf64643e1fb0439ea39c0fc9b00ff) Importer(815301076,1909f56bfc062723c751e8b465ee728b) [PhysX] Initialized MultithreadedTaskDispatcher with 16 workers.
[PhysX] Initialized MultithreadedTaskDispatcher with 16 workers.
 -> (artifact id: '4ee7cc703a980088a17b562e0fa69560') in 0.014729 seconds
Number of updated asset objects reloaded before import = 0
Number of asset objects unloaded after import = 23
========================================================================
Received Import Request.
  Time since last request: 13.989711 seconds.
  path: Assets/Low Poly Weapons VOL.1/Prefabs/RPG7.prefab
  artifactKey: Guid(02baef62b1bfedf40bb369fb7542b9e7) Importer(815301076,1909f56bfc062723c751e8b465ee728b)
Start importing Assets/Low Poly Weapons VOL.1/Prefabs/RPG7.prefab using Guid(02baef62b1bfedf40bb369fb7542b9e7) Importer(815301076,1909f56bfc062723c751e8b465ee728b) [PhysX] Initialized MultithreadedTaskDispatcher with 16 workers.
[PhysX] Initialized MultithreadedTaskDispatcher with 16 workers.
 -> (artifact id: '517e611b194a73d82644766595d9bddb') in 0.016916 seconds
Number of updated asset objects reloaded before import = 0
Number of asset objects unloaded after import = 23
========================================================================
Received Import Request.
  Time since last request: 0.000022 seconds.
  path: Assets/Brick Project Studio/_BPS Basic Assets/_Prefabs/Restroom/Fixtures/RR_PaperTowelDispenser_01.prefab
  artifactKey: Guid(d493d80813479394da472625132622ed) Importer(815301076,1909f56bfc062723c751e8b465ee728b)
Start importing Assets/Brick Project Studio/_BPS Basic Assets/_Prefabs/Restroom/Fixtures/RR_PaperTowelDispenser_01.prefab using Guid(d493d80813479394da472625132622ed) Importer(815301076,1909f56bfc062723c751e8b465ee728b) [PhysX] Initialized MultithreadedTaskDispatcher with 16 workers.
[PhysX] Initialized MultithreadedTaskDispatcher with 16 workers.
 -> (artifact id: '552e4ad0049bf01e70a399c97100149d') in 0.017923 seconds
Number of updated asset objects reloaded before import = 0
Number of asset objects unloaded after import = 28
========================================================================
Received Import Request.
  Time since last request: 21.385545 seconds.
  path: Assets/Brick Project Studio/_BPS Basic Assets/_Prefabs/Restroom/Signs/RR_Restroom_Unisex_Sign.prefab
  artifactKey: Guid(d076477035e41e6438c5f9a92ee50194) Importer(815301076,1909f56bfc062723c751e8b465ee728b)
Start importing Assets/Brick Project Studio/_BPS Basic Assets/_Prefabs/Restroom/Signs/RR_Restroom_Unisex_Sign.prefab using Guid(d076477035e41e6438c5f9a92ee50194) Importer(815301076,1909f56bfc062723c751e8b465ee728b) [PhysX] Initialized MultithreadedTaskDispatcher with 16 workers.
[PhysX] Initialized MultithreadedTaskDispatcher with 16 workers.
 -> (artifact id: '9de746d2db96f5ead029146250ce641c') in 0.030784 seconds
Number of updated asset objects reloaded before import = 0
Number of asset objects unloaded after import = 13
========================================================================
Received Import Request.
  Time since last request: 0.000023 seconds.
  path: Assets/_Course Library/_Prefabs/Rugs/Rug_Rect_Purple.prefab
  artifactKey: Guid(e5b6e40db88c14344b1b380c0e966e20) Importer(815301076,1909f56bfc062723c751e8b465ee728b)
Start importing Assets/_Course Library/_Prefabs/Rugs/Rug_Rect_Purple.prefab using Guid(e5b6e40db88c14344b1b380c0e966e20) Importer(815301076,1909f56bfc062723c751e8b465ee728b) [PhysX] Initialized MultithreadedTaskDispatcher with 16 workers.
[PhysX] Initialized MultithreadedTaskDispatcher with 16 workers.
 -> (artifact id: 'a546d1f4c66e513291b52d60d595b01d') in 0.027826 seconds
Number of updated asset objects reloaded before import = 0
Number of asset objects unloaded after import = 14
========================================================================
Received Import Request.
  Time since last request: 0.000023 seconds.
  path: Assets/Brick Project Studio/_BPS Basic Assets/_Prefabs/Restroom/RR Build Kit/Stall/RR_Stall_01_DoorFrame.prefab
  artifactKey: Guid(d94ca8c0c973920499d3cb52238af9b8) Importer(815301076,1909f56bfc062723c751e8b465ee728b)
Start importing Assets/Brick Project Studio/_BPS Basic Assets/_Prefabs/Restroom/RR Build Kit/Stall/RR_Stall_01_DoorFrame.prefab using Guid(d94ca8c0c973920499d3cb52238af9b8) Importer(815301076,1909f56bfc062723c751e8b465ee728b) [PhysX] Initialized MultithreadedTaskDispatcher with 16 workers.
[PhysX] Initialized MultithreadedTaskDispatcher with 16 workers.
 -> (artifact id: '2ea4a92615738b963d7a24f63f257f0c') in 0.037335 seconds
Number of updated asset objects reloaded before import = 0
Number of asset objects unloaded after import = 42
========================================================================
Received Import Request.
  Time since last request: 0.000021 seconds.
  path: Assets/Brick Project Studio/_BPS Basic Assets/_Prefabs/Restroom/RR Build Kit/Stall/RR_Stall_01_L.prefab
  artifactKey: Guid(6ae782b263dc9c548a46ef8ff80f34d8) Importer(815301076,1909f56bfc062723c751e8b465ee728b)
Start importing Assets/Brick Project Studio/_BPS Basic Assets/_Prefabs/Restroom/RR Build Kit/Stall/RR_Stall_01_L.prefab using Guid(6ae782b263dc9c548a46ef8ff80f34d8) Importer(815301076,1909f56bfc062723c751e8b465ee728b) [PhysX] Initialized MultithreadedTaskDispatcher with 16 workers.
[PhysX] Initialized MultithreadedTaskDispatcher with 16 workers.
 -> (artifact id: '85b9e559d7984d6eb07e959d16ede362') in 0.023453 seconds
Number of updated asset objects reloaded before import = 0
Number of asset objects unloaded after import = 22
========================================================================
Received Import Request.
  Time since last request: 9.081232 seconds.
  path: Assets/_Course Library/_Prefabs/Lighting/Sconce_Modern.prefab
  artifactKey: Guid(f52e0acfc02c3124dbc1a953d4276adb) Importer(815301076,1909f56bfc062723c751e8b465ee728b)
Start importing Assets/_Course Library/_Prefabs/Lighting/Sconce_Modern.prefab using Guid(f52e0acfc02c3124dbc1a953d4276adb) Importer(815301076,1909f56bfc062723c751e8b465ee728b) [PhysX] Initialized MultithreadedTaskDispatcher with 16 workers.
[PhysX] Initialized MultithreadedTaskDispatcher with 16 workers.
 -> (artifact id: '19670bfc4530ac656b8c9d84decb1151') in 0.033501 seconds
Number of updated asset objects reloaded before import = 0
Number of asset objects unloaded after import = 14
========================================================================
Received Import Request.
  Time since last request: 3.385345 seconds.
  path: Assets/Samples/XR Interaction Toolkit/2.6.5/Starter Assets/DemoSceneAssets/Prefabs/Climb/Single Floor Ladder.prefab
  artifactKey: Guid(1f62bdd0e59688d4bb754afe89fa2f5a) Importer(815301076,1909f56bfc062723c751e8b465ee728b)
Start importing Assets/Samples/XR Interaction Toolkit/2.6.5/Starter Assets/DemoSceneAssets/Prefabs/Climb/Single Floor Ladder.prefab using Guid(1f62bdd0e59688d4bb754afe89fa2f5a) Importer(815301076,1909f56bfc062723c751e8b465ee728b) [PhysX] Initialized MultithreadedTaskDispatcher with 16 workers.
[PhysX] Initialized MultithreadedTaskDispatcher with 16 workers.
 -> (artifact id: 'bcf554ea02b27433ecea442127c11eea') in 0.065280 seconds
Number of updated asset objects reloaded before import = 0
Number of asset objects unloaded after import = 458
========================================================================
Received Import Request.
  Time since last request: 0.000021 seconds.
  path: Assets/_Course Library/_Prefabs/Objects/Speakers/Speaker_Modern.prefab
  artifactKey: Guid(514f67743caf97444b25c61779fd9ecd) Importer(815301076,1909f56bfc062723c751e8b465ee728b)
Start importing Assets/_Course Library/_Prefabs/Objects/Speakers/Speaker_Modern.prefab using Guid(514f67743caf97444b25c61779fd9ecd) Importer(815301076,1909f56bfc062723c751e8b465ee728b) [PhysX] Initialized MultithreadedTaskDispatcher with 16 workers.
[PhysX] Initialized MultithreadedTaskDispatcher with 16 workers.
 -> (artifact id: 'ff5aeb0e81a4c358d9b89f9b1f4a7d36') in 0.015702 seconds
Number of updated asset objects reloaded before import = 0
Number of asset objects unloaded after import = 14
========================================================================
Received Import Request.
  Time since last request: 34.774287 seconds.
  path: Assets/Brick Project Studio/Apartment Kit/_Prefabs/Apt Build Kit/Interiors/Frames Windows Stairs & Doors/Staricases_01_Setup.prefab
  artifactKey: Guid(50ce1d3cebd78214e839f75e8796a39b) Importer(815301076,1909f56bfc062723c751e8b465ee728b)
Start importing Assets/Brick Project Studio/Apartment Kit/_Prefabs/Apt Build Kit/Interiors/Frames Windows Stairs & Doors/Staricases_01_Setup.prefab using Guid(50ce1d3cebd78214e839f75e8796a39b) Importer(815301076,1909f56bfc062723c751e8b465ee728b) [PhysX] Initialized MultithreadedTaskDispatcher with 16 workers.
[PhysX] Initialized MultithreadedTaskDispatcher with 16 workers.
 -> (artifact id: 'a5ec5b8bb298e3866f1a77d45548f868') in 0.075930 seconds
Number of updated asset objects reloaded before import = 0
Number of asset objects unloaded after import = 429
========================================================================
Received Import Request.
  Time since last request: 0.467890 seconds.
  path: Assets/_Course Library/_Prefabs/Tables/Table_Side_Modern_Black.prefab
  artifactKey: Guid(2970332bcab6ddf43a43824174efe2c6) Importer(815301076,1909f56bfc062723c751e8b465ee728b)
Start importing Assets/_Course Library/_Prefabs/Tables/Table_Side_Modern_Black.prefab using Guid(2970332bcab6ddf43a43824174efe2c6) Importer(815301076,1909f56bfc062723c751e8b465ee728b) [PhysX] Initialized MultithreadedTaskDispatcher with 16 workers.
[PhysX] Initialized MultithreadedTaskDispatcher with 16 workers.
 -> (artifact id: '607b13af0f185f9718429c6afcccbfdd') in 0.020461 seconds
Number of updated asset objects reloaded before import = 0
Number of asset objects unloaded after import = 22
========================================================================
Received Import Request.
  Time since last request: 0.000021 seconds.
  path: Assets/_Course Library/_Prefabs/Objects/Electronics/Tablet_White.prefab
  artifactKey: Guid(c38a24daa20a8604f94580629bfdbd9b) Importer(815301076,1909f56bfc062723c751e8b465ee728b)
Start importing Assets/_Course Library/_Prefabs/Objects/Electronics/Tablet_White.prefab using Guid(c38a24daa20a8604f94580629bfdbd9b) Importer(815301076,1909f56bfc062723c751e8b465ee728b) [PhysX] Initialized MultithreadedTaskDispatcher with 16 workers.
[PhysX] Initialized MultithreadedTaskDispatcher with 16 workers.
 -> (artifact id: 'd7a83df3b2ecff427f7aa05c64aebca5') in 0.016412 seconds
Number of updated asset objects reloaded before import = 0
Number of asset objects unloaded after import = 20
========================================================================
Received Import Request.
  Time since last request: 0.000021 seconds.
  path: Assets/_Course Library/_Prefabs/Objects/Sports/Tennis_Ball_Green.prefab
  artifactKey: Guid(d0c00082fbae52742bbd03cc0bccf5ea) Importer(815301076,1909f56bfc062723c751e8b465ee728b)
Start importing Assets/_Course Library/_Prefabs/Objects/Sports/Tennis_Ball_Green.prefab using Guid(d0c00082fbae52742bbd03cc0bccf5ea) Importer(815301076,1909f56bfc062723c751e8b465ee728b) [PhysX] Initialized MultithreadedTaskDispatcher with 16 workers.
[PhysX] Initialized MultithreadedTaskDispatcher with 16 workers.
 -> (artifact id: '68d1778d5eae90f3b304336bfb877297') in 0.015184 seconds
Number of updated asset objects reloaded before import = 0
Number of asset objects unloaded after import = 14
========================================================================
Received Import Request.
  Time since last request: 0.000023 seconds.
  path: Assets/Samples/XR Interaction Toolkit/2.6.5/Starter Assets/DemoSceneAssets/Prefabs/Teleport/Teleport Anchor.prefab
  artifactKey: Guid(fad94b617f0540568dbf4c9c4011248c) Importer(815301076,1909f56bfc062723c751e8b465ee728b)
Start importing Assets/Samples/XR Interaction Toolkit/2.6.5/Starter Assets/DemoSceneAssets/Prefabs/Teleport/Teleport Anchor.prefab using Guid(fad94b617f0540568dbf4c9c4011248c) Importer(815301076,1909f56bfc062723c751e8b465ee728b) [PhysX] Initialized MultithreadedTaskDispatcher with 16 workers.
[PhysX] Initialized MultithreadedTaskDispatcher with 16 workers.
 -> (artifact id: '8444de63affaaef8d1651975ea296254') in 0.023364 seconds
Number of updated asset objects reloaded before import = 0
Number of asset objects unloaded after import = 68
Editor requested this worker to shutdown with reason: Scaling down because of idle timeout
TcpMessagingSession - receive error: operation aborted. errorcode: 995, details: The I/O operation has been aborted because of either a thread exit or an application request.
AssetImportWorker is now disconnected from the server
Process exiting
Exiting without the bug reporter. Application will terminate with return code 0