Using pre-set license
Built from '2022.3/respin/2022.3.62f2-4af31df585-v2' branch; Version is '2022.3.62f2 (7670c08855a9) revision 7762112'; Using compiler version '192829333'; Build Type 'Release'
OS: 'Windows 11  (10.0.26100) 64bit Core' Language: 'en' Physical Memory: 32654 MB
BatchMode: 1, IsHumanControllingUs: 0, StartBugReporterOnCrash: 0, Is64bit: 1, IsPro: 1

COMMAND LINE ARGUMENTS:
C:\Program Files\Unity\Hub\Editor\2022.3.62f2\Editor\Unity.exe
-adb2
-batchMode
-noUpm
-name
AssetImportWorker23
-projectPath
C:/Users/ady/Documents/GitHub/VR-Close-Quarters-Battle-Trainer-Honours
-logFile
Logs/AssetImportWorker23.log
-srvPort
57578
Successfully changed project path to: C:/Users/ady/Documents/GitHub/VR-Close-Quarters-Battle-Trainer-Honours
C:/Users/ady/Documents/GitHub/VR-Close-Quarters-Battle-Trainer-Honours
[UnityMemory] Configuration Parameters - Can be set up in boot.config
    "memorysetup-bucket-allocator-granularity=16"
    "memorysetup-bucket-allocator-bucket-count=8"
    "memorysetup-bucket-allocator-block-size=33554432"
    "memorysetup-bucket-allocator-block-count=8"
    "memorysetup-main-allocator-block-size=16777216"
    "memorysetup-thread-allocator-block-size=16777216"
    "memorysetup-gfx-main-allocator-block-size=16777216"
    "memorysetup-gfx-thread-allocator-block-size=16777216"
    "memorysetup-cache-allocator-block-size=4194304"
    "memorysetup-typetree-allocator-block-size=2097152"
    "memorysetup-profiler-bucket-allocator-granularity=16"
    "memorysetup-profiler-bucket-allocator-bucket-count=8"
    "memorysetup-profiler-bucket-allocator-block-size=33554432"
    "memorysetup-profiler-bucket-allocator-block-count=8"
    "memorysetup-profiler-allocator-block-size=16777216"
    "memorysetup-profiler-editor-allocator-block-size=1048576"
    "memorysetup-temp-allocator-size-main=16777216"
    "memorysetup-job-temp-allocator-block-size=2097152"
    "memorysetup-job-temp-allocator-block-size-background=1048576"
    "memorysetup-job-temp-allocator-reduction-small-platforms=262144"
    "memorysetup-allocator-temp-initial-block-size-main=262144"
    "memorysetup-allocator-temp-initial-block-size-worker=262144"
    "memorysetup-temp-allocator-size-background-worker=32768"
    "memorysetup-temp-allocator-size-job-worker=262144"
    "memorysetup-temp-allocator-size-preload-manager=33554432"
    "memorysetup-temp-allocator-size-nav-mesh-worker=65536"
    "memorysetup-temp-allocator-size-audio-worker=65536"
    "memorysetup-temp-allocator-size-cloud-worker=32768"
    "memorysetup-temp-allocator-size-gi-baking-worker=262144"
    "memorysetup-temp-allocator-size-gfx=262144"
Player connection [37396]  Target information:

Player connection [37396]  * "[IP] 192.168.1.207 [Port] 0 [Flags] 2 [Guid] 2533491608 [EditorId] 2533491608 [Version] 1048832 [Id] WindowsEditor(7,DESKTOP-IAST724) [Debug] 1 [PackageName] WindowsEditor [ProjectName] Editor" 

Player connection [37396] Host joined multi-casting on [225.0.0.222:54997]...
Player connection [37396] Host joined alternative multi-casting on [225.0.0.222:34997]...
Input System module state changed to: Initialized.
[PhysX] Initialized MultithreadedTaskDispatcher with 16 workers.
Refreshing native plugins compatible for Editor in 35.28 ms, found 9 plugins.
Preloading 0 native plugins for Editor in 0.00 ms.
Initialize engine version: 2022.3.62f2 (7670c08855a9)
[Subsystems] Discovering subsystems at path C:/Program Files/Unity/Hub/Editor/2022.3.62f2/Editor/Data/Resources/UnitySubsystems
[Subsystems] Discovering subsystems at path C:/Users/ady/Documents/GitHub/VR-Close-Quarters-Battle-Trainer-Honours/Assets
GfxDevice: creating device client; threaded=0; jobified=0
Direct3D:
    Version:  Direct3D 11.0 [level 11.1]
    Renderer: NVIDIA GeForce RTX 4070 (ID=0x2786)
    Vendor:   NVIDIA
    VRAM:     12012 MB
    Driver:   32.0.15.8180
Initialize mono
Mono path[0] = 'C:/Program Files/Unity/Hub/Editor/2022.3.62f2/Editor/Data/Managed'
Mono path[1] = 'C:/Program Files/Unity/Hub/Editor/2022.3.62f2/Editor/Data/MonoBleedingEdge/lib/mono/unityjit-win32'
Mono config path = 'C:/Program Files/Unity/Hub/Editor/2022.3.62f2/Editor/Data/MonoBleedingEdge/etc'
Using monoOptions --debugger-agent=transport=dt_socket,embedding=1,server=y,suspend=n,address=127.0.0.1:56656
Begin MonoManager ReloadAssembly
Registering precompiled unity dll's ...
Register platform support module: C:/Program Files/Unity/Hub/Editor/2022.3.62f2/Editor/Data/PlaybackEngines/WindowsStandaloneSupport/UnityEditor.WindowsStandalone.Extensions.dll
Registered in 0.012941 seconds.
- Loaded All Assemblies, in  0.486 seconds
Native extension for WindowsStandalone target not found
Mono: successfully reloaded assembly
- Finished resetting the current domain, in  0.333 seconds
Domain Reload Profiling: 816ms
	BeginReloadAssembly (129ms)
		ExecutionOrderSort (0ms)
		DisableScriptedObjects (0ms)
		BackupInstance (0ms)
		ReleaseScriptingObjects (0ms)
		CreateAndSetChildDomain (1ms)
	RebuildCommonClasses (49ms)
	RebuildNativeTypeToScriptingClass (14ms)
	initialDomainReloadingComplete (88ms)
	LoadAllAssembliesAndSetupDomain (203ms)
		LoadAssemblies (125ms)
		RebuildTransferFunctionScriptingTraits (0ms)
		AnalyzeDomain (200ms)
			TypeCache.Refresh (199ms)
				TypeCache.ScanAssembly (167ms)
			ScanForSourceGeneratedMonoScriptInfo (1ms)
			ResolveRequiredComponents (1ms)
	FinalizeReload (334ms)
		ReleaseScriptCaches (0ms)
		RebuildScriptCaches (0ms)
		SetupLoadedEditorAssemblies (272ms)
			LogAssemblyErrors (0ms)
			InitializePlatformSupportModulesInManaged (13ms)
			SetLoadedEditorAssemblies (9ms)
			RefreshPlugins (0ms)
			BeforeProcessingInitializeOnLoad (3ms)
			ProcessInitializeOnLoadAttributes (187ms)
			ProcessInitializeOnLoadMethodAttributes (60ms)
			AfterProcessingInitializeOnLoad (0ms)
			EditorAssembliesLoaded (0ms)
		ExecutionOrderSort2 (0ms)
		AwakeInstancesAfterBackupRestoration (0ms)
========================================================================
Worker process is ready to serve import requests
Caller must complete domain reload
Begin MonoManager ReloadAssembly
- Loaded All Assemblies, in  1.083 seconds
Native extension for WindowsStandalone target not found
Mono: successfully reloaded assembly
Package Manager log level set to [2]
[Package Manager] Server::EnsureServerProcessIsRunning -- launch failed, reason: Unity was launched with the -noUpm command-line argument
[Package Manager] UpmClient::Send -- Unable to send message (not connected to UPM process).
[Package Manager] Cannot connect to Unity Package Manager local server
[Package Manager] Server::EnsureServerProcessIsRunning -- launch failed, reason: Unity was launched with the -noUpm command-line argument
[Package Manager] UpmClient::Send -- Unable to send message (not connected to UPM process).
[Package Manager] Cannot connect to Unity Package Manager local server
- Finished resetting the current domain, in  1.108 seconds
Domain Reload Profiling: 2184ms
	BeginReloadAssembly (210ms)
		ExecutionOrderSort (0ms)
		DisableScriptedObjects (7ms)
		BackupInstance (0ms)
		ReleaseScriptingObjects (0ms)
		CreateAndSetChildDomain (29ms)
	RebuildCommonClasses (54ms)
	RebuildNativeTypeToScriptingClass (15ms)
	initialDomainReloadingComplete (62ms)
	LoadAllAssembliesAndSetupDomain (734ms)
		LoadAssemblies (469ms)
		RebuildTransferFunctionScriptingTraits (0ms)
		AnalyzeDomain (390ms)
			TypeCache.Refresh (325ms)
				TypeCache.ScanAssembly (263ms)
			ScanForSourceGeneratedMonoScriptInfo (44ms)
			ResolveRequiredComponents (19ms)
	FinalizeReload (1109ms)
		ReleaseScriptCaches (0ms)
		RebuildScriptCaches (0ms)
		SetupLoadedEditorAssemblies (877ms)
			LogAssemblyErrors (0ms)
			InitializePlatformSupportModulesInManaged (9ms)
			SetLoadedEditorAssemblies (5ms)
			RefreshPlugins (0ms)
			BeforeProcessingInitializeOnLoad (136ms)
			ProcessInitializeOnLoadAttributes (560ms)
			ProcessInitializeOnLoadMethodAttributes (154ms)
			AfterProcessingInitializeOnLoad (12ms)
			EditorAssembliesLoaded (0ms)
		ExecutionOrderSort2 (0ms)
		AwakeInstancesAfterBackupRestoration (8ms)
Launched and connected shader compiler UnityShaderCompiler.exe after 0.07 seconds
Refreshing native plugins compatible for Editor in 30.05 ms, found 9 plugins.
Preloading 0 native plugins for Editor in 0.00 ms.
Unloading 6340 Unused Serialized files (Serialized files now loaded: 0)
Unloading 73 unused Assets / (374.4 KB). Loaded Objects now: 6803.
Memory consumption went from 237.9 MB to 237.5 MB.
Total: 8.107200 ms (FindLiveObjects: 1.099400 ms CreateObjectMapping: 0.609700 ms MarkObjects: 6.006700 ms  DeleteObjects: 0.390500 ms)

AssetImportParameters requested are different than current active one (requested -> active):
  custom:container-demuxer-ogg: 62fdf1f143b41e24485cea50d1cbac27 -> 
  custom:framework-win-MediaFoundation: 216162199b28c13a410421893ffa2e32 -> 
  custom:container-muxer-webm: aa71ff27fc2769a1b78a27578f13a17b -> 
  custom:video-decoder-webm-vp8: 9c59270c3fd7afecdb556c50c9e8de78 -> 
  custom:SearchIndexIgnoredProperties: e643bd26f0fe6173181afceb89e7c659 -> 
  custom:AudioImporter_EditorPlatform: d09bf68614088b80899f8185d706f6e7 -> 
  custom:audio-decoder-ogg-vorbis: bf7c407c2cedff20999df2af8eb42d56 -> 
  custom:audio-encoder-webm-vorbis: bf7c407c2cedff20999df2af8eb42d56 -> 
  custom:video-codec-MediaFoundation-h265: 746d11721c4dcdbdad8f713fa42b33f4 -> 
  custom:video-decoder-ogg-theora: a1e56fd34408186e4bbccfd4996cb3dc -> 
  custom:CustomObjectIndexerAttribute: 72b91833f83ae208fae7752999fa3104 -> 
  custom:container-demuxer-webm: 4f35f7cbe854078d1ac9338744f61a02 -> 
  custom:video-encoder-webm-vp8: eb34c28f22e8b96e1ab97ce403110664 -> 
========================================================================
Received Import Request.
  Time since last request: 36870.866977 seconds.
  path: Assets/_Course Library/_Prefabs/Controls/Control_Slider_Blue.prefab
  artifactKey: Guid(9d212ff47e36da14ab04befe7439b445) Importer(815301076,1909f56bfc062723c751e8b465ee728b)
Start importing Assets/_Course Library/_Prefabs/Controls/Control_Slider_Blue.prefab using Guid(9d212ff47e36da14ab04befe7439b445) Importer(815301076,1909f56bfc062723c751e8b465ee728b) [PhysX] Initialized MultithreadedTaskDispatcher with 16 workers.
[PhysX] Initialized MultithreadedTaskDispatcher with 16 workers.
 -> (artifact id: '294c4438ef4f3c249078628917610d1b') in 0.404695 seconds
Number of updated asset objects reloaded before import = 0
Number of asset objects unloaded after import = 40
========================================================================
Received Import Request.
  Time since last request: 38.893798 seconds.
  path: Assets/Free Wood Door Pack/Prefab/Wood/Door_8/Door_8_White.prefab
  artifactKey: Guid(74a33d38e1f7b1a47a9cb292b84a3fb4) Importer(815301076,1909f56bfc062723c751e8b465ee728b)
Start importing Assets/Free Wood Door Pack/Prefab/Wood/Door_8/Door_8_White.prefab using Guid(74a33d38e1f7b1a47a9cb292b84a3fb4) Importer(815301076,1909f56bfc062723c751e8b465ee728b) [PhysX] Initialized MultithreadedTaskDispatcher with 16 workers.
[PhysX] Initialized MultithreadedTaskDispatcher with 16 workers.
 -> (artifact id: '8c767a35e6ef80fac8a1cf1d8e94aea7') in 0.074252 seconds
Number of updated asset objects reloaded before import = 0
Number of asset objects unloaded after import = 38
========================================================================
Received Import Request.
  Time since last request: 0.331556 seconds.
  path: Assets/Free Wood Door Pack/Prefab/Wood/Door_9/Door_9_Venge.prefab
  artifactKey: Guid(1c023eaeda8ff6646be4e9c8c20a2528) Importer(815301076,1909f56bfc062723c751e8b465ee728b)
Start importing Assets/Free Wood Door Pack/Prefab/Wood/Door_9/Door_9_Venge.prefab using Guid(1c023eaeda8ff6646be4e9c8c20a2528) Importer(815301076,1909f56bfc062723c751e8b465ee728b) [PhysX] Initialized MultithreadedTaskDispatcher with 16 workers.
[PhysX] Initialized MultithreadedTaskDispatcher with 16 workers.
 -> (artifact id: '9bbd9dfd80a958ef76e240e3e8119be5') in 0.048570 seconds
Number of updated asset objects reloaded before import = 0
Number of asset objects unloaded after import = 36
========================================================================
Received Import Request.
  Time since last request: 0.000023 seconds.
  path: Assets/Free Wood Door Pack/Prefab/Wood/Door_9/Door_9_Yellow.prefab
  artifactKey: Guid(6d835c488cd8b714daa0adf025c92da6) Importer(815301076,1909f56bfc062723c751e8b465ee728b)
Start importing Assets/Free Wood Door Pack/Prefab/Wood/Door_9/Door_9_Yellow.prefab using Guid(6d835c488cd8b714daa0adf025c92da6) Importer(815301076,1909f56bfc062723c751e8b465ee728b) [PhysX] Initialized MultithreadedTaskDispatcher with 16 workers.
[PhysX] Initialized MultithreadedTaskDispatcher with 16 workers.
 -> (artifact id: '23810e6f7aedb6f8c573ade20cf1f070') in 0.042208 seconds
Number of updated asset objects reloaded before import = 0
Number of asset objects unloaded after import = 36
========================================================================
Received Import Request.
  Time since last request: 0.000024 seconds.
  path: Assets/Free Wood Door Pack/Prefab/Wood/Door_14/Door_14_Brown.prefab
  artifactKey: Guid(1b26ee62235f9ba409222a1ab4f566f8) Importer(815301076,1909f56bfc062723c751e8b465ee728b)
Start importing Assets/Free Wood Door Pack/Prefab/Wood/Door_14/Door_14_Brown.prefab using Guid(1b26ee62235f9ba409222a1ab4f566f8) Importer(815301076,1909f56bfc062723c751e8b465ee728b) [PhysX] Initialized MultithreadedTaskDispatcher with 16 workers.
[PhysX] Initialized MultithreadedTaskDispatcher with 16 workers.
 -> (artifact id: 'fc58c0da8df89e135bc85f3cd4792e7b') in 0.066643 seconds
Number of updated asset objects reloaded before import = 0
Number of asset objects unloaded after import = 38
========================================================================
Received Import Request.
  Time since last request: 0.000029 seconds.
  path: Assets/Free Wood Door Pack/Prefab/Wood/Door_11/Door_11_Yellow.prefab
  artifactKey: Guid(785011e197267864fa5a76888a46b5f5) Importer(815301076,1909f56bfc062723c751e8b465ee728b)
Start importing Assets/Free Wood Door Pack/Prefab/Wood/Door_11/Door_11_Yellow.prefab using Guid(785011e197267864fa5a76888a46b5f5) Importer(815301076,1909f56bfc062723c751e8b465ee728b) [PhysX] Initialized MultithreadedTaskDispatcher with 16 workers.
[PhysX] Initialized MultithreadedTaskDispatcher with 16 workers.
 -> (artifact id: 'dc54c206ee7bcdd56e8770add27e1216') in 0.044632 seconds
Number of updated asset objects reloaded before import = 0
Number of asset objects unloaded after import = 38
========================================================================
Received Import Request.
  Time since last request: 0.000032 seconds.
  path: Assets/Free Wood Door Pack/Prefab/Wood/Door_11/Door_11_Venge.prefab
  artifactKey: Guid(8c19d848722b9234b87ea8f9fe2910aa) Importer(815301076,1909f56bfc062723c751e8b465ee728b)
Start importing Assets/Free Wood Door Pack/Prefab/Wood/Door_11/Door_11_Venge.prefab using Guid(8c19d848722b9234b87ea8f9fe2910aa) Importer(815301076,1909f56bfc062723c751e8b465ee728b) [PhysX] Initialized MultithreadedTaskDispatcher with 16 workers.
[PhysX] Initialized MultithreadedTaskDispatcher with 16 workers.
 -> (artifact id: '8815ff0a3e5711fede74f9a8df2a81e4') in 0.040601 seconds
Number of updated asset objects reloaded before import = 0
Number of asset objects unloaded after import = 38
========================================================================
Received Import Request.
  Time since last request: 0.000021 seconds.
  path: Assets/Free Wood Door Pack/Prefab/Wood/Door_13/Door_13_Venge.prefab
  artifactKey: Guid(e4f71263175cfd5439e5843d920dfee3) Importer(815301076,1909f56bfc062723c751e8b465ee728b)
Start importing Assets/Free Wood Door Pack/Prefab/Wood/Door_13/Door_13_Venge.prefab using Guid(e4f71263175cfd5439e5843d920dfee3) Importer(815301076,1909f56bfc062723c751e8b465ee728b) [PhysX] Initialized MultithreadedTaskDispatcher with 16 workers.
[PhysX] Initialized MultithreadedTaskDispatcher with 16 workers.
 -> (artifact id: '1d868b604ca68a78fcf010b4b002fcef') in 0.041979 seconds
Number of updated asset objects reloaded before import = 0
Number of asset objects unloaded after import = 38
========================================================================
Received Import Request.
  Time since last request: 0.000021 seconds.
  path: Assets/Free Wood Door Pack/Prefab/Wood/Door_12/Door_12_Venge.prefab
  artifactKey: Guid(36fd62b71d5f9b14588b21fd95201747) Importer(815301076,1909f56bfc062723c751e8b465ee728b)
Start importing Assets/Free Wood Door Pack/Prefab/Wood/Door_12/Door_12_Venge.prefab using Guid(36fd62b71d5f9b14588b21fd95201747) Importer(815301076,1909f56bfc062723c751e8b465ee728b) [PhysX] Initialized MultithreadedTaskDispatcher with 16 workers.
[PhysX] Initialized MultithreadedTaskDispatcher with 16 workers.
 -> (artifact id: '5edb896043ce951c726eb090d3236977') in 0.042269 seconds
Number of updated asset objects reloaded before import = 0
Number of asset objects unloaded after import = 38
========================================================================
Received Import Request.
  Time since last request: 0.000024 seconds.
  path: Assets/Free Wood Door Pack/Prefab/Wood/Door_13/Door_13_Milk.prefab
  artifactKey: Guid(cc48c85381a7cf342994c2117a65591e) Importer(815301076,1909f56bfc062723c751e8b465ee728b)
Start importing Assets/Free Wood Door Pack/Prefab/Wood/Door_13/Door_13_Milk.prefab using Guid(cc48c85381a7cf342994c2117a65591e) Importer(815301076,1909f56bfc062723c751e8b465ee728b) [PhysX] Initialized MultithreadedTaskDispatcher with 16 workers.
[PhysX] Initialized MultithreadedTaskDispatcher with 16 workers.
 -> (artifact id: 'e3fea10f5002d82f7c754b25dc3f95dc') in 0.040488 seconds
Number of updated asset objects reloaded before import = 0
Number of asset objects unloaded after import = 38
========================================================================
Received Import Request.
  Time since last request: 0.044539 seconds.
  path: Assets/Free Wood Door Pack/Prefab/Wood/Door_14/Door_14_White.prefab
  artifactKey: Guid(0ee90cd048ddc8d47970df26d7619cf9) Importer(815301076,1909f56bfc062723c751e8b465ee728b)
Start importing Assets/Free Wood Door Pack/Prefab/Wood/Door_14/Door_14_White.prefab using Guid(0ee90cd048ddc8d47970df26d7619cf9) Importer(815301076,1909f56bfc062723c751e8b465ee728b) [PhysX] Initialized MultithreadedTaskDispatcher with 16 workers.
[PhysX] Initialized MultithreadedTaskDispatcher with 16 workers.
 -> (artifact id: '737768541aa326e338ba050d0e8d6190') in 0.044914 seconds
Number of updated asset objects reloaded before import = 0
Number of asset objects unloaded after import = 38
========================================================================
Received Import Request.
  Time since last request: 0.000020 seconds.
  path: Assets/Free Wood Door Pack/Prefab/Wood/Door_15/Door_15_Brown.prefab
  artifactKey: Guid(3378e3eed58df9145a26c2597691390a) Importer(815301076,1909f56bfc062723c751e8b465ee728b)
Start importing Assets/Free Wood Door Pack/Prefab/Wood/Door_15/Door_15_Brown.prefab using Guid(3378e3eed58df9145a26c2597691390a) Importer(815301076,1909f56bfc062723c751e8b465ee728b) [PhysX] Initialized MultithreadedTaskDispatcher with 16 workers.
[PhysX] Initialized MultithreadedTaskDispatcher with 16 workers.
 -> (artifact id: '1b744467d203b403979412b09d543b0d') in 0.040266 seconds
Number of updated asset objects reloaded before import = 0
Number of asset objects unloaded after import = 38
========================================================================
Received Import Request.
  Time since last request: 0.000022 seconds.
  path: Assets/_Course Library/_Prefabs/Storage/Drawers_Traditional.prefab
  artifactKey: Guid(bdf455b16ebfb444e8f26045732453b1) Importer(815301076,1909f56bfc062723c751e8b465ee728b)
Start importing Assets/_Course Library/_Prefabs/Storage/Drawers_Traditional.prefab using Guid(bdf455b16ebfb444e8f26045732453b1) Importer(815301076,1909f56bfc062723c751e8b465ee728b) [PhysX] Initialized MultithreadedTaskDispatcher with 16 workers.
[PhysX] Initialized MultithreadedTaskDispatcher with 16 workers.
 -> (artifact id: '00631eff4d356e06fd04997eb450b80f') in 0.021836 seconds
Number of updated asset objects reloaded before import = 0
Number of asset objects unloaded after import = 98
========================================================================
Received Import Request.
  Time since last request: 0.000026 seconds.
  path: Assets/Brick Project Studio/Apartment Kit/_Prefabs/Apt Build Kit/Exteriors/Ext_Apt_01/Ext_Apt_01_Roof_02.prefab
  artifactKey: Guid(d6b5de5048b779b49847795dabf2dd3a) Importer(815301076,1909f56bfc062723c751e8b465ee728b)
Start importing Assets/Brick Project Studio/Apartment Kit/_Prefabs/Apt Build Kit/Exteriors/Ext_Apt_01/Ext_Apt_01_Roof_02.prefab using Guid(d6b5de5048b779b49847795dabf2dd3a) Importer(815301076,1909f56bfc062723c751e8b465ee728b) [PhysX] Initialized MultithreadedTaskDispatcher with 16 workers.
[PhysX] Initialized MultithreadedTaskDispatcher with 16 workers.
 -> (artifact id: 'cbf0192312e280280655191957977c65') in 0.075586 seconds
Number of updated asset objects reloaded before import = 0
Number of asset objects unloaded after import = 15
========================================================================
Received Import Request.
  Time since last request: 0.000034 seconds.
  path: Assets/Brick Project Studio/Apartment Kit/_Prefabs/Apt Build Kit/Exteriors/Ext_Apt_01/Ext_Apt_01_Corner_01.prefab
  artifactKey: Guid(bd7983b1a49044746ab3ec58a61d0c4a) Importer(815301076,1909f56bfc062723c751e8b465ee728b)
Start importing Assets/Brick Project Studio/Apartment Kit/_Prefabs/Apt Build Kit/Exteriors/Ext_Apt_01/Ext_Apt_01_Corner_01.prefab using Guid(bd7983b1a49044746ab3ec58a61d0c4a) Importer(815301076,1909f56bfc062723c751e8b465ee728b) [PhysX] Initialized MultithreadedTaskDispatcher with 16 workers.
[PhysX] Initialized MultithreadedTaskDispatcher with 16 workers.
 -> (artifact id: '219fd08714cfee7a8abdd7c0604f248d') in 0.070944 seconds
Number of updated asset objects reloaded before import = 0
Number of asset objects unloaded after import = 15
========================================================================
Received Import Request.
  Time since last request: 0.000041 seconds.
  path: Assets/Brick Project Studio/Apartment Kit/_Prefabs/Apt Build Kit/Exteriors/Ext_Apt_01/Ext_Apt_01_Pillar_4x4.prefab
  artifactKey: Guid(c132e10714a0f9441993cdd403636ac2) Importer(815301076,1909f56bfc062723c751e8b465ee728b)
Start importing Assets/Brick Project Studio/Apartment Kit/_Prefabs/Apt Build Kit/Exteriors/Ext_Apt_01/Ext_Apt_01_Pillar_4x4.prefab using Guid(c132e10714a0f9441993cdd403636ac2) Importer(815301076,1909f56bfc062723c751e8b465ee728b) [PhysX] Initialized MultithreadedTaskDispatcher with 16 workers.
[PhysX] Initialized MultithreadedTaskDispatcher with 16 workers.
 -> (artifact id: '41345a1c14ef62bec2f65ec87af626e6') in 0.062151 seconds
Number of updated asset objects reloaded before import = 0
Number of asset objects unloaded after import = 15
========================================================================
Received Import Request.
  Time since last request: 0.070828 seconds.
  path: Assets/Brick Project Studio/Apartment Kit/_Prefabs/Apt Build Kit/Exteriors/Ext_Apt_01/Ext_Apt_01_Wall_01.prefab
  artifactKey: Guid(edb02028d59ccac4ca6641a183fa7346) Importer(815301076,1909f56bfc062723c751e8b465ee728b)
Start importing Assets/Brick Project Studio/Apartment Kit/_Prefabs/Apt Build Kit/Exteriors/Ext_Apt_01/Ext_Apt_01_Wall_01.prefab using Guid(edb02028d59ccac4ca6641a183fa7346) Importer(815301076,1909f56bfc062723c751e8b465ee728b) [PhysX] Initialized MultithreadedTaskDispatcher with 16 workers.
[PhysX] Initialized MultithreadedTaskDispatcher with 16 workers.
 -> (artifact id: '393d4d2f5eabb882a1b3f28337ec0503') in 0.087814 seconds
Number of updated asset objects reloaded before import = 0
Number of asset objects unloaded after import = 15
========================================================================
Received Import Request.
  Time since last request: 0.000028 seconds.
  path: Assets/Brick Project Studio/_BPS Basic Assets/_Prefabs/Basic Asset/BA Build Kit/Exterior/Ext_BA_01_Pillar_3x3.prefab
  artifactKey: Guid(933e1ae6be3df0a4495b29a809e3b3ae) Importer(815301076,1909f56bfc062723c751e8b465ee728b)
Start importing Assets/Brick Project Studio/_BPS Basic Assets/_Prefabs/Basic Asset/BA Build Kit/Exterior/Ext_BA_01_Pillar_3x3.prefab using Guid(933e1ae6be3df0a4495b29a809e3b3ae) Importer(815301076,1909f56bfc062723c751e8b465ee728b) [PhysX] Initialized MultithreadedTaskDispatcher with 16 workers.
[PhysX] Initialized MultithreadedTaskDispatcher with 16 workers.
 -> (artifact id: '8e74b5f7cb4da8170384433040d7a42c') in 0.037965 seconds
Number of updated asset objects reloaded before import = 0
Number of asset objects unloaded after import = 14
========================================================================
Received Import Request.
  Time since last request: 0.000036 seconds.
  path: Assets/Brick Project Studio/_BPS Basic Assets/_Prefabs/Basic Asset/BA Build Kit/Exterior/Ext_BA_Roof_03.prefab
  artifactKey: Guid(8c565f534ef70fc4bbe3ede8f7750d96) Importer(815301076,1909f56bfc062723c751e8b465ee728b)
Start importing Assets/Brick Project Studio/_BPS Basic Assets/_Prefabs/Basic Asset/BA Build Kit/Exterior/Ext_BA_Roof_03.prefab using Guid(8c565f534ef70fc4bbe3ede8f7750d96) Importer(815301076,1909f56bfc062723c751e8b465ee728b) [PhysX] Initialized MultithreadedTaskDispatcher with 16 workers.
[PhysX] Initialized MultithreadedTaskDispatcher with 16 workers.
 -> (artifact id: '8c02c04ef6e414507341dd7bd1d4aff7') in 0.040028 seconds
Number of updated asset objects reloaded before import = 0
Number of asset objects unloaded after import = 14
========================================================================
Received Import Request.
  Time since last request: 0.000023 seconds.
  path: Assets/Brick Project Studio/_BPS Basic Assets/_Prefabs/Basic Asset/BA Build Kit/Exterior/Ext_BA_01_Pillar_4x4.prefab
  artifactKey: Guid(94c14dfc6c607a44486aa4e3dbc3f125) Importer(815301076,1909f56bfc062723c751e8b465ee728b)
Start importing Assets/Brick Project Studio/_BPS Basic Assets/_Prefabs/Basic Asset/BA Build Kit/Exterior/Ext_BA_01_Pillar_4x4.prefab using Guid(94c14dfc6c607a44486aa4e3dbc3f125) Importer(815301076,1909f56bfc062723c751e8b465ee728b) [PhysX] Initialized MultithreadedTaskDispatcher with 16 workers.
[PhysX] Initialized MultithreadedTaskDispatcher with 16 workers.
 -> (artifact id: '91fcc1d616f341d91de726a621ed1a21') in 0.035284 seconds
Number of updated asset objects reloaded before import = 0
Number of asset objects unloaded after import = 14
========================================================================
Received Import Request.
  Time since last request: 4.110212 seconds.
  path: Assets/_Course Library/_Prefabs/Objects/Fruit/Food_Apple_Red.prefab
  artifactKey: Guid(74d706ff2cc4eac4c85e825b7ac6d86b) Importer(815301076,1909f56bfc062723c751e8b465ee728b)
Start importing Assets/_Course Library/_Prefabs/Objects/Fruit/Food_Apple_Red.prefab using Guid(74d706ff2cc4eac4c85e825b7ac6d86b) Importer(815301076,1909f56bfc062723c751e8b465ee728b) [PhysX] Initialized MultithreadedTaskDispatcher with 16 workers.
[PhysX] Initialized MultithreadedTaskDispatcher with 16 workers.
 -> (artifact id: '36a8048c0f65144569f636582f283e52') in 0.026159 seconds
Number of updated asset objects reloaded before import = 0
Number of asset objects unloaded after import = 14
========================================================================
Received Import Request.
  Time since last request: 0.000023 seconds.
  path: Assets/_Course Library/_Prefabs/Objects/Electronics/Gaming_Controller.prefab
  artifactKey: Guid(d402ff832ccc1404c8a7261215a1a706) Importer(815301076,1909f56bfc062723c751e8b465ee728b)
Start importing Assets/_Course Library/_Prefabs/Objects/Electronics/Gaming_Controller.prefab using Guid(d402ff832ccc1404c8a7261215a1a706) Importer(815301076,1909f56bfc062723c751e8b465ee728b) [PhysX] Initialized MultithreadedTaskDispatcher with 16 workers.
[PhysX] Initialized MultithreadedTaskDispatcher with 16 workers.
 -> (artifact id: '5eb264c40c6e8d090271eacd8c1a5f89') in 0.024168 seconds
Number of updated asset objects reloaded before import = 0
Number of asset objects unloaded after import = 63
========================================================================
Received Import Request.
  Time since last request: 0.245552 seconds.
  path: Assets/_Course Library/_Prefabs/Objects/Hats/Hat_Straw.prefab
  artifactKey: Guid(e47d1d603e6f7de498727aba1230cd7d) Importer(815301076,1909f56bfc062723c751e8b465ee728b)
Start importing Assets/_Course Library/_Prefabs/Objects/Hats/Hat_Straw.prefab using Guid(e47d1d603e6f7de498727aba1230cd7d) Importer(815301076,1909f56bfc062723c751e8b465ee728b) [PhysX] Initialized MultithreadedTaskDispatcher with 16 workers.
[PhysX] Initialized MultithreadedTaskDispatcher with 16 workers.
 -> (artifact id: 'ac8ef9546dd20142ecf2e23f5f754d56') in 0.045440 seconds
Number of updated asset objects reloaded before import = 0
Number of asset objects unloaded after import = 14
========================================================================
Received Import Request.
  Time since last request: 0.000023 seconds.
  path: Assets/Challenges/01_Architecture/Prefabs/House.prefab
  artifactKey: Guid(b79764ba2b3d76741b43d8c72bb71b46) Importer(815301076,1909f56bfc062723c751e8b465ee728b)
Start importing Assets/Challenges/01_Architecture/Prefabs/House.prefab using Guid(b79764ba2b3d76741b43d8c72bb71b46) Importer(815301076,1909f56bfc062723c751e8b465ee728b) [PhysX] Initialized MultithreadedTaskDispatcher with 16 workers.
[PhysX] Initialized MultithreadedTaskDispatcher with 16 workers.
 -> (artifact id: 'e993a850e3224934a424a53ee7151dc0') in 0.075309 seconds
Number of updated asset objects reloaded before import = 0
Number of asset objects unloaded after import = 749
========================================================================
Received Import Request.
  Time since last request: 0.000020 seconds.
  path: Assets/_Course Library/_Prefabs/Hooks/Hook_Modern.prefab
  artifactKey: Guid(9c50d789c0c63e14f8e1f1447e1132bc) Importer(815301076,1909f56bfc062723c751e8b465ee728b)
Start importing Assets/_Course Library/_Prefabs/Hooks/Hook_Modern.prefab using Guid(9c50d789c0c63e14f8e1f1447e1132bc) Importer(815301076,1909f56bfc062723c751e8b465ee728b) [PhysX] Initialized MultithreadedTaskDispatcher with 16 workers.
[PhysX] Initialized MultithreadedTaskDispatcher with 16 workers.
 -> (artifact id: '50fedd7b8d8eba3510656be56b13c30b') in 0.035511 seconds
Number of updated asset objects reloaded before import = 0
Number of asset objects unloaded after import = 14
========================================================================
Received Import Request.
  Time since last request: 89.505591 seconds.
  path: Assets/Brick Project Studio/Apartment Kit/_Prefabs/Apt Build Kit/Interiors/Walls Frames & Doors/Apt_01/Int_Apt_01_Pillar_3x3.prefab
  artifactKey: Guid(867f5b00c17d4de4db8a0cb3f519283b) Importer(815301076,1909f56bfc062723c751e8b465ee728b)
Start importing Assets/Brick Project Studio/Apartment Kit/_Prefabs/Apt Build Kit/Interiors/Walls Frames & Doors/Apt_01/Int_Apt_01_Pillar_3x3.prefab using Guid(867f5b00c17d4de4db8a0cb3f519283b) Importer(815301076,1909f56bfc062723c751e8b465ee728b) [PhysX] Initialized MultithreadedTaskDispatcher with 16 workers.
[PhysX] Initialized MultithreadedTaskDispatcher with 16 workers.
 -> (artifact id: '001f30a585b69298638a81a240124b96') in 0.030382 seconds
Number of updated asset objects reloaded before import = 0
Number of asset objects unloaded after import = 16
========================================================================
Received Import Request.
  Time since last request: 0.000025 seconds.
  path: Assets/Brick Project Studio/Apartment Kit/_Prefabs/Apt Build Kit/Interiors/Walls Frames & Doors/Apt_01/Int_Apt_01_Wall_03.prefab
  artifactKey: Guid(0ef87058d11dd764abf30aefa470c526) Importer(815301076,1909f56bfc062723c751e8b465ee728b)
Start importing Assets/Brick Project Studio/Apartment Kit/_Prefabs/Apt Build Kit/Interiors/Walls Frames & Doors/Apt_01/Int_Apt_01_Wall_03.prefab using Guid(0ef87058d11dd764abf30aefa470c526) Importer(815301076,1909f56bfc062723c751e8b465ee728b) [PhysX] Initialized MultithreadedTaskDispatcher with 16 workers.
[PhysX] Initialized MultithreadedTaskDispatcher with 16 workers.
 -> (artifact id: '8ba6a4034791d3914931a614ead17d78') in 0.032526 seconds
Number of updated asset objects reloaded before import = 0
Number of asset objects unloaded after import = 16
========================================================================
Received Import Request.
  Time since last request: 0.000037 seconds.
  path: Assets/Brick Project Studio/Apartment Kit/_Prefabs/Apt Build Kit/Interiors/Walls Frames & Doors/Apt_01/Int_Apt_01_Wall_Double_01.prefab
  artifactKey: Guid(252cc1d947dc9f34fa0d633f87bbcfc0) Importer(815301076,1909f56bfc062723c751e8b465ee728b)
Start importing Assets/Brick Project Studio/Apartment Kit/_Prefabs/Apt Build Kit/Interiors/Walls Frames & Doors/Apt_01/Int_Apt_01_Wall_Double_01.prefab using Guid(252cc1d947dc9f34fa0d633f87bbcfc0) Importer(815301076,1909f56bfc062723c751e8b465ee728b) [PhysX] Initialized MultithreadedTaskDispatcher with 16 workers.
[PhysX] Initialized MultithreadedTaskDispatcher with 16 workers.
 -> (artifact id: 'e15bf55ae151e6bba9f879f6ade5dddf') in 0.028513 seconds
Number of updated asset objects reloaded before import = 0
Number of asset objects unloaded after import = 16
========================================================================
Received Import Request.
  Time since last request: 0.000023 seconds.
  path: Assets/Brick Project Studio/Apartment Kit/_Prefabs/Apt Build Kit/Interiors/Walls Frames & Doors/Apt_02/Int_Apt_02_Pillar_4x4.prefab
  artifactKey: Guid(b6eb91e203f46fb4c8f3ae98b953a325) Importer(815301076,1909f56bfc062723c751e8b465ee728b)
Start importing Assets/Brick Project Studio/Apartment Kit/_Prefabs/Apt Build Kit/Interiors/Walls Frames & Doors/Apt_02/Int_Apt_02_Pillar_4x4.prefab using Guid(b6eb91e203f46fb4c8f3ae98b953a325) Importer(815301076,1909f56bfc062723c751e8b465ee728b) [PhysX] Initialized MultithreadedTaskDispatcher with 16 workers.
[PhysX] Initialized MultithreadedTaskDispatcher with 16 workers.
 -> (artifact id: 'c50c8e10b7dc2506786d1fa2ac99baef') in 0.021030 seconds
Number of updated asset objects reloaded before import = 0
Number of asset objects unloaded after import = 15
========================================================================
Received Import Request.
  Time since last request: 0.000023 seconds.
  path: Assets/Brick Project Studio/Apartment Kit/_Prefabs/Apt Build Kit/Interiors/Walls Frames & Doors/Apt_01/Int_Apt_01_Wall_02.prefab
  artifactKey: Guid(f01b8dde2f2266c4a9c87acaa4ed6003) Importer(815301076,1909f56bfc062723c751e8b465ee728b)
Start importing Assets/Brick Project Studio/Apartment Kit/_Prefabs/Apt Build Kit/Interiors/Walls Frames & Doors/Apt_01/Int_Apt_01_Wall_02.prefab using Guid(f01b8dde2f2266c4a9c87acaa4ed6003) Importer(815301076,1909f56bfc062723c751e8b465ee728b) [PhysX] Initialized MultithreadedTaskDispatcher with 16 workers.
[PhysX] Initialized MultithreadedTaskDispatcher with 16 workers.
 -> (artifact id: '2bcce588ec8f91e00888e759f4785843') in 0.023783 seconds
Number of updated asset objects reloaded before import = 0
Number of asset objects unloaded after import = 16
========================================================================
Received Import Request.
  Time since last request: 0.000021 seconds.
  path: Assets/Brick Project Studio/Apartment Kit/_Prefabs/Apt Build Kit/Interiors/Walls Frames & Doors/Apt_01/Int_Apt_01_Wall_04.prefab
  artifactKey: Guid(e4a073a915d15da469c414beeb6fef2b) Importer(815301076,1909f56bfc062723c751e8b465ee728b)
Start importing Assets/Brick Project Studio/Apartment Kit/_Prefabs/Apt Build Kit/Interiors/Walls Frames & Doors/Apt_01/Int_Apt_01_Wall_04.prefab using Guid(e4a073a915d15da469c414beeb6fef2b) Importer(815301076,1909f56bfc062723c751e8b465ee728b) [PhysX] Initialized MultithreadedTaskDispatcher with 16 workers.
[PhysX] Initialized MultithreadedTaskDispatcher with 16 workers.
 -> (artifact id: '3578996cb6d711bae4eea06ba79b06d7') in 0.024540 seconds
Number of updated asset objects reloaded before import = 0
Number of asset objects unloaded after import = 16
========================================================================
Received Import Request.
  Time since last request: 0.000021 seconds.
  path: Assets/Brick Project Studio/Apartment Kit/_Prefabs/Apt Build Kit/Interiors/Walls Frames & Doors/Apt_02/Int_Apt_02_Corner_01.prefab
  artifactKey: Guid(5751082ea532e49478e631f5ff9a1cfa) Importer(815301076,1909f56bfc062723c751e8b465ee728b)
Start importing Assets/Brick Project Studio/Apartment Kit/_Prefabs/Apt Build Kit/Interiors/Walls Frames & Doors/Apt_02/Int_Apt_02_Corner_01.prefab using Guid(5751082ea532e49478e631f5ff9a1cfa) Importer(815301076,1909f56bfc062723c751e8b465ee728b) [PhysX] Initialized MultithreadedTaskDispatcher with 16 workers.
[PhysX] Initialized MultithreadedTaskDispatcher with 16 workers.
 -> (artifact id: '4fc0dd73131b53107b2a420896ba20bd') in 0.026799 seconds
Number of updated asset objects reloaded before import = 0
Number of asset objects unloaded after import = 15
========================================================================
Received Import Request.
  Time since last request: 0.000023 seconds.
  path: Assets/Brick Project Studio/Apartment Kit/_Prefabs/Apt Build Kit/Interiors/Walls Frames & Doors/Apt_02/Int_Apt_02_Wall_01.prefab
  artifactKey: Guid(fb28b01c668360548b1caee1ee42ac7e) Importer(815301076,1909f56bfc062723c751e8b465ee728b)
Start importing Assets/Brick Project Studio/Apartment Kit/_Prefabs/Apt Build Kit/Interiors/Walls Frames & Doors/Apt_02/Int_Apt_02_Wall_01.prefab using Guid(fb28b01c668360548b1caee1ee42ac7e) Importer(815301076,1909f56bfc062723c751e8b465ee728b) [PhysX] Initialized MultithreadedTaskDispatcher with 16 workers.
[PhysX] Initialized MultithreadedTaskDispatcher with 16 workers.
 -> (artifact id: 'b20cbbedce61cad9394166e64df891bf') in 0.020679 seconds
Number of updated asset objects reloaded before import = 0
Number of asset objects unloaded after import = 15
========================================================================
Received Import Request.
  Time since last request: 0.000025 seconds.
  path: Assets/Brick Project Studio/Apartment Kit/_Prefabs/Apt Build Kit/Interiors/Walls Frames & Doors/Apt_01/Int_Apt_01_Wall_01.prefab
  artifactKey: Guid(c5be39b879c83f54d9bbfebe68c809be) Importer(815301076,1909f56bfc062723c751e8b465ee728b)
Start importing Assets/Brick Project Studio/Apartment Kit/_Prefabs/Apt Build Kit/Interiors/Walls Frames & Doors/Apt_01/Int_Apt_01_Wall_01.prefab using Guid(c5be39b879c83f54d9bbfebe68c809be) Importer(815301076,1909f56bfc062723c751e8b465ee728b) [PhysX] Initialized MultithreadedTaskDispatcher with 16 workers.
[PhysX] Initialized MultithreadedTaskDispatcher with 16 workers.
 -> (artifact id: 'c185990619434b8bde4eca735ff30a17') in 0.028672 seconds
Number of updated asset objects reloaded before import = 0
Number of asset objects unloaded after import = 16
========================================================================
Received Import Request.
  Time since last request: 0.313722 seconds.
  path: Assets/Brick Project Studio/Apartment Kit/_Prefabs/Apt Build Kit/Interiors/Walls Frames & Doors/Apt_02/Int_Apt_02_Wall_04.prefab
  artifactKey: Guid(0d62acd7333a2844eb00217800ed1f99) Importer(815301076,1909f56bfc062723c751e8b465ee728b)
Start importing Assets/Brick Project Studio/Apartment Kit/_Prefabs/Apt Build Kit/Interiors/Walls Frames & Doors/Apt_02/Int_Apt_02_Wall_04.prefab using Guid(0d62acd7333a2844eb00217800ed1f99) Importer(815301076,1909f56bfc062723c751e8b465ee728b) [PhysX] Initialized MultithreadedTaskDispatcher with 16 workers.
[PhysX] Initialized MultithreadedTaskDispatcher with 16 workers.
 -> (artifact id: '0582dc1daa35839cfa2f89c35cb043bd') in 0.021827 seconds
Number of updated asset objects reloaded before import = 0
Number of asset objects unloaded after import = 15
========================================================================
Received Import Request.
  Time since last request: 0.000022 seconds.
  path: Assets/Brick Project Studio/Apartment Kit/_Prefabs/Apt Build Kit/Interiors/Walls Frames & Doors/Apt_03/Int_Apt_03_Wall_01.prefab
  artifactKey: Guid(42f30c85f9e074e4eb17ea01048327d2) Importer(815301076,1909f56bfc062723c751e8b465ee728b)
Start importing Assets/Brick Project Studio/Apartment Kit/_Prefabs/Apt Build Kit/Interiors/Walls Frames & Doors/Apt_03/Int_Apt_03_Wall_01.prefab using Guid(42f30c85f9e074e4eb17ea01048327d2) Importer(815301076,1909f56bfc062723c751e8b465ee728b) [PhysX] Initialized MultithreadedTaskDispatcher with 16 workers.
[PhysX] Initialized MultithreadedTaskDispatcher with 16 workers.
 -> (artifact id: 'c81e4c69fc450204680f7872528ca188') in 0.021323 seconds
Number of updated asset objects reloaded before import = 0
Number of asset objects unloaded after import = 15
========================================================================
Received Import Request.
  Time since last request: 0.000023 seconds.
  path: Assets/Brick Project Studio/Apartment Kit/_Prefabs/Apt Build Kit/Interiors/Walls Frames & Doors/Apt_03/Int_Apt_03_Wall_04.prefab
  artifactKey: Guid(00db1187d63c7404591f8f93f3547629) Importer(815301076,1909f56bfc062723c751e8b465ee728b)
Start importing Assets/Brick Project Studio/Apartment Kit/_Prefabs/Apt Build Kit/Interiors/Walls Frames & Doors/Apt_03/Int_Apt_03_Wall_04.prefab using Guid(00db1187d63c7404591f8f93f3547629) Importer(815301076,1909f56bfc062723c751e8b465ee728b) [PhysX] Initialized MultithreadedTaskDispatcher with 16 workers.
[PhysX] Initialized MultithreadedTaskDispatcher with 16 workers.
 -> (artifact id: 'ba24bb3969c56db566cf4c59f93096c5') in 0.023552 seconds
Number of updated asset objects reloaded before import = 0
Number of asset objects unloaded after import = 15
========================================================================
Received Import Request.
  Time since last request: 0.000027 seconds.
  path: Assets/Brick Project Studio/_BPS Basic Assets/_Prefabs/Basic Asset/BA Build Kit/Interior/Int_01/Int_BA_01_Filler_02.prefab
  artifactKey: Guid(586efc4ccee24ca4883a7542f1e326bb) Importer(815301076,1909f56bfc062723c751e8b465ee728b)
Start importing Assets/Brick Project Studio/_BPS Basic Assets/_Prefabs/Basic Asset/BA Build Kit/Interior/Int_01/Int_BA_01_Filler_02.prefab using Guid(586efc4ccee24ca4883a7542f1e326bb) Importer(815301076,1909f56bfc062723c751e8b465ee728b) [PhysX] Initialized MultithreadedTaskDispatcher with 16 workers.
[PhysX] Initialized MultithreadedTaskDispatcher with 16 workers.
 -> (artifact id: '5e06df66a5f0377cac0b5d718d47d16a') in 0.016556 seconds
Number of updated asset objects reloaded before import = 0
Number of asset objects unloaded after import = 14
========================================================================
Received Import Request.
  Time since last request: 0.000035 seconds.
  path: Assets/Brick Project Studio/Apartment Kit/_Prefabs/Apt Build Kit/Interiors/Walls Frames & Doors/Apt_03/Int_Apt_03_Pillar_2x2.prefab
  artifactKey: Guid(7536b5cab7fa6894e9909e4f8ec3bd69) Importer(815301076,1909f56bfc062723c751e8b465ee728b)
Start importing Assets/Brick Project Studio/Apartment Kit/_Prefabs/Apt Build Kit/Interiors/Walls Frames & Doors/Apt_03/Int_Apt_03_Pillar_2x2.prefab using Guid(7536b5cab7fa6894e9909e4f8ec3bd69) Importer(815301076,1909f56bfc062723c751e8b465ee728b) [PhysX] Initialized MultithreadedTaskDispatcher with 16 workers.
[PhysX] Initialized MultithreadedTaskDispatcher with 16 workers.
 -> (artifact id: 'e683a9e302b69bf4049e06c962703f07') in 0.019964 seconds
Number of updated asset objects reloaded before import = 0
Number of asset objects unloaded after import = 15
========================================================================
Received Import Request.
  Time since last request: 0.000032 seconds.
  path: Assets/Brick Project Studio/Apartment Kit/_Prefabs/Apt Build Kit/Interiors/Walls Frames & Doors/Apt_03/Int_Apt_03_Pillar_3x3.prefab
  artifactKey: Guid(77057a053541fb344a2d4dc020cbf68a) Importer(815301076,1909f56bfc062723c751e8b465ee728b)
Start importing Assets/Brick Project Studio/Apartment Kit/_Prefabs/Apt Build Kit/Interiors/Walls Frames & Doors/Apt_03/Int_Apt_03_Pillar_3x3.prefab using Guid(77057a053541fb344a2d4dc020cbf68a) Importer(815301076,1909f56bfc062723c751e8b465ee728b) [PhysX] Initialized MultithreadedTaskDispatcher with 16 workers.
[PhysX] Initialized MultithreadedTaskDispatcher with 16 workers.
 -> (artifact id: '42ba9afbc18463636276c59f7b6e0c4b') in 0.022808 seconds
Number of updated asset objects reloaded before import = 0
Number of asset objects unloaded after import = 15
========================================================================
Received Import Request.
  Time since last request: 0.000024 seconds.
  path: Assets/Brick Project Studio/Apartment Kit/_Prefabs/Apt Build Kit/Interiors/Walls Frames & Doors/Apt_03/Int_Apt_03_Wall_02.prefab
  artifactKey: Guid(1b521e989c39fb544aaf387f9eda3db9) Importer(815301076,1909f56bfc062723c751e8b465ee728b)
Start importing Assets/Brick Project Studio/Apartment Kit/_Prefabs/Apt Build Kit/Interiors/Walls Frames & Doors/Apt_03/Int_Apt_03_Wall_02.prefab using Guid(1b521e989c39fb544aaf387f9eda3db9) Importer(815301076,1909f56bfc062723c751e8b465ee728b) [PhysX] Initialized MultithreadedTaskDispatcher with 16 workers.
[PhysX] Initialized MultithreadedTaskDispatcher with 16 workers.
 -> (artifact id: '8b0b3403c8cba09ebeeadd2dd0dbddb5') in 0.020765 seconds
Number of updated asset objects reloaded before import = 0
Number of asset objects unloaded after import = 15
========================================================================
Received Import Request.
  Time since last request: 0.000023 seconds.
  path: Assets/Brick Project Studio/_BPS Basic Assets/_Prefabs/Basic Asset/BA Build Kit/Interior/Int_01/int_BA_01_Ceiling_01.prefab
  artifactKey: Guid(cb2e86b9dfb7ed64893d3d6345e3180d) Importer(815301076,1909f56bfc062723c751e8b465ee728b)
Start importing Assets/Brick Project Studio/_BPS Basic Assets/_Prefabs/Basic Asset/BA Build Kit/Interior/Int_01/int_BA_01_Ceiling_01.prefab using Guid(cb2e86b9dfb7ed64893d3d6345e3180d) Importer(815301076,1909f56bfc062723c751e8b465ee728b) [PhysX] Initialized MultithreadedTaskDispatcher with 16 workers.
[PhysX] Initialized MultithreadedTaskDispatcher with 16 workers.
 -> (artifact id: '509fd5715af026a81715274dcb3e6f23') in 0.016377 seconds
Number of updated asset objects reloaded before import = 0
Number of asset objects unloaded after import = 14
========================================================================
Received Import Request.
  Time since last request: 0.000019 seconds.
  path: Assets/Brick Project Studio/Apartment Kit/_Prefabs/Apt Build Kit/Interiors/Flooring & Ceilings/Int_apt_03_Floor_01.prefab
  artifactKey: Guid(57b8e39375d93984895e498850c28ef7) Importer(815301076,1909f56bfc062723c751e8b465ee728b)
Start importing Assets/Brick Project Studio/Apartment Kit/_Prefabs/Apt Build Kit/Interiors/Flooring & Ceilings/Int_apt_03_Floor_01.prefab using Guid(57b8e39375d93984895e498850c28ef7) Importer(815301076,1909f56bfc062723c751e8b465ee728b) [PhysX] Initialized MultithreadedTaskDispatcher with 16 workers.
[PhysX] Initialized MultithreadedTaskDispatcher with 16 workers.
 -> (artifact id: '7535aa8371e6d9ede6b9c8ce4a4fd639') in 0.018990 seconds
Number of updated asset objects reloaded before import = 0
Number of asset objects unloaded after import = 15
========================================================================
Received Import Request.
  Time since last request: 1.986897 seconds.
  path: Assets/Brick Project Studio/_BPS Basic Assets/_Prefabs/Basic Asset/BA Build Kit/Interior/Int_01/Int_BA_01_Pillar_3x3.prefab
  artifactKey: Guid(7e9fb32cd7ac0de4c81c480a5478d86a) Importer(815301076,1909f56bfc062723c751e8b465ee728b)
Start importing Assets/Brick Project Studio/_BPS Basic Assets/_Prefabs/Basic Asset/BA Build Kit/Interior/Int_01/Int_BA_01_Pillar_3x3.prefab using Guid(7e9fb32cd7ac0de4c81c480a5478d86a) Importer(815301076,1909f56bfc062723c751e8b465ee728b) [PhysX] Initialized MultithreadedTaskDispatcher with 16 workers.
[PhysX] Initialized MultithreadedTaskDispatcher with 16 workers.
 -> (artifact id: '3391aa2b8d30965d5b6c9973884b469d') in 0.015993 seconds
Number of updated asset objects reloaded before import = 0
Number of asset objects unloaded after import = 14
========================================================================
Received Import Request.
  Time since last request: 0.000018 seconds.
  path: Assets/Brick Project Studio/_BPS Basic Assets/_Prefabs/Basic Asset/BA Build Kit/Interior/Int_01/Int_BA_01_Wall_02.prefab
  artifactKey: Guid(feb38e40cfc697547a18577613164676) Importer(815301076,1909f56bfc062723c751e8b465ee728b)
Start importing Assets/Brick Project Studio/_BPS Basic Assets/_Prefabs/Basic Asset/BA Build Kit/Interior/Int_01/Int_BA_01_Wall_02.prefab using Guid(feb38e40cfc697547a18577613164676) Importer(815301076,1909f56bfc062723c751e8b465ee728b) [PhysX] Initialized MultithreadedTaskDispatcher with 16 workers.
[PhysX] Initialized MultithreadedTaskDispatcher with 16 workers.
 -> (artifact id: '3ca054b592f363e25197f6b0922e7fbd') in 0.014910 seconds
Number of updated asset objects reloaded before import = 0
Number of asset objects unloaded after import = 14
========================================================================
Received Import Request.
  Time since last request: 0.000021 seconds.
  path: Assets/Brick Project Studio/_BPS Basic Assets/_Prefabs/Basic Asset/BA Build Kit/Interior/Int_02/Int_BA_02_Pillar_2x2.prefab
  artifactKey: Guid(20e4763b1e1f5c340bd98eb80461ba0d) Importer(815301076,1909f56bfc062723c751e8b465ee728b)
Start importing Assets/Brick Project Studio/_BPS Basic Assets/_Prefabs/Basic Asset/BA Build Kit/Interior/Int_02/Int_BA_02_Pillar_2x2.prefab using Guid(20e4763b1e1f5c340bd98eb80461ba0d) Importer(815301076,1909f56bfc062723c751e8b465ee728b) [PhysX] Initialized MultithreadedTaskDispatcher with 16 workers.
[PhysX] Initialized MultithreadedTaskDispatcher with 16 workers.
 -> (artifact id: '2af98ec19de4898bfeae6af1462e39dd') in 0.017188 seconds
Number of updated asset objects reloaded before import = 0
Number of asset objects unloaded after import = 14
========================================================================
Received Import Request.
  Time since last request: 0.000018 seconds.
  path: Assets/Brick Project Studio/_BPS Basic Assets/_Prefabs/Basic Asset/BA Build Kit/Interior/Int_02/Int_BA_02_Filler_03.prefab
  artifactKey: Guid(955b182ab620d7443bf8c4ba6a621940) Importer(815301076,1909f56bfc062723c751e8b465ee728b)
Start importing Assets/Brick Project Studio/_BPS Basic Assets/_Prefabs/Basic Asset/BA Build Kit/Interior/Int_02/Int_BA_02_Filler_03.prefab using Guid(955b182ab620d7443bf8c4ba6a621940) Importer(815301076,1909f56bfc062723c751e8b465ee728b) [PhysX] Initialized MultithreadedTaskDispatcher with 16 workers.
[PhysX] Initialized MultithreadedTaskDispatcher with 16 workers.
 -> (artifact id: 'b0b12bf745681727d25085cde08783a9') in 0.014940 seconds
Number of updated asset objects reloaded before import = 0
Number of asset objects unloaded after import = 13
========================================================================
Received Import Request.
  Time since last request: 0.000026 seconds.
  path: Assets/Brick Project Studio/_BPS Basic Assets/_Prefabs/Restroom/RR Build Kit/Walls/Int_RR_01_Corner_01.prefab
  artifactKey: Guid(9fab82907283f784f961207d664b2625) Importer(815301076,1909f56bfc062723c751e8b465ee728b)
Start importing Assets/Brick Project Studio/_BPS Basic Assets/_Prefabs/Restroom/RR Build Kit/Walls/Int_RR_01_Corner_01.prefab using Guid(9fab82907283f784f961207d664b2625) Importer(815301076,1909f56bfc062723c751e8b465ee728b) [PhysX] Initialized MultithreadedTaskDispatcher with 16 workers.
[PhysX] Initialized MultithreadedTaskDispatcher with 16 workers.
 -> (artifact id: 'ce09824dd5f9363ceb5584a528b48980') in 0.023813 seconds
Number of updated asset objects reloaded before import = 0
Number of asset objects unloaded after import = 15
========================================================================
Received Import Request.
  Time since last request: 0.000021 seconds.
  path: Assets/Brick Project Studio/_BPS Basic Assets/_Prefabs/Basic Asset/BA Build Kit/Interior/Doors Frames/Int_BA_Frame_01.prefab
  artifactKey: Guid(b973231003cf93b4f8dd9837bafc50cb) Importer(815301076,1909f56bfc062723c751e8b465ee728b)
Start importing Assets/Brick Project Studio/_BPS Basic Assets/_Prefabs/Basic Asset/BA Build Kit/Interior/Doors Frames/Int_BA_Frame_01.prefab using Guid(b973231003cf93b4f8dd9837bafc50cb) Importer(815301076,1909f56bfc062723c751e8b465ee728b) [PhysX] Initialized MultithreadedTaskDispatcher with 16 workers.
[PhysX] Initialized MultithreadedTaskDispatcher with 16 workers.
 -> (artifact id: '01eaf59ce1ace20cf54b9aeb1c4179d9') in 0.024149 seconds
Number of updated asset objects reloaded before import = 0
Number of asset objects unloaded after import = 43
========================================================================
Received Import Request.
  Time since last request: 0.000019 seconds.
  path: Assets/Brick Project Studio/_BPS Basic Assets/_Prefabs/Restroom/RR Build Kit/Floors Ceilings/Int_RR_01_Ceiling_01.prefab
  artifactKey: Guid(55489656333abb749a864446e5879d06) Importer(815301076,1909f56bfc062723c751e8b465ee728b)
Start importing Assets/Brick Project Studio/_BPS Basic Assets/_Prefabs/Restroom/RR Build Kit/Floors Ceilings/Int_RR_01_Ceiling_01.prefab using Guid(55489656333abb749a864446e5879d06) Importer(815301076,1909f56bfc062723c751e8b465ee728b) [PhysX] Initialized MultithreadedTaskDispatcher with 16 workers.
[PhysX] Initialized MultithreadedTaskDispatcher with 16 workers.
 -> (artifact id: '283b1d73dbda1b892aa0c1ec9795a153') in 0.018918 seconds
Number of updated asset objects reloaded before import = 0
Number of asset objects unloaded after import = 15
========================================================================
Received Import Request.
  Time since last request: 0.000021 seconds.
  path: Assets/Brick Project Studio/_BPS Basic Assets/_Prefabs/Basic Asset/BA Build Kit/Interior/Int_02/Int_BA_02_Floor_01.prefab
  artifactKey: Guid(3d085e6f9521f33418df246d3b5f694f) Importer(815301076,1909f56bfc062723c751e8b465ee728b)
Start importing Assets/Brick Project Studio/_BPS Basic Assets/_Prefabs/Basic Asset/BA Build Kit/Interior/Int_02/Int_BA_02_Floor_01.prefab using Guid(3d085e6f9521f33418df246d3b5f694f) Importer(815301076,1909f56bfc062723c751e8b465ee728b) [PhysX] Initialized MultithreadedTaskDispatcher with 16 workers.
[PhysX] Initialized MultithreadedTaskDispatcher with 16 workers.
 -> (artifact id: '93f7768aeb388e4d2d94c092bdde4426') in 0.015155 seconds
Number of updated asset objects reloaded before import = 0
Number of asset objects unloaded after import = 14
========================================================================
Received Import Request.
  Time since last request: 0.000017 seconds.
  path: Assets/Brick Project Studio/_BPS Basic Assets/_Prefabs/Basic Asset/BA Build Kit/Interior/Int_02/Int_BA_02_Ceiling_01.prefab
  artifactKey: Guid(c8a35b1154033a342ac94fd67adf1991) Importer(815301076,1909f56bfc062723c751e8b465ee728b)
Start importing Assets/Brick Project Studio/_BPS Basic Assets/_Prefabs/Basic Asset/BA Build Kit/Interior/Int_02/Int_BA_02_Ceiling_01.prefab using Guid(c8a35b1154033a342ac94fd67adf1991) Importer(815301076,1909f56bfc062723c751e8b465ee728b) [PhysX] Initialized MultithreadedTaskDispatcher with 16 workers.
[PhysX] Initialized MultithreadedTaskDispatcher with 16 workers.
 -> (artifact id: '07d09dc73bb06b883a6a48e03c593e80') in 0.015217 seconds
Number of updated asset objects reloaded before import = 0
Number of asset objects unloaded after import = 14
========================================================================
Received Import Request.
  Time since last request: 0.000019 seconds.
  path: Assets/Brick Project Studio/_BPS Basic Assets/_Prefabs/Basic Asset/BA Build Kit/Interior/Doors Frames/Int_BA_Frame_02.prefab
  artifactKey: Guid(6b0fe008d0f2fd649ba26243e4ef0ee8) Importer(815301076,1909f56bfc062723c751e8b465ee728b)
Start importing Assets/Brick Project Studio/_BPS Basic Assets/_Prefabs/Basic Asset/BA Build Kit/Interior/Doors Frames/Int_BA_Frame_02.prefab using Guid(6b0fe008d0f2fd649ba26243e4ef0ee8) Importer(815301076,1909f56bfc062723c751e8b465ee728b) [PhysX] Initialized MultithreadedTaskDispatcher with 16 workers.
[PhysX] Initialized MultithreadedTaskDispatcher with 16 workers.
 -> (artifact id: '3f5640f416d982cb803ceb60f11dc972') in 0.013048 seconds
Number of updated asset objects reloaded before import = 0
Number of asset objects unloaded after import = 14
========================================================================
Received Import Request.
  Time since last request: 0.000018 seconds.
  path: Assets/Brick Project Studio/_BPS Basic Assets/_Prefabs/Basic Asset/BA Build Kit/Interior/Int_02/Int_BA_02_Pillar_4x4.prefab
  artifactKey: Guid(ffc1f19e9cc243a428196fcf5e1e552a) Importer(815301076,1909f56bfc062723c751e8b465ee728b)
Start importing Assets/Brick Project Studio/_BPS Basic Assets/_Prefabs/Basic Asset/BA Build Kit/Interior/Int_02/Int_BA_02_Pillar_4x4.prefab using Guid(ffc1f19e9cc243a428196fcf5e1e552a) Importer(815301076,1909f56bfc062723c751e8b465ee728b) [PhysX] Initialized MultithreadedTaskDispatcher with 16 workers.
[PhysX] Initialized MultithreadedTaskDispatcher with 16 workers.
 -> (artifact id: 'd63e75e365087974499932f7e7725a09') in 0.015866 seconds
Number of updated asset objects reloaded before import = 0
Number of asset objects unloaded after import = 14
========================================================================
Received Import Request.
  Time since last request: 0.000036 seconds.
  path: Assets/Brick Project Studio/_BPS Basic Assets/_Prefabs/Basic Asset/BA Build Kit/Interior/Int_02/Int_BA_02_Wall_01.prefab
  artifactKey: Guid(74787c4efc3c48d48ba66f7b4a32b975) Importer(815301076,1909f56bfc062723c751e8b465ee728b)
Start importing Assets/Brick Project Studio/_BPS Basic Assets/_Prefabs/Basic Asset/BA Build Kit/Interior/Int_02/Int_BA_02_Wall_01.prefab using Guid(74787c4efc3c48d48ba66f7b4a32b975) Importer(815301076,1909f56bfc062723c751e8b465ee728b) [PhysX] Initialized MultithreadedTaskDispatcher with 16 workers.
[PhysX] Initialized MultithreadedTaskDispatcher with 16 workers.
 -> (artifact id: '743d7ce962d0ccfaf7838693ec40c060') in 0.014141 seconds
Number of updated asset objects reloaded before import = 0
Number of asset objects unloaded after import = 14
========================================================================
Received Import Request.
  Time since last request: 0.000030 seconds.
  path: Assets/Brick Project Studio/_BPS Basic Assets/_Prefabs/Basic Asset/BA Build Kit/Interior/Int_01/Int_BA_01_Pillar_4x4.prefab
  artifactKey: Guid(c83e0dcf64994e249a7357b1eb31da5a) Importer(815301076,1909f56bfc062723c751e8b465ee728b)
Start importing Assets/Brick Project Studio/_BPS Basic Assets/_Prefabs/Basic Asset/BA Build Kit/Interior/Int_01/Int_BA_01_Pillar_4x4.prefab using Guid(c83e0dcf64994e249a7357b1eb31da5a) Importer(815301076,1909f56bfc062723c751e8b465ee728b) [PhysX] Initialized MultithreadedTaskDispatcher with 16 workers.
[PhysX] Initialized MultithreadedTaskDispatcher with 16 workers.
 -> (artifact id: '4f237576444a05bd0ce46635a613f11e') in 0.018738 seconds
Number of updated asset objects reloaded before import = 0
Number of asset objects unloaded after import = 14
========================================================================
Received Import Request.
  Time since last request: 0.586991 seconds.
  path: Assets/Brick Project Studio/_BPS Basic Assets/_Prefabs/Restroom/RR Build Kit/Walls/Int_RR_01_pillar_4x4.prefab
  artifactKey: Guid(8a493615f312d5b43bc73a74f397fcdb) Importer(815301076,1909f56bfc062723c751e8b465ee728b)
Start importing Assets/Brick Project Studio/_BPS Basic Assets/_Prefabs/Restroom/RR Build Kit/Walls/Int_RR_01_pillar_4x4.prefab using Guid(8a493615f312d5b43bc73a74f397fcdb) Importer(815301076,1909f56bfc062723c751e8b465ee728b) [PhysX] Initialized MultithreadedTaskDispatcher with 16 workers.
[PhysX] Initialized MultithreadedTaskDispatcher with 16 workers.
 -> (artifact id: '6eb705f3aa85720b89a46040eeef4dc8') in 0.024005 seconds
Number of updated asset objects reloaded before import = 0
Number of asset objects unloaded after import = 15
========================================================================
Received Import Request.
  Time since last request: 0.000021 seconds.
  path: Assets/Samples/XR Interaction Toolkit/2.6.5/Starter Assets/DemoSceneAssets/Prefabs/Interactables/Interactable Simple Cube.prefab
  artifactKey: Guid(2e16046ebcbcb6742a86569d82e56cce) Importer(815301076,1909f56bfc062723c751e8b465ee728b)
Start importing Assets/Samples/XR Interaction Toolkit/2.6.5/Starter Assets/DemoSceneAssets/Prefabs/Interactables/Interactable Simple Cube.prefab using Guid(2e16046ebcbcb6742a86569d82e56cce) Importer(815301076,1909f56bfc062723c751e8b465ee728b) [PhysX] Initialized MultithreadedTaskDispatcher with 16 workers.
[PhysX] Initialized MultithreadedTaskDispatcher with 16 workers.
 -> (artifact id: '9cfa69d54968e7c2e3dadfed9375b2ec') in 0.040535 seconds
Number of updated asset objects reloaded before import = 0
Number of asset objects unloaded after import = 38
========================================================================
Received Import Request.
  Time since last request: 0.000025 seconds.
  path: Assets/Samples/XR Interaction Toolkit/2.6.5/Starter Assets/DemoSceneAssets/Prefabs/Interactables/Interactable Velocity Tracked Wedge.prefab
  artifactKey: Guid(d5615d616019430d9c2e8727e71c97fb) Importer(815301076,1909f56bfc062723c751e8b465ee728b)
Start importing Assets/Samples/XR Interaction Toolkit/2.6.5/Starter Assets/DemoSceneAssets/Prefabs/Interactables/Interactable Velocity Tracked Wedge.prefab using Guid(d5615d616019430d9c2e8727e71c97fb) Importer(815301076,1909f56bfc062723c751e8b465ee728b) [PhysX] Initialized MultithreadedTaskDispatcher with 16 workers.
[PhysX] Initialized MultithreadedTaskDispatcher with 16 workers.
 -> (artifact id: '4b9016bb7aa2c1ce6cc6ea50bd892ab2') in 0.025024 seconds
Number of updated asset objects reloaded before import = 0
Number of asset objects unloaded after import = 39
========================================================================
Received Import Request.
  Time since last request: 0.000022 seconds.
  path: Assets/Samples/XR Interaction Toolkit/2.6.5/Starter Assets/DemoSceneAssets/Prefabs/Interactables/Interactable Kinematic Torus.prefab
  artifactKey: Guid(521327bdbcb341f782d36f02cab76cb0) Importer(815301076,1909f56bfc062723c751e8b465ee728b)
Start importing Assets/Samples/XR Interaction Toolkit/2.6.5/Starter Assets/DemoSceneAssets/Prefabs/Interactables/Interactable Kinematic Torus.prefab using Guid(521327bdbcb341f782d36f02cab76cb0) Importer(815301076,1909f56bfc062723c751e8b465ee728b) [PhysX] Initialized MultithreadedTaskDispatcher with 16 workers.
[PhysX] Initialized MultithreadedTaskDispatcher with 16 workers.
 -> (artifact id: '5a35018762150d3f4404bc79f27fd6aa') in 0.017876 seconds
Number of updated asset objects reloaded before import = 0
Number of asset objects unloaded after import = 39
========================================================================
Received Import Request.
  Time since last request: 0.000020 seconds.
  path: Assets/Brick Project Studio/_BPS Basic Assets/_Prefabs/Restroom/RR Build Kit/Doors/Int_RR_DoorFrame_01_Woman.prefab
  artifactKey: Guid(f0043371e2fd88747891ddb3064283ab) Importer(815301076,1909f56bfc062723c751e8b465ee728b)
Start importing Assets/Brick Project Studio/_BPS Basic Assets/_Prefabs/Restroom/RR Build Kit/Doors/Int_RR_DoorFrame_01_Woman.prefab using Guid(f0043371e2fd88747891ddb3064283ab) Importer(815301076,1909f56bfc062723c751e8b465ee728b) [PhysX] Initialized MultithreadedTaskDispatcher with 16 workers.
[PhysX] Initialized MultithreadedTaskDispatcher with 16 workers.
 -> (artifact id: '5d1f9df2b4b655cf5a9da552feea83f8') in 0.021836 seconds
Number of updated asset objects reloaded before import = 0
Number of asset objects unloaded after import = 44
========================================================================
Received Import Request.
  Time since last request: 0.000078 seconds.
  path: Assets/Brick Project Studio/_BPS Basic Assets/_Prefabs/Basic Asset/BA Build Kit/IntExt/IntExt_BA_GlassFrameDoor_01.prefab
  artifactKey: Guid(eaaaafd5975a5d544a3d11507b3670ec) Importer(815301076,1909f56bfc062723c751e8b465ee728b)
Start importing Assets/Brick Project Studio/_BPS Basic Assets/_Prefabs/Basic Asset/BA Build Kit/IntExt/IntExt_BA_GlassFrameDoor_01.prefab using Guid(eaaaafd5975a5d544a3d11507b3670ec) Importer(815301076,1909f56bfc062723c751e8b465ee728b) [PhysX] Initialized MultithreadedTaskDispatcher with 16 workers.
[PhysX] Initialized MultithreadedTaskDispatcher with 16 workers.
 -> (artifact id: 'ee2cde1628fea5ee3c4879539e68285d') in 0.021305 seconds
Number of updated asset objects reloaded before import = 0
Number of asset objects unloaded after import = 71
========================================================================
Received Import Request.
  Time since last request: 0.000028 seconds.
  path: Assets/Brick Project Studio/_BPS Basic Assets/_Prefabs/Basic Asset/BA Build Kit/IntExt/IntExt_BA_GlassFrame_02.prefab
  artifactKey: Guid(8e3b94d51cc83074abb1a25bf3535c60) Importer(815301076,1909f56bfc062723c751e8b465ee728b)
Start importing Assets/Brick Project Studio/_BPS Basic Assets/_Prefabs/Basic Asset/BA Build Kit/IntExt/IntExt_BA_GlassFrame_02.prefab using Guid(8e3b94d51cc83074abb1a25bf3535c60) Importer(815301076,1909f56bfc062723c751e8b465ee728b) [PhysX] Initialized MultithreadedTaskDispatcher with 16 workers.
[PhysX] Initialized MultithreadedTaskDispatcher with 16 workers.
 -> (artifact id: 'ba2ba7db23dbd2e6a31cda4cf0f399e0') in 0.012802 seconds
Number of updated asset objects reloaded before import = 0
Number of asset objects unloaded after import = 19
========================================================================
Received Import Request.
  Time since last request: 0.000182 seconds.
  path: Assets/Brick Project Studio/_BPS Basic Assets/_Prefabs/Restroom/RR Build Kit/Doors/Int_RR_DoorFrame_01_Man.prefab
  artifactKey: Guid(229639aed4129534fa69a11f5305b94e) Importer(815301076,1909f56bfc062723c751e8b465ee728b)
Start importing Assets/Brick Project Studio/_BPS Basic Assets/_Prefabs/Restroom/RR Build Kit/Doors/Int_RR_DoorFrame_01_Man.prefab using Guid(229639aed4129534fa69a11f5305b94e) Importer(815301076,1909f56bfc062723c751e8b465ee728b) [PhysX] Initialized MultithreadedTaskDispatcher with 16 workers.
[PhysX] Initialized MultithreadedTaskDispatcher with 16 workers.
 -> (artifact id: '8af92bfbc76c83e92e886a081a831a8b') in 0.022899 seconds
Number of updated asset objects reloaded before import = 0
Number of asset objects unloaded after import = 44
========================================================================
Received Import Request.
  Time since last request: 0.000020 seconds.
  path: Assets/Brick Project Studio/_BPS Basic Assets/_Prefabs/Restroom/RR Build Kit/Doors/Int_RR_DoorFrame_01_Unisex.prefab
  artifactKey: Guid(5f635d348fad9f742a95c45e8aceda58) Importer(815301076,1909f56bfc062723c751e8b465ee728b)
Start importing Assets/Brick Project Studio/_BPS Basic Assets/_Prefabs/Restroom/RR Build Kit/Doors/Int_RR_DoorFrame_01_Unisex.prefab using Guid(5f635d348fad9f742a95c45e8aceda58) Importer(815301076,1909f56bfc062723c751e8b465ee728b) [PhysX] Initialized MultithreadedTaskDispatcher with 16 workers.
[PhysX] Initialized MultithreadedTaskDispatcher with 16 workers.
 -> (artifact id: 'eed81369103fa1a33032b2bd30086997') in 0.022389 seconds
Number of updated asset objects reloaded before import = 0
Number of asset objects unloaded after import = 44
========================================================================
Received Import Request.
  Time since last request: 0.565955 seconds.
  path: Assets/_Course Library/_Prefabs/Lighting/Lamp_Floor_Square.prefab
  artifactKey: Guid(f5645f5704d903542ae27070cbb0b9c0) Importer(815301076,1909f56bfc062723c751e8b465ee728b)
Start importing Assets/_Course Library/_Prefabs/Lighting/Lamp_Floor_Square.prefab using Guid(f5645f5704d903542ae27070cbb0b9c0) Importer(815301076,1909f56bfc062723c751e8b465ee728b) [PhysX] Initialized MultithreadedTaskDispatcher with 16 workers.
[PhysX] Initialized MultithreadedTaskDispatcher with 16 workers.
 -> (artifact id: '36689910816cd372e9607f31a28b4745') in 0.015636 seconds
Number of updated asset objects reloaded before import = 0
Number of asset objects unloaded after import = 22
========================================================================
Received Import Request.
  Time since last request: 0.000021 seconds.
  path: Assets/_Course Library/_Prefabs/Objects/Candles/Lightsource_Candle_Orange.prefab
  artifactKey: Guid(c13e00a1b567daf4aa2b07cfd6a7a336) Importer(815301076,1909f56bfc062723c751e8b465ee728b)
Start importing Assets/_Course Library/_Prefabs/Objects/Candles/Lightsource_Candle_Orange.prefab using Guid(c13e00a1b567daf4aa2b07cfd6a7a336) Importer(815301076,1909f56bfc062723c751e8b465ee728b) [PhysX] Initialized MultithreadedTaskDispatcher with 16 workers.
[PhysX] Initialized MultithreadedTaskDispatcher with 16 workers.
 -> (artifact id: '889401a686ec0026b7772f39eaf72818') in 0.022452 seconds
Number of updated asset objects reloaded before import = 0
Number of asset objects unloaded after import = 22
========================================================================
Received Import Request.
  Time since last request: 0.000023 seconds.
  path: Assets/_Course Library/_Prefabs/Lighting/Lamp_Table_Blue.prefab
  artifactKey: Guid(1acee1ebf7d3fa747afaa7a2ae044238) Importer(815301076,1909f56bfc062723c751e8b465ee728b)
Start importing Assets/_Course Library/_Prefabs/Lighting/Lamp_Table_Blue.prefab using Guid(1acee1ebf7d3fa747afaa7a2ae044238) Importer(815301076,1909f56bfc062723c751e8b465ee728b) [PhysX] Initialized MultithreadedTaskDispatcher with 16 workers.
[PhysX] Initialized MultithreadedTaskDispatcher with 16 workers.
 -> (artifact id: '50c9e3b52fd75660b6f00e74eaca442b') in 0.025120 seconds
Number of updated asset objects reloaded before import = 0
Number of asset objects unloaded after import = 41
========================================================================
Received Import Request.
  Time since last request: 0.000025 seconds.
  path: Assets/_Course Library/_Prefabs/Objects/Launchers/Launcher_Stapler.prefab
  artifactKey: Guid(891b1af7c2150f94f95fdcac2bcc28e4) Importer(815301076,1909f56bfc062723c751e8b465ee728b)
Start importing Assets/_Course Library/_Prefabs/Objects/Launchers/Launcher_Stapler.prefab using Guid(891b1af7c2150f94f95fdcac2bcc28e4) Importer(815301076,1909f56bfc062723c751e8b465ee728b) [PhysX] Initialized MultithreadedTaskDispatcher with 16 workers.
[PhysX] Initialized MultithreadedTaskDispatcher with 16 workers.
 -> (artifact id: '29cdc0dd0d2a69f62113ad5c4a5530a1') in 0.016248 seconds
Number of updated asset objects reloaded before import = 0
Number of asset objects unloaded after import = 24
========================================================================
Received Import Request.
  Time since last request: 0.000021 seconds.
  path: Assets/_Course Library/_Prefabs/Objects/Miscellaneous/Lighter_Candle_Green.prefab
  artifactKey: Guid(710e78790f563cb439a579a906727a28) Importer(815301076,1909f56bfc062723c751e8b465ee728b)
Start importing Assets/_Course Library/_Prefabs/Objects/Miscellaneous/Lighter_Candle_Green.prefab using Guid(710e78790f563cb439a579a906727a28) Importer(815301076,1909f56bfc062723c751e8b465ee728b) [PhysX] Initialized MultithreadedTaskDispatcher with 16 workers.
[PhysX] Initialized MultithreadedTaskDispatcher with 16 workers.
 -> (artifact id: 'ca40fd27fe2a0edffad37c05481fc812') in 0.039411 seconds
Number of updated asset objects reloaded before import = 0
Number of asset objects unloaded after import = 14
========================================================================
Received Import Request.
  Time since last request: 0.000027 seconds.
  path: Assets/_Course Library/_Prefabs/Objects/Launchers/Launcher_DartGun.prefab
  artifactKey: Guid(c7826a319a7803941adc8f0a090f1f38) Importer(815301076,1909f56bfc062723c751e8b465ee728b)
Start importing Assets/_Course Library/_Prefabs/Objects/Launchers/Launcher_DartGun.prefab using Guid(c7826a319a7803941adc8f0a090f1f38) Importer(815301076,1909f56bfc062723c751e8b465ee728b) [PhysX] Initialized MultithreadedTaskDispatcher with 16 workers.
[PhysX] Initialized MultithreadedTaskDispatcher with 16 workers.
 -> (artifact id: 'cd4741aefdf5d2e6c1f40034a8dbac29') in 0.019978 seconds
Number of updated asset objects reloaded before import = 0
Number of asset objects unloaded after import = 26
========================================================================
Received Import Request.
  Time since last request: 0.104165 seconds.
  path: Assets/_Course Library/_Prefabs/Objects/Light Sources/Lightsource_Flashlight_Yellow.prefab
  artifactKey: Guid(7ec9cd2b60ba0874f83560039ea9c8a9) Importer(815301076,1909f56bfc062723c751e8b465ee728b)
Start importing Assets/_Course Library/_Prefabs/Objects/Light Sources/Lightsource_Flashlight_Yellow.prefab using Guid(7ec9cd2b60ba0874f83560039ea9c8a9) Importer(815301076,1909f56bfc062723c751e8b465ee728b) [PhysX] Initialized MultithreadedTaskDispatcher with 16 workers.
[PhysX] Initialized MultithreadedTaskDispatcher with 16 workers.
 -> (artifact id: '4448632b795b1d23941e4c5e4443cc29') in 0.022425 seconds
Number of updated asset objects reloaded before import = 0
Number of asset objects unloaded after import = 14
========================================================================
Received Import Request.
  Time since last request: 0.000026 seconds.
  path: Assets/Low Poly Weapons VOL.1/Prefabs/M1911.prefab
  artifactKey: Guid(6f1a7354265853f44b0ed5e2e43676ad) Importer(815301076,1909f56bfc062723c751e8b465ee728b)
Start importing Assets/Low Poly Weapons VOL.1/Prefabs/M1911.prefab using Guid(6f1a7354265853f44b0ed5e2e43676ad) Importer(815301076,1909f56bfc062723c751e8b465ee728b) [PhysX] Initialized MultithreadedTaskDispatcher with 16 workers.
[PhysX] Initialized MultithreadedTaskDispatcher with 16 workers.
 -> (artifact id: '0934921ed1e9be33f9743b14017d3f02') in 0.014900 seconds
Number of updated asset objects reloaded before import = 0
Number of asset objects unloaded after import = 37
========================================================================
Received Import Request.
  Time since last request: 0.000019 seconds.
  path: Assets/_Course Library/_Prefabs/Rugs/Mat_Rect_Black.prefab
  artifactKey: Guid(7d586b4a941812f4c96edf51d20fdc73) Importer(815301076,1909f56bfc062723c751e8b465ee728b)
Start importing Assets/_Course Library/_Prefabs/Rugs/Mat_Rect_Black.prefab using Guid(7d586b4a941812f4c96edf51d20fdc73) Importer(815301076,1909f56bfc062723c751e8b465ee728b) [PhysX] Initialized MultithreadedTaskDispatcher with 16 workers.
[PhysX] Initialized MultithreadedTaskDispatcher with 16 workers.
 -> (artifact id: 'e9624999ada891a2ebd228dd1132ea41') in 0.014364 seconds
Number of updated asset objects reloaded before import = 0
Number of asset objects unloaded after import = 14
========================================================================
Received Import Request.
  Time since last request: 0.000018 seconds.
  path: Assets/_Course Library/_Prefabs/Rugs/Mat_Rect_Green.prefab
  artifactKey: Guid(65e1b17be55fde04f921004e190ce003) Importer(815301076,1909f56bfc062723c751e8b465ee728b)
Start importing Assets/_Course Library/_Prefabs/Rugs/Mat_Rect_Green.prefab using Guid(65e1b17be55fde04f921004e190ce003) Importer(815301076,1909f56bfc062723c751e8b465ee728b) [PhysX] Initialized MultithreadedTaskDispatcher with 16 workers.
[PhysX] Initialized MultithreadedTaskDispatcher with 16 workers.
 -> (artifact id: '995f4b4de9d39db52c6353b19d75d82c') in 0.024923 seconds
Number of updated asset objects reloaded before import = 0
Number of asset objects unloaded after import = 14
========================================================================
Received Import Request.
  Time since last request: 0.000021 seconds.
  path: Assets/_Course Library/_Prefabs/Rugs/Mat_Round_Blue.prefab
  artifactKey: Guid(cc8e9c60e8b51f541b58d256ac509ffd) Importer(815301076,1909f56bfc062723c751e8b465ee728b)
Start importing Assets/_Course Library/_Prefabs/Rugs/Mat_Round_Blue.prefab using Guid(cc8e9c60e8b51f541b58d256ac509ffd) Importer(815301076,1909f56bfc062723c751e8b465ee728b) [PhysX] Initialized MultithreadedTaskDispatcher with 16 workers.
[PhysX] Initialized MultithreadedTaskDispatcher with 16 workers.
 -> (artifact id: 'da238d13c9acf415546914c2df10bdab') in 0.018663 seconds
Number of updated asset objects reloaded before import = 0
Number of asset objects unloaded after import = 31
========================================================================
Received Import Request.
  Time since last request: 0.000026 seconds.
  path: Assets/Challenges/03_Training/Prefabs/Magnet.prefab
  artifactKey: Guid(76e436b666f4e3d4b8ffa548dd600ce8) Importer(815301076,1909f56bfc062723c751e8b465ee728b)
Start importing Assets/Challenges/03_Training/Prefabs/Magnet.prefab using Guid(76e436b666f4e3d4b8ffa548dd600ce8) Importer(815301076,1909f56bfc062723c751e8b465ee728b) [PhysX] Initialized MultithreadedTaskDispatcher with 16 workers.
[PhysX] Initialized MultithreadedTaskDispatcher with 16 workers.
 -> (artifact id: 'b9cb54884fc0d63bc93f48ea14de9406') in 0.055237 seconds
Number of updated asset objects reloaded before import = 0
Number of asset objects unloaded after import = 47
========================================================================
Received Import Request.
  Time since last request: 42.947639 seconds.
  path: Assets/Samples/XR Interaction Toolkit/2.6.5/Starter Assets/DemoSceneAssets/Prefabs/Climb/Multi-Anchor Teleport Reticle.prefab
  artifactKey: Guid(6eb816e9b7ce30f4cadff3d4ad7ad10c) Importer(815301076,1909f56bfc062723c751e8b465ee728b)
Start importing Assets/Samples/XR Interaction Toolkit/2.6.5/Starter Assets/DemoSceneAssets/Prefabs/Climb/Multi-Anchor Teleport Reticle.prefab using Guid(6eb816e9b7ce30f4cadff3d4ad7ad10c) Importer(815301076,1909f56bfc062723c751e8b465ee728b) [PhysX] Initialized MultithreadedTaskDispatcher with 16 workers.
 -> (artifact id: '9186c9ead28c41d32b8261d292e8f580') in 0.010263 seconds
Number of updated asset objects reloaded before import = 0
Number of asset objects unloaded after import = 40
========================================================================
Received Import Request.
  Time since last request: 0.000022 seconds.
  path: Assets/_Course Library/Particles/Particle_Fire.prefab
  artifactKey: Guid(3b83970ba45e64fc9a7749d8db540114) Importer(815301076,1909f56bfc062723c751e8b465ee728b)
Start importing Assets/_Course Library/Particles/Particle_Fire.prefab using Guid(3b83970ba45e64fc9a7749d8db540114) Importer(815301076,1909f56bfc062723c751e8b465ee728b) [PhysX] Initialized MultithreadedTaskDispatcher with 16 workers.
[PhysX] Initialized MultithreadedTaskDispatcher with 16 workers.
 -> (artifact id: 'e7eb703be7279c521e98eadc6184d411') in 0.175099 seconds
Number of updated asset objects reloaded before import = 0
Number of asset objects unloaded after import = 11
========================================================================
Received Import Request.
  Time since last request: 1.808220 seconds.
  path: Assets/_Course Library/_Prefabs/Objects/Electronics/Phone_Blue.prefab
  artifactKey: Guid(f91e2960a3aa55e469f93bf615efa036) Importer(815301076,1909f56bfc062723c751e8b465ee728b)
Start importing Assets/_Course Library/_Prefabs/Objects/Electronics/Phone_Blue.prefab using Guid(f91e2960a3aa55e469f93bf615efa036) Importer(815301076,1909f56bfc062723c751e8b465ee728b) [PhysX] Initialized MultithreadedTaskDispatcher with 16 workers.
[PhysX] Initialized MultithreadedTaskDispatcher with 16 workers.
 -> (artifact id: '356ca970c4d91afe7cc8618e92585a5d') in 0.025074 seconds
Number of updated asset objects reloaded before import = 0
Number of asset objects unloaded after import = 20
========================================================================
Received Import Request.
  Time since last request: 0.000026 seconds.
  path: Assets/_Course Library/_Prefabs/Objects/Sports/PingPong_Paddle_Red.prefab
  artifactKey: Guid(c8f3c4914ed09be4999d3eb1e3a7b5f5) Importer(815301076,1909f56bfc062723c751e8b465ee728b)
Start importing Assets/_Course Library/_Prefabs/Objects/Sports/PingPong_Paddle_Red.prefab using Guid(c8f3c4914ed09be4999d3eb1e3a7b5f5) Importer(815301076,1909f56bfc062723c751e8b465ee728b) [PhysX] Initialized MultithreadedTaskDispatcher with 16 workers.
[PhysX] Initialized MultithreadedTaskDispatcher with 16 workers.
 -> (artifact id: '10513cd718cf622eb858ac2bf6bbec30') in 0.021632 seconds
Number of updated asset objects reloaded before import = 0
Number of asset objects unloaded after import = 21
========================================================================
Received Import Request.
  Time since last request: 0.000029 seconds.
  path: Assets/_Course Library/_Prefabs/Objects/Launchers/Projectile_Dart.prefab
  artifactKey: Guid(4974b2795b7628f4c878a49beb275e6f) Importer(815301076,1909f56bfc062723c751e8b465ee728b)
Start importing Assets/_Course Library/_Prefabs/Objects/Launchers/Projectile_Dart.prefab using Guid(4974b2795b7628f4c878a49beb275e6f) Importer(815301076,1909f56bfc062723c751e8b465ee728b) [PhysX] Initialized MultithreadedTaskDispatcher with 16 workers.
[PhysX] Initialized MultithreadedTaskDispatcher with 16 workers.
 -> (artifact id: 'f33bffd44fd141598fad359fe2647293') in 0.016670 seconds
Number of updated asset objects reloaded before import = 0
Number of asset objects unloaded after import = 14
========================================================================
Received Import Request.
  Time since last request: 15.962947 seconds.
  path: Assets/Samples/XR Interaction Toolkit/2.6.5/Starter Assets/Prefabs/Interactors/Ray Interactor.prefab
  artifactKey: Guid(ad818c36731146e994540a1896ad8f24) Importer(815301076,1909f56bfc062723c751e8b465ee728b)
Start importing Assets/Samples/XR Interaction Toolkit/2.6.5/Starter Assets/Prefabs/Interactors/Ray Interactor.prefab using Guid(ad818c36731146e994540a1896ad8f24) Importer(815301076,1909f56bfc062723c751e8b465ee728b) [PhysX] Initialized MultithreadedTaskDispatcher with 16 workers.
[PhysX] Initialized MultithreadedTaskDispatcher with 16 workers.
 -> (artifact id: 'ddf180e346afd62a9add02e88ae59b3e') in 0.024294 seconds
Number of updated asset objects reloaded before import = 0
Number of asset objects unloaded after import = 12
========================================================================
Received Import Request.
  Time since last request: 14.010057 seconds.
  path: Assets/Brick Project Studio/_BPS Basic Assets/_Prefabs/Restroom/Fixtures/RR_MirrorFrame_01.prefab
  artifactKey: Guid(252461d3f6f63ab4893c8eb882ee2be0) Importer(815301076,1909f56bfc062723c751e8b465ee728b)
Start importing Assets/Brick Project Studio/_BPS Basic Assets/_Prefabs/Restroom/Fixtures/RR_MirrorFrame_01.prefab using Guid(252461d3f6f63ab4893c8eb882ee2be0) Importer(815301076,1909f56bfc062723c751e8b465ee728b) [PhysX] Initialized MultithreadedTaskDispatcher with 16 workers.
[PhysX] Initialized MultithreadedTaskDispatcher with 16 workers.
 -> (artifact id: 'e97cb04520d3af5db9c43eb8d13bbfae') in 0.021255 seconds
Number of updated asset objects reloaded before import = 0
Number of asset objects unloaded after import = 21
========================================================================
Received Import Request.
  Time since last request: 21.412048 seconds.
  path: Assets/Brick Project Studio/_BPS Basic Assets/_Prefabs/Restroom/Fixtures/RR_SoapDispenser_01.prefab
  artifactKey: Guid(912b5bb11c24b3842b28157f23895c1e) Importer(815301076,1909f56bfc062723c751e8b465ee728b)
Start importing Assets/Brick Project Studio/_BPS Basic Assets/_Prefabs/Restroom/Fixtures/RR_SoapDispenser_01.prefab using Guid(912b5bb11c24b3842b28157f23895c1e) Importer(815301076,1909f56bfc062723c751e8b465ee728b) [PhysX] Initialized MultithreadedTaskDispatcher with 16 workers.
[PhysX] Initialized MultithreadedTaskDispatcher with 16 workers.
 -> (artifact id: '13c643529aa70f6a7084815e26b3548f') in 0.032046 seconds
Number of updated asset objects reloaded before import = 0
Number of asset objects unloaded after import = 33
========================================================================
Received Import Request.
  Time since last request: 0.000026 seconds.
  path: Assets/Brick Project Studio/_BPS Basic Assets/_Prefabs/Restroom/Fixtures/RR_ToiletPaperDispenser.prefab
  artifactKey: Guid(c78bc6eecce41e24ea169a70169c6508) Importer(815301076,1909f56bfc062723c751e8b465ee728b)
Start importing Assets/Brick Project Studio/_BPS Basic Assets/_Prefabs/Restroom/Fixtures/RR_ToiletPaperDispenser.prefab using Guid(c78bc6eecce41e24ea169a70169c6508) Importer(815301076,1909f56bfc062723c751e8b465ee728b) [PhysX] Initialized MultithreadedTaskDispatcher with 16 workers.
[PhysX] Initialized MultithreadedTaskDispatcher with 16 workers.
 -> (artifact id: '516459eacffc4b16a8e75f2a87f9a18e') in 0.024963 seconds
Number of updated asset objects reloaded before import = 0
Number of asset objects unloaded after import = 23
========================================================================
Received Import Request.
  Time since last request: 0.000029 seconds.
  path: Assets/_Course Library/_Prefabs/Rugs/Rug_Oval_Blue.prefab
  artifactKey: Guid(51c07d60274ac13489e2a61ff62c251b) Importer(815301076,1909f56bfc062723c751e8b465ee728b)
Start importing Assets/_Course Library/_Prefabs/Rugs/Rug_Oval_Blue.prefab using Guid(51c07d60274ac13489e2a61ff62c251b) Importer(815301076,1909f56bfc062723c751e8b465ee728b) [PhysX] Initialized MultithreadedTaskDispatcher with 16 workers.
[PhysX] Initialized MultithreadedTaskDispatcher with 16 workers.
 -> (artifact id: '3c101b50d783a4562e2aeae10e4b4581') in 0.018167 seconds
Number of updated asset objects reloaded before import = 0
Number of asset objects unloaded after import = 20
========================================================================
Received Import Request.
  Time since last request: 0.000021 seconds.
  path: Assets/Brick Project Studio/_BPS Basic Assets/_Prefabs/Restroom/Fixtures/RR_Urinal_01.prefab
  artifactKey: Guid(34d4d82c1bf25e642924b521b8a00cd3) Importer(815301076,1909f56bfc062723c751e8b465ee728b)
Start importing Assets/Brick Project Studio/_BPS Basic Assets/_Prefabs/Restroom/Fixtures/RR_Urinal_01.prefab using Guid(34d4d82c1bf25e642924b521b8a00cd3) Importer(815301076,1909f56bfc062723c751e8b465ee728b) [PhysX] Initialized MultithreadedTaskDispatcher with 16 workers.
[PhysX] Initialized MultithreadedTaskDispatcher with 16 workers.
 -> (artifact id: '36fe4f359a81476635fe43765b6c065a') in 0.034623 seconds
Number of updated asset objects reloaded before import = 0
Number of asset objects unloaded after import = 20
========================================================================
Received Import Request.
  Time since last request: 9.097852 seconds.
  path: Assets/_Course Library/_Prefabs/Storage/Shelving_Traditional.prefab
  artifactKey: Guid(fc29def7fd957db4085fce30f5fcefcc) Importer(815301076,1909f56bfc062723c751e8b465ee728b)
Start importing Assets/_Course Library/_Prefabs/Storage/Shelving_Traditional.prefab using Guid(fc29def7fd957db4085fce30f5fcefcc) Importer(815301076,1909f56bfc062723c751e8b465ee728b) [PhysX] Initialized MultithreadedTaskDispatcher with 16 workers.
[PhysX] Initialized MultithreadedTaskDispatcher with 16 workers.
 -> (artifact id: '96ed8184fea939af9f52867f89974a49') in 0.028776 seconds
Number of updated asset objects reloaded before import = 0
Number of asset objects unloaded after import = 14
========================================================================
Received Import Request.
  Time since last request: 3.387728 seconds.
  path: Assets/_Course Library/_Prefabs/Objects/Speakers/Speaker_Boombox.prefab
  artifactKey: Guid(b1537290f47c63744ac10546e5a71f18) Importer(815301076,1909f56bfc062723c751e8b465ee728b)
Start importing Assets/_Course Library/_Prefabs/Objects/Speakers/Speaker_Boombox.prefab using Guid(b1537290f47c63744ac10546e5a71f18) Importer(815301076,1909f56bfc062723c751e8b465ee728b) [PhysX] Initialized MultithreadedTaskDispatcher with 16 workers.
[PhysX] Initialized MultithreadedTaskDispatcher with 16 workers.
 -> (artifact id: '250bbb8a5049702b499e285384ec10ef') in 0.016661 seconds
Number of updated asset objects reloaded before import = 0
Number of asset objects unloaded after import = 22
========================================================================
Received Import Request.
  Time since last request: 0.000024 seconds.
  path: Assets/_Course Library/_Prefabs/Objects/Speakers/Speaker_RecordPlayer_Gray.prefab
  artifactKey: Guid(210506ff450b7c448922566ff5280b49) Importer(815301076,1909f56bfc062723c751e8b465ee728b)
Start importing Assets/_Course Library/_Prefabs/Objects/Speakers/Speaker_RecordPlayer_Gray.prefab using Guid(210506ff450b7c448922566ff5280b49) Importer(815301076,1909f56bfc062723c751e8b465ee728b) [PhysX] Initialized MultithreadedTaskDispatcher with 16 workers.
[PhysX] Initialized MultithreadedTaskDispatcher with 16 workers.
 -> (artifact id: '994ff6137345cc9869c2a75c93ea0058') in 0.019990 seconds
Number of updated asset objects reloaded before import = 0
Number of asset objects unloaded after import = 50
========================================================================
Received Import Request.
  Time since last request: 0.000028 seconds.
  path: Assets/_Course Library/_Prefabs/Objects/Speakers/Speaker_RecordPlayer_Record_Red.prefab
  artifactKey: Guid(1af25b8b5da9b46a08e6afc037ce95de) Importer(815301076,1909f56bfc062723c751e8b465ee728b)
Start importing Assets/_Course Library/_Prefabs/Objects/Speakers/Speaker_RecordPlayer_Record_Red.prefab using Guid(1af25b8b5da9b46a08e6afc037ce95de) Importer(815301076,1909f56bfc062723c751e8b465ee728b) [PhysX] Initialized MultithreadedTaskDispatcher with 16 workers.
[PhysX] Initialized MultithreadedTaskDispatcher with 16 workers.
 -> (artifact id: '7a44c0b038d63cb6e5d164614d9ff339') in 0.020354 seconds
Number of updated asset objects reloaded before import = 0
Number of asset objects unloaded after import = 14
========================================================================
Received Import Request.
  Time since last request: 34.790732 seconds.
  path: Assets/_Course Library/_Prefabs/Tables/Table_Coffee_Modern.prefab
  artifactKey: Guid(a35b0267215e7e946a2a8f481f48fbbc) Importer(815301076,1909f56bfc062723c751e8b465ee728b)
Start importing Assets/_Course Library/_Prefabs/Tables/Table_Coffee_Modern.prefab using Guid(a35b0267215e7e946a2a8f481f48fbbc) Importer(815301076,1909f56bfc062723c751e8b465ee728b) [PhysX] Initialized MultithreadedTaskDispatcher with 16 workers.
[PhysX] Initialized MultithreadedTaskDispatcher with 16 workers.
 -> (artifact id: 'feed30233be092dbbb88ca0a0999bd20') in 0.018246 seconds
Number of updated asset objects reloaded before import = 0
Number of asset objects unloaded after import = 17
========================================================================
Received Import Request.
  Time since last request: 0.000022 seconds.
  path: Assets/_Course Library/_Prefabs/Tables/Table_Dining_Modern_Dark.prefab
  artifactKey: Guid(12c3467b95c7e5c4b9c2f42733663d2c) Importer(815301076,1909f56bfc062723c751e8b465ee728b)
Start importing Assets/_Course Library/_Prefabs/Tables/Table_Dining_Modern_Dark.prefab using Guid(12c3467b95c7e5c4b9c2f42733663d2c) Importer(815301076,1909f56bfc062723c751e8b465ee728b) [PhysX] Initialized MultithreadedTaskDispatcher with 16 workers.
[PhysX] Initialized MultithreadedTaskDispatcher with 16 workers.
 -> (artifact id: '906193a4d368218b0e7e2d1a8d93837e') in 0.016074 seconds
Number of updated asset objects reloaded before import = 0
Number of asset objects unloaded after import = 29
========================================================================
Received Import Request.
  Time since last request: 0.000024 seconds.
  path: Assets/_Course Library/_Prefabs/Tables/Table_Coffee_Traditional.prefab
  artifactKey: Guid(0d96f7bd47e015244b495190ca7e753d) Importer(815301076,1909f56bfc062723c751e8b465ee728b)
Start importing Assets/_Course Library/_Prefabs/Tables/Table_Coffee_Traditional.prefab using Guid(0d96f7bd47e015244b495190ca7e753d) Importer(815301076,1909f56bfc062723c751e8b465ee728b) [PhysX] Initialized MultithreadedTaskDispatcher with 16 workers.
[PhysX] Initialized MultithreadedTaskDispatcher with 16 workers.
 -> (artifact id: '9a45a0168610e3448931b6eaadb628fd') in 0.018326 seconds
Number of updated asset objects reloaded before import = 0
Number of asset objects unloaded after import = 20
========================================================================
Received Import Request.
  Time since last request: 0.472036 seconds.
  path: Assets/_Course Library/_Prefabs/Objects/Electronics/Tablet_Black.prefab
  artifactKey: Guid(3aa652a464bc0a443929c5bccea434f4) Importer(815301076,1909f56bfc062723c751e8b465ee728b)
Start importing Assets/_Course Library/_Prefabs/Objects/Electronics/Tablet_Black.prefab using Guid(3aa652a464bc0a443929c5bccea434f4) Importer(815301076,1909f56bfc062723c751e8b465ee728b) [PhysX] Initialized MultithreadedTaskDispatcher with 16 workers.
[PhysX] Initialized MultithreadedTaskDispatcher with 16 workers.
 -> (artifact id: 'c4b8df74e58fd4ee6a84c33e1cfbb803') in 0.018964 seconds
Number of updated asset objects reloaded before import = 0
Number of asset objects unloaded after import = 20
========================================================================
Received Import Request.
  Time since last request: 0.000021 seconds.
  path: Assets/Samples/XR Interaction Toolkit/2.6.5/Starter Assets/DemoSceneAssets/Prefabs/Teleportation Environment.prefab
  artifactKey: Guid(3e07eccb5e6f459d886de95044adb1d9) Importer(815301076,1909f56bfc062723c751e8b465ee728b)
Start importing Assets/Samples/XR Interaction Toolkit/2.6.5/Starter Assets/DemoSceneAssets/Prefabs/Teleportation Environment.prefab using Guid(3e07eccb5e6f459d886de95044adb1d9) Importer(815301076,1909f56bfc062723c751e8b465ee728b) [PhysX] Initialized MultithreadedTaskDispatcher with 16 workers.
[PhysX] Initialized MultithreadedTaskDispatcher with 16 workers.
 -> (artifact id: '697ab9e70b0bd59ada41b9f80b20294d') in 0.047507 seconds
Number of updated asset objects reloaded before import = 0
Number of asset objects unloaded after import = 177
========================================================================
Received Import Request.
  Time since last request: 0.000023 seconds.
  path: Assets/Challenges/01_Architecture/Prefabs/Teleportation Anchor.prefab
  artifactKey: Guid(6a17475d6429a42909e3be525fbc640e) Importer(815301076,1909f56bfc062723c751e8b465ee728b)
Start importing Assets/Challenges/01_Architecture/Prefabs/Teleportation Anchor.prefab using Guid(6a17475d6429a42909e3be525fbc640e) Importer(815301076,1909f56bfc062723c751e8b465ee728b) [PhysX] Initialized MultithreadedTaskDispatcher with 16 workers.
[PhysX] Initialized MultithreadedTaskDispatcher with 16 workers.
 -> (artifact id: '28f39b500bcb36c1b6eff054e3c749a6') in 0.011716 seconds
Number of updated asset objects reloaded before import = 0
Number of asset objects unloaded after import = 15
========================================================================
Received Import Request.
  Time since last request: 0.000193 seconds.
  path: Assets/_Course Library/_Prefabs/Objects/Sports/Tennis_Ball_BlueRed.prefab
  artifactKey: Guid(fa28b352862d5cd4bb3513f56942579a) Importer(815301076,1909f56bfc062723c751e8b465ee728b)
Start importing Assets/_Course Library/_Prefabs/Objects/Sports/Tennis_Ball_BlueRed.prefab using Guid(fa28b352862d5cd4bb3513f56942579a) Importer(815301076,1909f56bfc062723c751e8b465ee728b) [PhysX] Initialized MultithreadedTaskDispatcher with 16 workers.
[PhysX] Initialized MultithreadedTaskDispatcher with 16 workers.
 -> (artifact id: '50b64b71ef18a18e922ab0398bc903dc') in 0.013842 seconds
Number of updated asset objects reloaded before import = 0
Number of asset objects unloaded after import = 14
========================================================================
Received Import Request.
  Time since last request: 80.335846 seconds.
  path: Assets/Challenges/01_Architecture/Prefabs/Tree_Big.prefab
  artifactKey: Guid(f461e686ffe1346c5a3b5b3f921c578b) Importer(815301076,1909f56bfc062723c751e8b465ee728b)
Start importing Assets/Challenges/01_Architecture/Prefabs/Tree_Big.prefab using Guid(f461e686ffe1346c5a3b5b3f921c578b) Importer(815301076,1909f56bfc062723c751e8b465ee728b) [PhysX] Initialized MultithreadedTaskDispatcher with 16 workers.
[PhysX] Initialized MultithreadedTaskDispatcher with 16 workers.
 -> (artifact id: 'd557e9ff5d74fbb89f1491dd2ca7ab3d') in 0.022549 seconds
Number of updated asset objects reloaded before import = 0
Number of asset objects unloaded after import = 25
========================================================================
Received Import Request.
  Time since last request: 6.808317 seconds.
  path: Assets/Samples/XR Interaction Toolkit/2.6.5/Starter Assets/Tunneling Vignette/TunnelingVignette.prefab
  artifactKey: Guid(6c8af5c8012f01440af6cb2bc3eb987c) Importer(815301076,1909f56bfc062723c751e8b465ee728b)
Start importing Assets/Samples/XR Interaction Toolkit/2.6.5/Starter Assets/Tunneling Vignette/TunnelingVignette.prefab using Guid(6c8af5c8012f01440af6cb2bc3eb987c) Importer(815301076,1909f56bfc062723c751e8b465ee728b) [PhysX] Initialized MultithreadedTaskDispatcher with 16 workers.
[PhysX] Initialized MultithreadedTaskDispatcher with 16 workers.
 -> (artifact id: '3c3e36575c68bed570e8d18f758a7fd2') in 0.024187 seconds
Number of updated asset objects reloaded before import = 0
Number of asset objects unloaded after import = 14
========================================================================
Received Import Request.
  Time since last request: 0.000025 seconds.
  path: Assets/_Course Library/_Prefabs/VR/Hands/VR_Hand_Blue_Right.prefab
  artifactKey: Guid(a2e8ee2005c074447b929af42b7f5068) Importer(815301076,1909f56bfc062723c751e8b465ee728b)
Start importing Assets/_Course Library/_Prefabs/VR/Hands/VR_Hand_Blue_Right.prefab using Guid(a2e8ee2005c074447b929af42b7f5068) Importer(815301076,1909f56bfc062723c751e8b465ee728b) [PhysX] Initialized MultithreadedTaskDispatcher with 16 workers.
[PhysX] Initialized MultithreadedTaskDispatcher with 16 workers.
 -> (artifact id: '68fcca78ebfaa7646a2e1173e4477868') in 0.021013 seconds
Number of updated asset objects reloaded before import = 0
Number of asset objects unloaded after import = 21
========================================================================
Received Import Request.
  Time since last request: 0.000034 seconds.
  path: Assets/_Course Library/_Prefabs/VR/Hands/VR_Hand_Primitive.prefab
  artifactKey: Guid(66b7de02017114b29a1237e13b5d0f53) Importer(815301076,1909f56bfc062723c751e8b465ee728b)
Start importing Assets/_Course Library/_Prefabs/VR/Hands/VR_Hand_Primitive.prefab using Guid(66b7de02017114b29a1237e13b5d0f53) Importer(815301076,1909f56bfc062723c751e8b465ee728b) [PhysX] Initialized MultithreadedTaskDispatcher with 16 workers.
[PhysX] Initialized MultithreadedTaskDispatcher with 16 workers.
 -> (artifact id: '612e68eef4eaaebd7fd7ceed7f561b58') in 0.017678 seconds
Number of updated asset objects reloaded before import = 0
Number of asset objects unloaded after import = 17
========================================================================
Received Import Request.
  Time since last request: 0.000023 seconds.
  path: Assets/Low Poly Weapons VOL.1/Prefabs/Uzi.prefab
  artifactKey: Guid(6273e2936e9d6a24e9f64c7c70d6bd19) Importer(815301076,1909f56bfc062723c751e8b465ee728b)
Start importing Assets/Low Poly Weapons VOL.1/Prefabs/Uzi.prefab using Guid(6273e2936e9d6a24e9f64c7c70d6bd19) Importer(815301076,1909f56bfc062723c751e8b465ee728b) [PhysX] Initialized MultithreadedTaskDispatcher with 16 workers.
[PhysX] Initialized MultithreadedTaskDispatcher with 16 workers.
 -> (artifact id: 'f83e23035271f72cf99c4939fab82886') in 0.018977 seconds
Number of updated asset objects reloaded before import = 0
Number of asset objects unloaded after import = 38
========================================================================
Received Import Request.
  Time since last request: 0.000020 seconds.
  path: Assets/_Course Library/_Prefabs/VR/Hands/VR_Hand_Gray_Right.prefab
  artifactKey: Guid(d1791b6c42f7b4091950a90dbf80c441) Importer(815301076,1909f56bfc062723c751e8b465ee728b)
Start importing Assets/_Course Library/_Prefabs/VR/Hands/VR_Hand_Gray_Right.prefab using Guid(d1791b6c42f7b4091950a90dbf80c441) Importer(815301076,1909f56bfc062723c751e8b465ee728b) [PhysX] Initialized MultithreadedTaskDispatcher with 16 workers.
[PhysX] Initialized MultithreadedTaskDispatcher with 16 workers.
 -> (artifact id: '31e120f1d4ce6280a18159ff05d40f82') in 0.019673 seconds
Number of updated asset objects reloaded before import = 0
Number of asset objects unloaded after import = 21
========================================================================
Received Import Request.
  Time since last request: 0.000022 seconds.
  path: Assets/_Course Library/_Prefabs/Televisions/TV_FlatWithStand.prefab
  artifactKey: Guid(8d8fb26dd6a666247b80ad25ad1e316b) Importer(815301076,1909f56bfc062723c751e8b465ee728b)
Start importing Assets/_Course Library/_Prefabs/Televisions/TV_FlatWithStand.prefab using Guid(8d8fb26dd6a666247b80ad25ad1e316b) Importer(815301076,1909f56bfc062723c751e8b465ee728b) [PhysX] Initialized MultithreadedTaskDispatcher with 16 workers.
[PhysX] Initialized MultithreadedTaskDispatcher with 16 workers.
 -> (artifact id: '9645291f8a35d9c9315646c604f37d53') in 0.020698 seconds
Number of updated asset objects reloaded before import = 0
Number of asset objects unloaded after import = 24
========================================================================
Received Import Request.
  Time since last request: 0.000022 seconds.
  path: Assets/_Course Library/_Prefabs/VR/Hands/VR_Hand_Yellow_Left.prefab
  artifactKey: Guid(8ed7c4661c5c246c3b215268ec9f5cc5) Importer(815301076,1909f56bfc062723c751e8b465ee728b)
Start importing Assets/_Course Library/_Prefabs/VR/Hands/VR_Hand_Yellow_Left.prefab using Guid(8ed7c4661c5c246c3b215268ec9f5cc5) Importer(815301076,1909f56bfc062723c751e8b465ee728b) [PhysX] Initialized MultithreadedTaskDispatcher with 16 workers.
[PhysX] Initialized MultithreadedTaskDispatcher with 16 workers.
 -> (artifact id: '0b4ca705d71dcb4b3ec3717c488d1910') in 0.027492 seconds
Number of updated asset objects reloaded before import = 0
Number of asset objects unloaded after import = 21
========================================================================
Received Import Request.
  Time since last request: 4.229601 seconds.
  path: Assets/_Course Library/_Prefabs/VR/Reticles/VR_Reticle_Circular.prefab
  artifactKey: Guid(50f8d835961353c4a8e0c4b77d7f8876) Importer(815301076,1909f56bfc062723c751e8b465ee728b)
Start importing Assets/_Course Library/_Prefabs/VR/Reticles/VR_Reticle_Circular.prefab using Guid(50f8d835961353c4a8e0c4b77d7f8876) Importer(815301076,1909f56bfc062723c751e8b465ee728b) [PhysX] Initialized MultithreadedTaskDispatcher with 16 workers.
[PhysX] Initialized MultithreadedTaskDispatcher with 16 workers.
 -> (artifact id: 'aba48558f74e39c83cb2337aa0f3c2b0') in 0.016779 seconds
Number of updated asset objects reloaded before import = 0
Number of asset objects unloaded after import = 13
========================================================================
Received Import Request.
  Time since last request: 0.000021 seconds.
  path: Assets/_Course Library/_Prefabs/VR/Reticles/VR_Reticle_Square.prefab
  artifactKey: Guid(493691fe396bc5c40900e8a234c5c60e) Importer(815301076,1909f56bfc062723c751e8b465ee728b)
Start importing Assets/_Course Library/_Prefabs/VR/Reticles/VR_Reticle_Square.prefab using Guid(493691fe396bc5c40900e8a234c5c60e) Importer(815301076,1909f56bfc062723c751e8b465ee728b) [PhysX] Initialized MultithreadedTaskDispatcher with 16 workers.
[PhysX] Initialized MultithreadedTaskDispatcher with 16 workers.
 -> (artifact id: '202d5e0b60dfcfdc8ebb8abf647a9294') in 0.019018 seconds
Number of updated asset objects reloaded before import = 0
Number of asset objects unloaded after import = 13
========================================================================
Received Import Request.
  Time since last request: 0.014664 seconds.
  path: Assets/Samples/XR Interaction Toolkit/2.6.5/Starter Assets/Prefabs/Controllers/XR Controller Left.prefab
  artifactKey: Guid(1392f805216c47742996d4742c80721c) Importer(815301076,1909f56bfc062723c751e8b465ee728b)
Start importing Assets/Samples/XR Interaction Toolkit/2.6.5/Starter Assets/Prefabs/Controllers/XR Controller Left.prefab using Guid(1392f805216c47742996d4742c80721c) Importer(815301076,1909f56bfc062723c751e8b465ee728b) [PhysX] Initialized MultithreadedTaskDispatcher with 16 workers.
[PhysX] Initialized MultithreadedTaskDispatcher with 16 workers.
 -> (artifact id: '320db4416b7e2f3f66c484a6679da5f0') in 0.014534 seconds
Number of updated asset objects reloaded before import = 0
Number of asset objects unloaded after import = 97
========================================================================
Received Import Request.
  Time since last request: 0.000018 seconds.
  path: Assets/Samples/XR Interaction Toolkit/2.6.5/Starter Assets/Prefabs/Controllers/XR Controller Right.prefab
  artifactKey: Guid(9f3369e30fbd31f4bb596b1a99babe83) Importer(815301076,1909f56bfc062723c751e8b465ee728b)
Start importing Assets/Samples/XR Interaction Toolkit/2.6.5/Starter Assets/Prefabs/Controllers/XR Controller Right.prefab using Guid(9f3369e30fbd31f4bb596b1a99babe83) Importer(815301076,1909f56bfc062723c751e8b465ee728b) [PhysX] Initialized MultithreadedTaskDispatcher with 16 workers.
[PhysX] Initialized MultithreadedTaskDispatcher with 16 workers.
 -> (artifact id: 'af10518a7efebfb226b8c591aed2f12f') in 0.016151 seconds
Number of updated asset objects reloaded before import = 0
Number of asset objects unloaded after import = 97
========================================================================
Received Import Request.
  Time since last request: 0.000023 seconds.
  path: Assets/Samples/XR Interaction Toolkit/2.6.5/Starter Assets/Prefabs/XR Interaction Setup.prefab
  artifactKey: Guid(895f6f3c2d334633b5800312285058d2) Importer(815301076,1909f56bfc062723c751e8b465ee728b)
Start importing Assets/Samples/XR Interaction Toolkit/2.6.5/Starter Assets/Prefabs/XR Interaction Setup.prefab using Guid(895f6f3c2d334633b5800312285058d2) Importer(815301076,1909f56bfc062723c751e8b465ee728b) [PhysX] Initialized MultithreadedTaskDispatcher with 16 workers.
[PhysX] Initialized MultithreadedTaskDispatcher with 16 workers.
 -> (artifact id: '63b0f27bdf4b35effc4801bf4f36d9e3') in 0.114873 seconds
Number of updated asset objects reloaded before import = 0
Number of asset objects unloaded after import = 659
========================================================================
Received Import Request.
  Time since last request: 82.646080 seconds.
  path: Packages/com.unity.searcher/Editor/Resources/FlatSkin/Font/Roboto-BlackItalic.ttf
  artifactKey: Guid(f95147a9bab9fe649b8070170fa7ebd2) Importer(815301076,1909f56bfc062723c751e8b465ee728b)
Start importing Packages/com.unity.searcher/Editor/Resources/FlatSkin/Font/Roboto-BlackItalic.ttf using Guid(f95147a9bab9fe649b8070170fa7ebd2) Importer(815301076,1909f56bfc062723c751e8b465ee728b) [PhysX] Initialized MultithreadedTaskDispatcher with 16 workers.
[PhysX] Initialized MultithreadedTaskDispatcher with 16 workers.
[PhysX] Initialized MultithreadedTaskDispatcher with 16 workers.
 -> (artifact id: '7b6076e813a2d23dd45dc8d43e28efbf') in 0.060970 seconds
Number of updated asset objects reloaded before import = 0
Number of asset objects unloaded after import = 5
========================================================================
Received Import Request.
  Time since last request: 0.000023 seconds.
  path: Packages/com.unity.xr.interaction.toolkit/Runtime/Unity.XR.Interaction.Toolkit.asmdef
  artifactKey: Guid(fe685ec1767f73d42b749ea8045bfe43) Importer(815301076,1909f56bfc062723c751e8b465ee728b)
Start importing Packages/com.unity.xr.interaction.toolkit/Runtime/Unity.XR.Interaction.Toolkit.asmdef using Guid(fe685ec1767f73d42b749ea8045bfe43) Importer(815301076,1909f56bfc062723c751e8b465ee728b) [PhysX] Initialized MultithreadedTaskDispatcher with 16 workers.
 -> (artifact id: '4cee0a9990ea2a9d4010d9c707072c48') in 0.000968 seconds
Number of updated asset objects reloaded before import = 0
Number of asset objects unloaded after import = 0
========================================================================
Received Import Request.
  Time since last request: 0.000025 seconds.
  path: Packages/com.unity.xr.interaction.toolkit/Tests/Editor/Unity.XR.Interaction.Toolkit.Editor.Tests.asmdef
  artifactKey: Guid(324d6fb1cfd051c43837ef53c9d94010) Importer(815301076,1909f56bfc062723c751e8b465ee728b)
Start importing Packages/com.unity.xr.interaction.toolkit/Tests/Editor/Unity.XR.Interaction.Toolkit.Editor.Tests.asmdef using Guid(324d6fb1cfd051c43837ef53c9d94010) Importer(815301076,1909f56bfc062723c751e8b465ee728b) [PhysX] Initialized MultithreadedTaskDispatcher with 16 workers.
 -> (artifact id: '231275dc2e9df1117ee276f58d24b5c8') in 0.000677 seconds
Number of updated asset objects reloaded before import = 0
Number of asset objects unloaded after import = 0
========================================================================
Received Import Request.
  Time since last request: 0.000023 seconds.
  path: Assets/Samples/XR Interaction Toolkit/2.6.5/Starter Assets/Editor/Unity.XR.Interaction.Toolkit.Samples.StarterAssets.Editor.asmdef
  artifactKey: Guid(9233538b711383d449a485633568d17c) Importer(815301076,1909f56bfc062723c751e8b465ee728b)
Start importing Assets/Samples/XR Interaction Toolkit/2.6.5/Starter Assets/Editor/Unity.XR.Interaction.Toolkit.Samples.StarterAssets.Editor.asmdef using Guid(9233538b711383d449a485633568d17c) Importer(815301076,1909f56bfc062723c751e8b465ee728b) [PhysX] Initialized MultithreadedTaskDispatcher with 16 workers.
 -> (artifact id: '7d03e68b66de15e30521901bb5bf677a') in 0.000897 seconds
Number of updated asset objects reloaded before import = 0
Number of asset objects unloaded after import = 0
========================================================================
Received Import Request.
  Time since last request: 0.000024 seconds.
  path: Packages/com.unity.xr.interaction.toolkit/Editor/Unity.XR.Interaction.Toolkit.Editor.asmdef
  artifactKey: Guid(190979c3ed6e41c448f5e9925429edf9) Importer(815301076,1909f56bfc062723c751e8b465ee728b)
Start importing Packages/com.unity.xr.interaction.toolkit/Editor/Unity.XR.Interaction.Toolkit.Editor.asmdef using Guid(190979c3ed6e41c448f5e9925429edf9) Importer(815301076,1909f56bfc062723c751e8b465ee728b) [PhysX] Initialized MultithreadedTaskDispatcher with 16 workers.
 -> (artifact id: '40327247c3f09ab7711bad96c973a963') in 0.000740 seconds
Number of updated asset objects reloaded before import = 0
Number of asset objects unloaded after import = 0
========================================================================
Received Import Request.
  Time since last request: 0.000026 seconds.
  path: Packages/com.unity.xr.interaction.toolkit/Tests/Runtime/Unity.XR.Interaction.Toolkit.Tests.asmdef
  artifactKey: Guid(ea4a24547d7d3ef44b572674fb8e01a0) Importer(815301076,1909f56bfc062723c751e8b465ee728b)
Start importing Packages/com.unity.xr.interaction.toolkit/Tests/Runtime/Unity.XR.Interaction.Toolkit.Tests.asmdef using Guid(ea4a24547d7d3ef44b572674fb8e01a0) Importer(815301076,1909f56bfc062723c751e8b465ee728b) [PhysX] Initialized MultithreadedTaskDispatcher with 16 workers.
 -> (artifact id: '4472d7836ce3ee6f6959794e224986f3') in 0.000733 seconds
Number of updated asset objects reloaded before import = 0
Number of asset objects unloaded after import = 0
Editor requested this worker to shutdown with reason: Scaling down because of idle timeout
TcpMessagingSession - receive error: operation aborted. errorcode: 995, details: The I/O operation has been aborted because of either a thread exit or an application request.
AssetImportWorker is now disconnected from the server
Process exiting
Exiting without the bug reporter. Application will terminate with return code 0