Using pre-set license
Built from '2022.3/respin/2022.3.62f2-4af31df585-v2' branch; Version is '2022.3.62f2 (7670c08855a9) revision 7762112'; Using compiler version '192829333'; Build Type 'Release'
OS: 'Windows 11  (10.0.26100) 64bit Core' Language: 'en' Physical Memory: 32654 MB
BatchMode: 1, IsHumanControllingUs: 0, StartBugReporterOnCrash: 0, Is64bit: 1, IsPro: 1

COMMAND LINE ARGUMENTS:
C:\Program Files\Unity\Hub\Editor\2022.3.62f2\Editor\Unity.exe
-adb2
-batchMode
-noUpm
-name
AssetImportWorker6
-projectPath
C:/Users/ady/Documents/GitHub/VR-Close-Quarters-Battle-Trainer-Honours
-logFile
Logs/AssetImportWorker6.log
-srvPort
57578
Successfully changed project path to: C:/Users/ady/Documents/GitHub/VR-Close-Quarters-Battle-Trainer-Honours
C:/Users/ady/Documents/GitHub/VR-Close-Quarters-Battle-Trainer-Honours
[UnityMemory] Configuration Parameters - Can be set up in boot.config
    "memorysetup-bucket-allocator-granularity=16"
    "memorysetup-bucket-allocator-bucket-count=8"
    "memorysetup-bucket-allocator-block-size=33554432"
    "memorysetup-bucket-allocator-block-count=8"
    "memorysetup-main-allocator-block-size=16777216"
    "memorysetup-thread-allocator-block-size=16777216"
    "memorysetup-gfx-main-allocator-block-size=16777216"
    "memorysetup-gfx-thread-allocator-block-size=16777216"
    "memorysetup-cache-allocator-block-size=4194304"
    "memorysetup-typetree-allocator-block-size=2097152"
    "memorysetup-profiler-bucket-allocator-granularity=16"
    "memorysetup-profiler-bucket-allocator-bucket-count=8"
    "memorysetup-profiler-bucket-allocator-block-size=33554432"
    "memorysetup-profiler-bucket-allocator-block-count=8"
    "memorysetup-profiler-allocator-block-size=16777216"
    "memorysetup-profiler-editor-allocator-block-size=1048576"
    "memorysetup-temp-allocator-size-main=16777216"
    "memorysetup-job-temp-allocator-block-size=2097152"
    "memorysetup-job-temp-allocator-block-size-background=1048576"
    "memorysetup-job-temp-allocator-reduction-small-platforms=262144"
    "memorysetup-allocator-temp-initial-block-size-main=262144"
    "memorysetup-allocator-temp-initial-block-size-worker=262144"
    "memorysetup-temp-allocator-size-background-worker=32768"
    "memorysetup-temp-allocator-size-job-worker=262144"
    "memorysetup-temp-allocator-size-preload-manager=33554432"
    "memorysetup-temp-allocator-size-nav-mesh-worker=65536"
    "memorysetup-temp-allocator-size-audio-worker=65536"
    "memorysetup-temp-allocator-size-cloud-worker=32768"
    "memorysetup-temp-allocator-size-gi-baking-worker=262144"
    "memorysetup-temp-allocator-size-gfx=262144"
Player connection [31936]  Target information:

Player connection [31936]  * "[IP] 192.168.1.207 [Port] 0 [Flags] 2 [Guid] 3461264007 [EditorId] 3461264007 [Version] 1048832 [Id] WindowsEditor(7,DESKTOP-IAST724) [Debug] 1 [PackageName] WindowsEditor [ProjectName] Editor" 

Player connection [31936] Host joined multi-casting on [225.0.0.222:54997]...
Player connection [31936] Host joined alternative multi-casting on [225.0.0.222:34997]...
Input System module state changed to: Initialized.
[PhysX] Initialized MultithreadedTaskDispatcher with 16 workers.
Refreshing native plugins compatible for Editor in 47.38 ms, found 9 plugins.
Preloading 0 native plugins for Editor in 0.00 ms.
Initialize engine version: 2022.3.62f2 (7670c08855a9)
[Subsystems] Discovering subsystems at path C:/Program Files/Unity/Hub/Editor/2022.3.62f2/Editor/Data/Resources/UnitySubsystems
[Subsystems] Discovering subsystems at path C:/Users/ady/Documents/GitHub/VR-Close-Quarters-Battle-Trainer-Honours/Assets
GfxDevice: creating device client; threaded=0; jobified=0
Direct3D:
    Version:  Direct3D 11.0 [level 11.1]
    Renderer: NVIDIA GeForce RTX 4070 (ID=0x2786)
    Vendor:   NVIDIA
    VRAM:     12012 MB
    Driver:   32.0.15.8180
Initialize mono
Mono path[0] = 'C:/Program Files/Unity/Hub/Editor/2022.3.62f2/Editor/Data/Managed'
Mono path[1] = 'C:/Program Files/Unity/Hub/Editor/2022.3.62f2/Editor/Data/MonoBleedingEdge/lib/mono/unityjit-win32'
Mono config path = 'C:/Program Files/Unity/Hub/Editor/2022.3.62f2/Editor/Data/MonoBleedingEdge/etc'
Using monoOptions --debugger-agent=transport=dt_socket,embedding=1,server=y,suspend=n,address=127.0.0.1:56200
Begin MonoManager ReloadAssembly
Registering precompiled unity dll's ...
Register platform support module: C:/Program Files/Unity/Hub/Editor/2022.3.62f2/Editor/Data/PlaybackEngines/WindowsStandaloneSupport/UnityEditor.WindowsStandalone.Extensions.dll
Registered in 0.011466 seconds.
- Loaded All Assemblies, in  0.476 seconds
Native extension for WindowsStandalone target not found
Mono: successfully reloaded assembly
- Finished resetting the current domain, in  0.330 seconds
Domain Reload Profiling: 803ms
	BeginReloadAssembly (133ms)
		ExecutionOrderSort (0ms)
		DisableScriptedObjects (0ms)
		BackupInstance (0ms)
		ReleaseScriptingObjects (0ms)
		CreateAndSetChildDomain (1ms)
	RebuildCommonClasses (43ms)
	RebuildNativeTypeToScriptingClass (13ms)
	initialDomainReloadingComplete (85ms)
	LoadAllAssembliesAndSetupDomain (199ms)
		LoadAssemblies (129ms)
		RebuildTransferFunctionScriptingTraits (0ms)
		AnalyzeDomain (197ms)
			TypeCache.Refresh (195ms)
				TypeCache.ScanAssembly (165ms)
			ScanForSourceGeneratedMonoScriptInfo (1ms)
			ResolveRequiredComponents (1ms)
	FinalizeReload (330ms)
		ReleaseScriptCaches (0ms)
		RebuildScriptCaches (0ms)
		SetupLoadedEditorAssemblies (268ms)
			LogAssemblyErrors (0ms)
			InitializePlatformSupportModulesInManaged (13ms)
			SetLoadedEditorAssemblies (8ms)
			RefreshPlugins (0ms)
			BeforeProcessingInitializeOnLoad (3ms)
			ProcessInitializeOnLoadAttributes (182ms)
			ProcessInitializeOnLoadMethodAttributes (62ms)
			AfterProcessingInitializeOnLoad (0ms)
			EditorAssembliesLoaded (0ms)
		ExecutionOrderSort2 (0ms)
		AwakeInstancesAfterBackupRestoration (0ms)
========================================================================
Worker process is ready to serve import requests
Caller must complete domain reload
Begin MonoManager ReloadAssembly
- Loaded All Assemblies, in  1.065 seconds
Native extension for WindowsStandalone target not found
Mono: successfully reloaded assembly
Package Manager log level set to [2]
[Package Manager] Server::EnsureServerProcessIsRunning -- launch failed, reason: Unity was launched with the -noUpm command-line argument
[Package Manager] UpmClient::Send -- Unable to send message (not connected to UPM process).
[Package Manager] Cannot connect to Unity Package Manager local server
[Package Manager] Server::EnsureServerProcessIsRunning -- launch failed, reason: Unity was launched with the -noUpm command-line argument
[Package Manager] UpmClient::Send -- Unable to send message (not connected to UPM process).
[Package Manager] Cannot connect to Unity Package Manager local server
- Finished resetting the current domain, in  1.113 seconds
Domain Reload Profiling: 2171ms
	BeginReloadAssembly (196ms)
		ExecutionOrderSort (0ms)
		DisableScriptedObjects (7ms)
		BackupInstance (0ms)
		ReleaseScriptingObjects (0ms)
		CreateAndSetChildDomain (27ms)
	RebuildCommonClasses (48ms)
	RebuildNativeTypeToScriptingClass (14ms)
	initialDomainReloadingComplete (61ms)
	LoadAllAssembliesAndSetupDomain (739ms)
		LoadAssemblies (474ms)
		RebuildTransferFunctionScriptingTraits (0ms)
		AnalyzeDomain (379ms)
			TypeCache.Refresh (313ms)
				TypeCache.ScanAssembly (253ms)
			ScanForSourceGeneratedMonoScriptInfo (46ms)
			ResolveRequiredComponents (18ms)
	FinalizeReload (1113ms)
		ReleaseScriptCaches (0ms)
		RebuildScriptCaches (0ms)
		SetupLoadedEditorAssemblies (888ms)
			LogAssemblyErrors (0ms)
			InitializePlatformSupportModulesInManaged (9ms)
			SetLoadedEditorAssemblies (5ms)
			RefreshPlugins (0ms)
			BeforeProcessingInitializeOnLoad (140ms)
			ProcessInitializeOnLoadAttributes (557ms)
			ProcessInitializeOnLoadMethodAttributes (164ms)
			AfterProcessingInitializeOnLoad (13ms)
			EditorAssembliesLoaded (0ms)
		ExecutionOrderSort2 (0ms)
		AwakeInstancesAfterBackupRestoration (8ms)
Launched and connected shader compiler UnityShaderCompiler.exe after 0.09 seconds
Refreshing native plugins compatible for Editor in 31.87 ms, found 9 plugins.
Preloading 0 native plugins for Editor in 0.00 ms.
Unloading 6340 Unused Serialized files (Serialized files now loaded: 0)
Unloading 73 unused Assets / (372.8 KB). Loaded Objects now: 6800.
Memory consumption went from 238.1 MB to 237.7 MB.
Total: 8.326200 ms (FindLiveObjects: 1.062800 ms CreateObjectMapping: 0.613600 ms MarkObjects: 6.293900 ms  DeleteObjects: 0.354800 ms)

AssetImportParameters requested are different than current active one (requested -> active):
  custom:container-demuxer-ogg: 62fdf1f143b41e24485cea50d1cbac27 -> 
  custom:framework-win-MediaFoundation: 216162199b28c13a410421893ffa2e32 -> 
  custom:container-muxer-webm: aa71ff27fc2769a1b78a27578f13a17b -> 
  custom:video-decoder-webm-vp8: 9c59270c3fd7afecdb556c50c9e8de78 -> 
  custom:SearchIndexIgnoredProperties: e643bd26f0fe6173181afceb89e7c659 -> 
  custom:AudioImporter_EditorPlatform: d09bf68614088b80899f8185d706f6e7 -> 
  custom:audio-decoder-ogg-vorbis: bf7c407c2cedff20999df2af8eb42d56 -> 
  custom:audio-encoder-webm-vorbis: bf7c407c2cedff20999df2af8eb42d56 -> 
  custom:video-codec-MediaFoundation-h265: 746d11721c4dcdbdad8f713fa42b33f4 -> 
  custom:video-decoder-ogg-theora: a1e56fd34408186e4bbccfd4996cb3dc -> 
  custom:CustomObjectIndexerAttribute: 72b91833f83ae208fae7752999fa3104 -> 
  custom:container-demuxer-webm: 4f35f7cbe854078d1ac9338744f61a02 -> 
  custom:video-encoder-webm-vp8: eb34c28f22e8b96e1ab97ce403110664 -> 
========================================================================
Received Import Request.
  Time since last request: 33030.470408 seconds.
  path: Assets/Brick Project Studio/Apartment Kit/_Prefabs/Apt Build Kit/Exteriors/Special/Ext_apt_01_02.prefab
  artifactKey: Guid(ec6a508d43c319f4e9a29995ea6c3489) Importer(815301076,1909f56bfc062723c751e8b465ee728b)
Start importing Assets/Brick Project Studio/Apartment Kit/_Prefabs/Apt Build Kit/Exteriors/Special/Ext_apt_01_02.prefab using Guid(ec6a508d43c319f4e9a29995ea6c3489) Importer(815301076,1909f56bfc062723c751e8b465ee728b) [PhysX] Initialized MultithreadedTaskDispatcher with 16 workers.
[PhysX] Initialized MultithreadedTaskDispatcher with 16 workers.
 -> (artifact id: 'ec783e930f75e1e40d1b0e4bfa0c1e2c') in 0.395949 seconds
Number of updated asset objects reloaded before import = 0
Number of asset objects unloaded after import = 32
========================================================================
Received Import Request.
  Time since last request: 20.510473 seconds.
  path: Assets/Free Wood Door Pack/Materials/Door_2_Materials/Door_2_Brown.mat
  artifactKey: Guid(e2ce3b2cb72c8154085967a0b2ff2f79) Importer(815301076,1909f56bfc062723c751e8b465ee728b)
Start importing Assets/Free Wood Door Pack/Materials/Door_2_Materials/Door_2_Brown.mat using Guid(e2ce3b2cb72c8154085967a0b2ff2f79) Importer(815301076,1909f56bfc062723c751e8b465ee728b) [PhysX] Initialized MultithreadedTaskDispatcher with 16 workers.
[PhysX] Initialized MultithreadedTaskDispatcher with 16 workers.
 -> (artifact id: '0046b9a8909dd3f6627d3e57e9cfcb71') in 0.103038 seconds
Number of updated asset objects reloaded before import = 0
Number of asset objects unloaded after import = 6
========================================================================
Received Import Request.
  Time since last request: 0.000025 seconds.
  path: Assets/Free Wood Door Pack/Materials/Door_2_Materials/Door_2_White.mat
  artifactKey: Guid(557c05b3dce27ab45b3b50b5ade0a8b9) Importer(815301076,1909f56bfc062723c751e8b465ee728b)
Start importing Assets/Free Wood Door Pack/Materials/Door_2_Materials/Door_2_White.mat using Guid(557c05b3dce27ab45b3b50b5ade0a8b9) Importer(815301076,1909f56bfc062723c751e8b465ee728b) [PhysX] Initialized MultithreadedTaskDispatcher with 16 workers.
[PhysX] Initialized MultithreadedTaskDispatcher with 16 workers.
 -> (artifact id: 'a38bec70fe362505ac988524bded5ff3') in 0.021236 seconds
Number of updated asset objects reloaded before import = 0
Number of asset objects unloaded after import = 6
========================================================================
Received Import Request.
  Time since last request: 10.861492 seconds.
  path: Assets/Free Wood Door Pack/Materials/Door_1_Materials/Door_1_Brown.mat
  artifactKey: Guid(8435c264ba4b3ef46abdcf3b27cda62c) Importer(815301076,1909f56bfc062723c751e8b465ee728b)
Start importing Assets/Free Wood Door Pack/Materials/Door_1_Materials/Door_1_Brown.mat using Guid(8435c264ba4b3ef46abdcf3b27cda62c) Importer(815301076,1909f56bfc062723c751e8b465ee728b) [PhysX] Initialized MultithreadedTaskDispatcher with 16 workers.
[PhysX] Initialized MultithreadedTaskDispatcher with 16 workers.
 -> (artifact id: '7118c7201dcba859f5db559a3168c0b8') in 0.029333 seconds
Number of updated asset objects reloaded before import = 0
Number of asset objects unloaded after import = 6
========================================================================
Received Import Request.
  Time since last request: 0.000021 seconds.
  path: Assets/Free Wood Door Pack/Materials/Door_1_Materials/Door_1_Yellow.mat
  artifactKey: Guid(3b5dcb2c6669e4d4d93e6dd938ca6132) Importer(815301076,1909f56bfc062723c751e8b465ee728b)
Start importing Assets/Free Wood Door Pack/Materials/Door_1_Materials/Door_1_Yellow.mat using Guid(3b5dcb2c6669e4d4d93e6dd938ca6132) Importer(815301076,1909f56bfc062723c751e8b465ee728b) [PhysX] Initialized MultithreadedTaskDispatcher with 16 workers.
[PhysX] Initialized MultithreadedTaskDispatcher with 16 workers.
 -> (artifact id: '17328bf394abec555f8dbd3dce190c26') in 0.032911 seconds
Number of updated asset objects reloaded before import = 0
Number of asset objects unloaded after import = 6
========================================================================
Received Import Request.
  Time since last request: 23.428166 seconds.
  path: Assets/Free Wood Door Pack/Materials/Door_3_Materials/Door_3_Brown.mat
  artifactKey: Guid(ca009be402b5e1f4c8a65b379ab9e12e) Importer(815301076,1909f56bfc062723c751e8b465ee728b)
Start importing Assets/Free Wood Door Pack/Materials/Door_3_Materials/Door_3_Brown.mat using Guid(ca009be402b5e1f4c8a65b379ab9e12e) Importer(815301076,1909f56bfc062723c751e8b465ee728b) [PhysX] Initialized MultithreadedTaskDispatcher with 16 workers.
[PhysX] Initialized MultithreadedTaskDispatcher with 16 workers.
 -> (artifact id: '7764369b38eb00a0c323305703ef3afa') in 0.038229 seconds
Number of updated asset objects reloaded before import = 0
Number of asset objects unloaded after import = 6
========================================================================
Received Import Request.
  Time since last request: 9.499095 seconds.
  path: Assets/Free Wood Door Pack/Materials/Door_4_Materials/Door_4_Brown.mat
  artifactKey: Guid(662bed332c7eb0a4aac7c02d03f0f550) Importer(815301076,1909f56bfc062723c751e8b465ee728b)
Start importing Assets/Free Wood Door Pack/Materials/Door_4_Materials/Door_4_Brown.mat using Guid(662bed332c7eb0a4aac7c02d03f0f550) Importer(815301076,1909f56bfc062723c751e8b465ee728b) [PhysX] Initialized MultithreadedTaskDispatcher with 16 workers.
[PhysX] Initialized MultithreadedTaskDispatcher with 16 workers.
 -> (artifact id: '7204037c31b1a147fc3ea5eba5a1fcc8') in 0.022512 seconds
Number of updated asset objects reloaded before import = 0
Number of asset objects unloaded after import = 6
========================================================================
Received Import Request.
  Time since last request: 0.000022 seconds.
  path: Assets/Free Wood Door Pack/Materials/Door_4_Materials/Door_4_Yellow.mat
  artifactKey: Guid(55b60298cb8a415409a076e1ab8c374b) Importer(815301076,1909f56bfc062723c751e8b465ee728b)
Start importing Assets/Free Wood Door Pack/Materials/Door_4_Materials/Door_4_Yellow.mat using Guid(55b60298cb8a415409a076e1ab8c374b) Importer(815301076,1909f56bfc062723c751e8b465ee728b) [PhysX] Initialized MultithreadedTaskDispatcher with 16 workers.
[PhysX] Initialized MultithreadedTaskDispatcher with 16 workers.
 -> (artifact id: '20728e4e86b11fd5f0d237a5ba4a7108') in 0.024326 seconds
Number of updated asset objects reloaded before import = 0
Number of asset objects unloaded after import = 6
========================================================================
Received Import Request.
  Time since last request: 10.985767 seconds.
  path: Assets/Free Wood Door Pack/Materials/Door_5_Materials/Door_5_Brown.mat
  artifactKey: Guid(bcc29ac02b84ecd49846853ee55af366) Importer(815301076,1909f56bfc062723c751e8b465ee728b)
Start importing Assets/Free Wood Door Pack/Materials/Door_5_Materials/Door_5_Brown.mat using Guid(bcc29ac02b84ecd49846853ee55af366) Importer(815301076,1909f56bfc062723c751e8b465ee728b) [PhysX] Initialized MultithreadedTaskDispatcher with 16 workers.
[PhysX] Initialized MultithreadedTaskDispatcher with 16 workers.
 -> (artifact id: '3e4b90e7f1ce435573bf7f20f376363f') in 0.032106 seconds
Number of updated asset objects reloaded before import = 0
Number of asset objects unloaded after import = 6
========================================================================
Received Import Request.
  Time since last request: 0.000023 seconds.
  path: Assets/Free Wood Door Pack/Materials/Door_5_Materials/Door_5_Yellow.mat
  artifactKey: Guid(7355bbc9a24101847be72674611638da) Importer(815301076,1909f56bfc062723c751e8b465ee728b)
Start importing Assets/Free Wood Door Pack/Materials/Door_5_Materials/Door_5_Yellow.mat using Guid(7355bbc9a24101847be72674611638da) Importer(815301076,1909f56bfc062723c751e8b465ee728b) [PhysX] Initialized MultithreadedTaskDispatcher with 16 workers.
[PhysX] Initialized MultithreadedTaskDispatcher with 16 workers.
 -> (artifact id: 'dd98951b9d167ebe9a5798f610275445') in 0.022408 seconds
Number of updated asset objects reloaded before import = 0
Number of asset objects unloaded after import = 6
========================================================================
Received Import Request.
  Time since last request: 9.213386 seconds.
  path: Assets/Free Wood Door Pack/Materials/Door_6_Materials/Door_6_Brown.mat
  artifactKey: Guid(41762dd8e697f46419aa67d39b609c17) Importer(815301076,1909f56bfc062723c751e8b465ee728b)
Start importing Assets/Free Wood Door Pack/Materials/Door_6_Materials/Door_6_Brown.mat using Guid(41762dd8e697f46419aa67d39b609c17) Importer(815301076,1909f56bfc062723c751e8b465ee728b) [PhysX] Initialized MultithreadedTaskDispatcher with 16 workers.
[PhysX] Initialized MultithreadedTaskDispatcher with 16 workers.
 -> (artifact id: '524f242d6f7ba1b00dbe47e0c2f71a59') in 0.026534 seconds
Number of updated asset objects reloaded before import = 0
Number of asset objects unloaded after import = 5
========================================================================
Received Import Request.
  Time since last request: 0.000025 seconds.
  path: Assets/Free Wood Door Pack/Materials/Door_6_Materials/Door_6_White.mat
  artifactKey: Guid(6033e845443834045a1d31ed24e07560) Importer(815301076,1909f56bfc062723c751e8b465ee728b)
Start importing Assets/Free Wood Door Pack/Materials/Door_6_Materials/Door_6_White.mat using Guid(6033e845443834045a1d31ed24e07560) Importer(815301076,1909f56bfc062723c751e8b465ee728b) [PhysX] Initialized MultithreadedTaskDispatcher with 16 workers.
[PhysX] Initialized MultithreadedTaskDispatcher with 16 workers.
 -> (artifact id: 'fd385e71718e1c7c85f983e61099ab9d') in 0.020422 seconds
Number of updated asset objects reloaded before import = 0
Number of asset objects unloaded after import = 6
========================================================================
Received Import Request.
  Time since last request: 14.952384 seconds.
  path: Assets/Free Wood Door Pack/Materials/Door_7_Materials/Door_7_Brown.mat
  artifactKey: Guid(e5d5cac0cc0d422459638043e18babdd) Importer(815301076,1909f56bfc062723c751e8b465ee728b)
Start importing Assets/Free Wood Door Pack/Materials/Door_7_Materials/Door_7_Brown.mat using Guid(e5d5cac0cc0d422459638043e18babdd) Importer(815301076,1909f56bfc062723c751e8b465ee728b) [PhysX] Initialized MultithreadedTaskDispatcher with 16 workers.
[PhysX] Initialized MultithreadedTaskDispatcher with 16 workers.
 -> (artifact id: '9484b56b755a1d32f18477822e6eadc0') in 0.032329 seconds
Number of updated asset objects reloaded before import = 0
Number of asset objects unloaded after import = 6
========================================================================
Received Import Request.
  Time since last request: 0.000021 seconds.
  path: Assets/Free Wood Door Pack/Materials/Door_7_Materials/Door_7_Venge.mat
  artifactKey: Guid(4c5c8e9d4fa1176469c1f345c5d93b85) Importer(815301076,1909f56bfc062723c751e8b465ee728b)
Start importing Assets/Free Wood Door Pack/Materials/Door_7_Materials/Door_7_Venge.mat using Guid(4c5c8e9d4fa1176469c1f345c5d93b85) Importer(815301076,1909f56bfc062723c751e8b465ee728b) [PhysX] Initialized MultithreadedTaskDispatcher with 16 workers.
[PhysX] Initialized MultithreadedTaskDispatcher with 16 workers.
 -> (artifact id: '796c4f0c274da780bcefb33118fe293c') in 0.023967 seconds
Number of updated asset objects reloaded before import = 0
Number of asset objects unloaded after import = 6
========================================================================
Received Import Request.
  Time since last request: 15.723631 seconds.
  path: Assets/Free Wood Door Pack/Materials/Door_8_Materials/Door_8_Brown.mat
  artifactKey: Guid(77d589783fcc14749a52e85cf57d1f4a) Importer(815301076,1909f56bfc062723c751e8b465ee728b)
Start importing Assets/Free Wood Door Pack/Materials/Door_8_Materials/Door_8_Brown.mat using Guid(77d589783fcc14749a52e85cf57d1f4a) Importer(815301076,1909f56bfc062723c751e8b465ee728b) [PhysX] Initialized MultithreadedTaskDispatcher with 16 workers.
[PhysX] Initialized MultithreadedTaskDispatcher with 16 workers.
 -> (artifact id: 'c3a0e5dac6de4ac2e5b8ca1625c2b9fe') in 0.038200 seconds
Number of updated asset objects reloaded before import = 0
Number of asset objects unloaded after import = 6
========================================================================
Received Import Request.
  Time since last request: 11.704379 seconds.
  path: Assets/Free Wood Door Pack/Materials/Door_9_Materials/Door_9_Brown.mat
  artifactKey: Guid(ab06ad36a7ab76148973ec498e422f5d) Importer(815301076,1909f56bfc062723c751e8b465ee728b)
Start importing Assets/Free Wood Door Pack/Materials/Door_9_Materials/Door_9_Brown.mat using Guid(ab06ad36a7ab76148973ec498e422f5d) Importer(815301076,1909f56bfc062723c751e8b465ee728b) [PhysX] Initialized MultithreadedTaskDispatcher with 16 workers.
[PhysX] Initialized MultithreadedTaskDispatcher with 16 workers.
 -> (artifact id: '3c171e2190dfd9128194aa8cfddc87f9') in 0.036348 seconds
Number of updated asset objects reloaded before import = 0
Number of asset objects unloaded after import = 6
========================================================================
Received Import Request.
  Time since last request: 9.231533 seconds.
  path: Assets/Free Wood Door Pack/Materials/Door_10_Materials/Door_10_Brown.mat
  artifactKey: Guid(85a6fb32971901c48b498e5862e4f763) Importer(815301076,1909f56bfc062723c751e8b465ee728b)
Start importing Assets/Free Wood Door Pack/Materials/Door_10_Materials/Door_10_Brown.mat using Guid(85a6fb32971901c48b498e5862e4f763) Importer(815301076,1909f56bfc062723c751e8b465ee728b) [PhysX] Initialized MultithreadedTaskDispatcher with 16 workers.
[PhysX] Initialized MultithreadedTaskDispatcher with 16 workers.
 -> (artifact id: 'bcb2c8ff0ed80e8b710e78630305fbfe') in 0.033534 seconds
Number of updated asset objects reloaded before import = 0
Number of asset objects unloaded after import = 6
========================================================================
Received Import Request.
  Time since last request: 0.000021 seconds.
  path: Assets/Free Wood Door Pack/Materials/Door_10_Materials/Door_10_Yellow.mat
  artifactKey: Guid(490851ce5076b6d4ba8d7ba7984ae191) Importer(815301076,1909f56bfc062723c751e8b465ee728b)
Start importing Assets/Free Wood Door Pack/Materials/Door_10_Materials/Door_10_Yellow.mat using Guid(490851ce5076b6d4ba8d7ba7984ae191) Importer(815301076,1909f56bfc062723c751e8b465ee728b) [PhysX] Initialized MultithreadedTaskDispatcher with 16 workers.
[PhysX] Initialized MultithreadedTaskDispatcher with 16 workers.
 -> (artifact id: '069e68e97f27146f3a2186bf7b535cc0') in 0.030803 seconds
Number of updated asset objects reloaded before import = 0
Number of asset objects unloaded after import = 6
========================================================================
Received Import Request.
  Time since last request: 9.757673 seconds.
  path: Assets/Free Wood Door Pack/Materials/Door_11_Materials/Door_11_Brown.mat
  artifactKey: Guid(5a16364ffa9449548ada0b340dc78677) Importer(815301076,1909f56bfc062723c751e8b465ee728b)
Start importing Assets/Free Wood Door Pack/Materials/Door_11_Materials/Door_11_Brown.mat using Guid(5a16364ffa9449548ada0b340dc78677) Importer(815301076,1909f56bfc062723c751e8b465ee728b) [PhysX] Initialized MultithreadedTaskDispatcher with 16 workers.
[PhysX] Initialized MultithreadedTaskDispatcher with 16 workers.
 -> (artifact id: '55c3d61d1f41291a880046d4fe6e58db') in 0.031948 seconds
Number of updated asset objects reloaded before import = 0
Number of asset objects unloaded after import = 6
========================================================================
Received Import Request.
  Time since last request: 0.000020 seconds.
  path: Assets/Free Wood Door Pack/Materials/Door_11_Materials/Door_11_Yellow.mat
  artifactKey: Guid(426e345bba8ffe44fa7a0e67a524baf7) Importer(815301076,1909f56bfc062723c751e8b465ee728b)
Start importing Assets/Free Wood Door Pack/Materials/Door_11_Materials/Door_11_Yellow.mat using Guid(426e345bba8ffe44fa7a0e67a524baf7) Importer(815301076,1909f56bfc062723c751e8b465ee728b) [PhysX] Initialized MultithreadedTaskDispatcher with 16 workers.
[PhysX] Initialized MultithreadedTaskDispatcher with 16 workers.
 -> (artifact id: '4d52202628aff7a777cbe5e974d3cebe') in 0.028415 seconds
Number of updated asset objects reloaded before import = 0
Number of asset objects unloaded after import = 6
========================================================================
Received Import Request.
  Time since last request: 9.063305 seconds.
  path: Assets/Free Wood Door Pack/Materials/Door_12_Materials/Door_12_Brown.mat
  artifactKey: Guid(5a7d3c45dcf5eec43aaa977ff72acb90) Importer(815301076,1909f56bfc062723c751e8b465ee728b)
Start importing Assets/Free Wood Door Pack/Materials/Door_12_Materials/Door_12_Brown.mat using Guid(5a7d3c45dcf5eec43aaa977ff72acb90) Importer(815301076,1909f56bfc062723c751e8b465ee728b) [PhysX] Initialized MultithreadedTaskDispatcher with 16 workers.
[PhysX] Initialized MultithreadedTaskDispatcher with 16 workers.
 -> (artifact id: 'e50c15f6b218406ae74569fa73a918fd') in 0.032643 seconds
Number of updated asset objects reloaded before import = 0
Number of asset objects unloaded after import = 6
========================================================================
Received Import Request.
  Time since last request: 0.000022 seconds.
  path: Assets/Free Wood Door Pack/Materials/Door_12_Materials/Door_12_Yellow.mat
  artifactKey: Guid(a245d2f9a8bb47446903129ea9f85591) Importer(815301076,1909f56bfc062723c751e8b465ee728b)
Start importing Assets/Free Wood Door Pack/Materials/Door_12_Materials/Door_12_Yellow.mat using Guid(a245d2f9a8bb47446903129ea9f85591) Importer(815301076,1909f56bfc062723c751e8b465ee728b) [PhysX] Initialized MultithreadedTaskDispatcher with 16 workers.
[PhysX] Initialized MultithreadedTaskDispatcher with 16 workers.
 -> (artifact id: '9e9daf7f363c32bd66ed6032bece374e') in 0.027227 seconds
Number of updated asset objects reloaded before import = 0
Number of asset objects unloaded after import = 6
========================================================================
Received Import Request.
  Time since last request: 15.040429 seconds.
  path: Assets/Free Wood Door Pack/Materials/Door_13_Materials/Door_13_Brown.mat
  artifactKey: Guid(dcde6acac54b4f74c9981cb271bf00d9) Importer(815301076,1909f56bfc062723c751e8b465ee728b)
Start importing Assets/Free Wood Door Pack/Materials/Door_13_Materials/Door_13_Brown.mat using Guid(dcde6acac54b4f74c9981cb271bf00d9) Importer(815301076,1909f56bfc062723c751e8b465ee728b) [PhysX] Initialized MultithreadedTaskDispatcher with 16 workers.
[PhysX] Initialized MultithreadedTaskDispatcher with 16 workers.
 -> (artifact id: '602e309bfd3e2795103d113b5ca3d4b5') in 0.035774 seconds
Number of updated asset objects reloaded before import = 0
Number of asset objects unloaded after import = 6
========================================================================
Received Import Request.
  Time since last request: 8.511840 seconds.
  path: Assets/Free Wood Door Pack/Materials/Door_14_Materials/Door_14_Brown.mat
  artifactKey: Guid(6351314f81cdf19419a2b22103f4d478) Importer(815301076,1909f56bfc062723c751e8b465ee728b)
Start importing Assets/Free Wood Door Pack/Materials/Door_14_Materials/Door_14_Brown.mat using Guid(6351314f81cdf19419a2b22103f4d478) Importer(815301076,1909f56bfc062723c751e8b465ee728b) [PhysX] Initialized MultithreadedTaskDispatcher with 16 workers.
[PhysX] Initialized MultithreadedTaskDispatcher with 16 workers.
 -> (artifact id: '9d42cb3e707d32336e4dd9e84a89bf44') in 0.032280 seconds
Number of updated asset objects reloaded before import = 0
Number of asset objects unloaded after import = 6
========================================================================
Received Import Request.
  Time since last request: 1.364980 seconds.
  path: Assets/Free Wood Door Pack/Materials/Door_15_Materials/Door_15_Brown.mat
  artifactKey: Guid(0100eda7def32884bb15c00f29ae7e39) Importer(815301076,1909f56bfc062723c751e8b465ee728b)
Start importing Assets/Free Wood Door Pack/Materials/Door_15_Materials/Door_15_Brown.mat using Guid(0100eda7def32884bb15c00f29ae7e39) Importer(815301076,1909f56bfc062723c751e8b465ee728b) [PhysX] Initialized MultithreadedTaskDispatcher with 16 workers.
[PhysX] Initialized MultithreadedTaskDispatcher with 16 workers.
 -> (artifact id: 'ddf1a6103f395906d749f653fc4676db') in 0.030219 seconds
Number of updated asset objects reloaded before import = 0
Number of asset objects unloaded after import = 6
========================================================================
Received Import Request.
  Time since last request: 0.000022 seconds.
  path: Assets/Free Wood Door Pack/Materials/Door_15_Materials/Door_15_Yellow.mat
  artifactKey: Guid(ced105c692c1b724f80217f357bee2a6) Importer(815301076,1909f56bfc062723c751e8b465ee728b)
Start importing Assets/Free Wood Door Pack/Materials/Door_15_Materials/Door_15_Yellow.mat using Guid(ced105c692c1b724f80217f357bee2a6) Importer(815301076,1909f56bfc062723c751e8b465ee728b) [PhysX] Initialized MultithreadedTaskDispatcher with 16 workers.
[PhysX] Initialized MultithreadedTaskDispatcher with 16 workers.
 -> (artifact id: 'a73222653eb6cba7a2716a8f273af91c') in 0.025512 seconds
Number of updated asset objects reloaded before import = 0
Number of asset objects unloaded after import = 6
========================================================================
Received Import Request.
  Time since last request: 0.442764 seconds.
  path: Assets/Free Wood Door Pack/Materials/Door_Knob_Material/Copper.mat
  artifactKey: Guid(27671ef6ad4a82148ade30fbd4ec5d32) Importer(815301076,1909f56bfc062723c751e8b465ee728b)
Start importing Assets/Free Wood Door Pack/Materials/Door_Knob_Material/Copper.mat using Guid(27671ef6ad4a82148ade30fbd4ec5d32) Importer(815301076,1909f56bfc062723c751e8b465ee728b) [PhysX] Initialized MultithreadedTaskDispatcher with 16 workers.
[PhysX] Initialized MultithreadedTaskDispatcher with 16 workers.
 -> (artifact id: 'ca776ab9f0cc8c381892b5107a0a6357') in 0.018075 seconds
Number of updated asset objects reloaded before import = 0
Number of asset objects unloaded after import = 5
========================================================================
Received Import Request.
  Time since last request: 13.344270 seconds.
  path: Assets/Free Wood Door Pack/Mesh/Knob_2.FBX
  artifactKey: Guid(8fb3d1c2ac3340f468df743c47190f44) Importer(815301076,1909f56bfc062723c751e8b465ee728b)
Start importing Assets/Free Wood Door Pack/Mesh/Knob_2.FBX using Guid(8fb3d1c2ac3340f468df743c47190f44) Importer(815301076,1909f56bfc062723c751e8b465ee728b) [PhysX] Initialized MultithreadedTaskDispatcher with 16 workers.
[PhysX] Initialized MultithreadedTaskDispatcher with 16 workers.
[PhysX] Initialized MultithreadedTaskDispatcher with 16 workers.
 -> (artifact id: '3af8ae7135df8692287f3fc0b82a5b66') in 0.052477 seconds
Number of updated asset objects reloaded before import = 0
Number of asset objects unloaded after import = 11
========================================================================
Received Import Request.
  Time since last request: 3.652721 seconds.
  path: Assets/Free Wood Door Pack/Prefab/Wood/Door_1/Door_1_Brown.prefab
  artifactKey: Guid(fb21c2677f6de9b41b800858634f37f9) Importer(815301076,1909f56bfc062723c751e8b465ee728b)
Start importing Assets/Free Wood Door Pack/Prefab/Wood/Door_1/Door_1_Brown.prefab using Guid(fb21c2677f6de9b41b800858634f37f9) Importer(815301076,1909f56bfc062723c751e8b465ee728b) [PhysX] Initialized MultithreadedTaskDispatcher with 16 workers.
[PhysX] Initialized MultithreadedTaskDispatcher with 16 workers.
 -> (artifact id: '289ad355dfbc2dee3ef41ad7ee014438') in 0.063372 seconds
Number of updated asset objects reloaded before import = 0
Number of asset objects unloaded after import = 38
========================================================================
Received Import Request.
  Time since last request: 3.616125 seconds.
  path: Assets/Free Wood Door Pack/Prefab/Wood/Door_2/Door_2_Brown.prefab
  artifactKey: Guid(f5c10722fcf449344b4583f9adb8558d) Importer(815301076,1909f56bfc062723c751e8b465ee728b)
Start importing Assets/Free Wood Door Pack/Prefab/Wood/Door_2/Door_2_Brown.prefab using Guid(f5c10722fcf449344b4583f9adb8558d) Importer(815301076,1909f56bfc062723c751e8b465ee728b) [PhysX] Initialized MultithreadedTaskDispatcher with 16 workers.
[PhysX] Initialized MultithreadedTaskDispatcher with 16 workers.
 -> (artifact id: '821cf62b275b923b60afa09bb5536ad2') in 0.047603 seconds
Number of updated asset objects reloaded before import = 0
Number of asset objects unloaded after import = 38
========================================================================
Received Import Request.
  Time since last request: 0.000114 seconds.
  path: Assets/Free Wood Door Pack/Prefab/Wood/Door_2/Door_2_Venge.prefab
  artifactKey: Guid(ba907d7a8d489d249b23cdd63f1cd0c6) Importer(815301076,1909f56bfc062723c751e8b465ee728b)
Start importing Assets/Free Wood Door Pack/Prefab/Wood/Door_2/Door_2_Venge.prefab using Guid(ba907d7a8d489d249b23cdd63f1cd0c6) Importer(815301076,1909f56bfc062723c751e8b465ee728b) [PhysX] Initialized MultithreadedTaskDispatcher with 16 workers.
[PhysX] Initialized MultithreadedTaskDispatcher with 16 workers.
 -> (artifact id: '610bc7815330508e7013f8b7e8e3c840') in 0.038903 seconds
Number of updated asset objects reloaded before import = 0
Number of asset objects unloaded after import = 38
========================================================================
Received Import Request.
  Time since last request: 0.305501 seconds.
  path: Assets/Free Wood Door Pack/Prefab/Wood/Door_3/Door_3_Brown.prefab
  artifactKey: Guid(83b0e1aa6fd302d48bf48b1a30f9031c) Importer(815301076,1909f56bfc062723c751e8b465ee728b)
Start importing Assets/Free Wood Door Pack/Prefab/Wood/Door_3/Door_3_Brown.prefab using Guid(83b0e1aa6fd302d48bf48b1a30f9031c) Importer(815301076,1909f56bfc062723c751e8b465ee728b) [PhysX] Initialized MultithreadedTaskDispatcher with 16 workers.
[PhysX] Initialized MultithreadedTaskDispatcher with 16 workers.
 -> (artifact id: 'fd05e35c23d9ce18aea6d6b04fd16e0b') in 0.045841 seconds
Number of updated asset objects reloaded before import = 0
Number of asset objects unloaded after import = 38
========================================================================
Received Import Request.
  Time since last request: 0.000023 seconds.
  path: Assets/Free Wood Door Pack/Prefab/Wood/Door_3/Door_3_Yellow.prefab
  artifactKey: Guid(93aa57c473e4a58409e5b960c037c3f0) Importer(815301076,1909f56bfc062723c751e8b465ee728b)
Start importing Assets/Free Wood Door Pack/Prefab/Wood/Door_3/Door_3_Yellow.prefab using Guid(93aa57c473e4a58409e5b960c037c3f0) Importer(815301076,1909f56bfc062723c751e8b465ee728b) [PhysX] Initialized MultithreadedTaskDispatcher with 16 workers.
[PhysX] Initialized MultithreadedTaskDispatcher with 16 workers.
 -> (artifact id: '5840c7810a82aa438c76f382a7b49ce7') in 0.054579 seconds
Number of updated asset objects reloaded before import = 0
Number of asset objects unloaded after import = 38
========================================================================
Received Import Request.
  Time since last request: 0.000023 seconds.
  path: Assets/Free Wood Door Pack/Prefab/Wood/Door_3/Door_3_Venge.prefab
  artifactKey: Guid(4995f58b750236d448fc8fd2a5eb2782) Importer(815301076,1909f56bfc062723c751e8b465ee728b)
Start importing Assets/Free Wood Door Pack/Prefab/Wood/Door_3/Door_3_Venge.prefab using Guid(4995f58b750236d448fc8fd2a5eb2782) Importer(815301076,1909f56bfc062723c751e8b465ee728b) [PhysX] Initialized MultithreadedTaskDispatcher with 16 workers.
[PhysX] Initialized MultithreadedTaskDispatcher with 16 workers.
 -> (artifact id: 'dc88ea9b7a2335e3910696ff6189cc5e') in 0.043330 seconds
Number of updated asset objects reloaded before import = 0
Number of asset objects unloaded after import = 38
========================================================================
Received Import Request.
  Time since last request: 0.162502 seconds.
  path: Assets/Free Wood Door Pack/Prefab/Wood/Door_5/Door_5_Brown.prefab
  artifactKey: Guid(bf3641dc1a2eed346a86d653d78ad96b) Importer(815301076,1909f56bfc062723c751e8b465ee728b)
Start importing Assets/Free Wood Door Pack/Prefab/Wood/Door_5/Door_5_Brown.prefab using Guid(bf3641dc1a2eed346a86d653d78ad96b) Importer(815301076,1909f56bfc062723c751e8b465ee728b) [PhysX] Initialized MultithreadedTaskDispatcher with 16 workers.
[PhysX] Initialized MultithreadedTaskDispatcher with 16 workers.
 -> (artifact id: '8cb90439c3f2de0c25f478be8dd864c4') in 0.043234 seconds
Number of updated asset objects reloaded before import = 0
Number of asset objects unloaded after import = 38
========================================================================
Received Import Request.
  Time since last request: 0.000025 seconds.
  path: Assets/Free Wood Door Pack/Prefab/Wood/Door_5/Door_5_White.prefab
  artifactKey: Guid(ffd2ccccea67e9c4096d3fc6f17e5434) Importer(815301076,1909f56bfc062723c751e8b465ee728b)
Start importing Assets/Free Wood Door Pack/Prefab/Wood/Door_5/Door_5_White.prefab using Guid(ffd2ccccea67e9c4096d3fc6f17e5434) Importer(815301076,1909f56bfc062723c751e8b465ee728b) [PhysX] Initialized MultithreadedTaskDispatcher with 16 workers.
[PhysX] Initialized MultithreadedTaskDispatcher with 16 workers.
 -> (artifact id: 'cc7fbbc71d7f6cd4b158304f50a7df83') in 0.038759 seconds
Number of updated asset objects reloaded before import = 0
Number of asset objects unloaded after import = 38
========================================================================
Received Import Request.
  Time since last request: 2.147205 seconds.
  path: Assets/Free Wood Door Pack/Prefab/Wood/Door_6/Door_6_Brown.prefab
  artifactKey: Guid(20ff6c4dd1b3ec14c95f6c81fba10416) Importer(815301076,1909f56bfc062723c751e8b465ee728b)
Start importing Assets/Free Wood Door Pack/Prefab/Wood/Door_6/Door_6_Brown.prefab using Guid(20ff6c4dd1b3ec14c95f6c81fba10416) Importer(815301076,1909f56bfc062723c751e8b465ee728b) [PhysX] Initialized MultithreadedTaskDispatcher with 16 workers.
[PhysX] Initialized MultithreadedTaskDispatcher with 16 workers.
 -> (artifact id: '6764324e70b498a93e3f9e43e6e7f65c') in 0.054645 seconds
Number of updated asset objects reloaded before import = 0
Number of asset objects unloaded after import = 37
========================================================================
Received Import Request.
  Time since last request: 1.570182 seconds.
  path: Assets/Free Wood Door Pack/Prefab/Wood/Door_6/Door_6_Yellow.prefab
  artifactKey: Guid(afc6fca244f285e4fa9e32e97fefb769) Importer(815301076,1909f56bfc062723c751e8b465ee728b)
Start importing Assets/Free Wood Door Pack/Prefab/Wood/Door_6/Door_6_Yellow.prefab using Guid(afc6fca244f285e4fa9e32e97fefb769) Importer(815301076,1909f56bfc062723c751e8b465ee728b) [PhysX] Initialized MultithreadedTaskDispatcher with 16 workers.
[PhysX] Initialized MultithreadedTaskDispatcher with 16 workers.
 -> (artifact id: 'e165b1bf813618c4400148bdb46aa817') in 0.051295 seconds
Number of updated asset objects reloaded before import = 0
Number of asset objects unloaded after import = 38
========================================================================
Received Import Request.
  Time since last request: 0.000021 seconds.
  path: Assets/Free Wood Door Pack/Prefab/Wood/Door_7/Door_7_White.prefab
  artifactKey: Guid(a119e130096f5df45a4eefc45b1a0264) Importer(815301076,1909f56bfc062723c751e8b465ee728b)
Start importing Assets/Free Wood Door Pack/Prefab/Wood/Door_7/Door_7_White.prefab using Guid(a119e130096f5df45a4eefc45b1a0264) Importer(815301076,1909f56bfc062723c751e8b465ee728b) [PhysX] Initialized MultithreadedTaskDispatcher with 16 workers.
[PhysX] Initialized MultithreadedTaskDispatcher with 16 workers.
 -> (artifact id: 'abb68deced61dca4a7e0089199dfc8de') in 0.054184 seconds
Number of updated asset objects reloaded before import = 0
Number of asset objects unloaded after import = 38
========================================================================
Received Import Request.
  Time since last request: 0.000024 seconds.
  path: Assets/Free Wood Door Pack/Prefab/Wood/Door_7/Door_7_Coffe.prefab
  artifactKey: Guid(9099ff83c759fcc47b063b9b2f0c3f50) Importer(815301076,1909f56bfc062723c751e8b465ee728b)
Start importing Assets/Free Wood Door Pack/Prefab/Wood/Door_7/Door_7_Coffe.prefab using Guid(9099ff83c759fcc47b063b9b2f0c3f50) Importer(815301076,1909f56bfc062723c751e8b465ee728b) [PhysX] Initialized MultithreadedTaskDispatcher with 16 workers.
[PhysX] Initialized MultithreadedTaskDispatcher with 16 workers.
 -> (artifact id: '1001090592f3051c8c361694575d4791') in 0.040989 seconds
Number of updated asset objects reloaded before import = 0
Number of asset objects unloaded after import = 38
========================================================================
Received Import Request.
  Time since last request: 0.198295 seconds.
  path: Assets/Free Wood Door Pack/Prefab/Wood/Door_8/Door_8_White.prefab
  artifactKey: Guid(74a33d38e1f7b1a47a9cb292b84a3fb4) Importer(815301076,1909f56bfc062723c751e8b465ee728b)
Start importing Assets/Free Wood Door Pack/Prefab/Wood/Door_8/Door_8_White.prefab using Guid(74a33d38e1f7b1a47a9cb292b84a3fb4) Importer(815301076,1909f56bfc062723c751e8b465ee728b) [PhysX] Initialized MultithreadedTaskDispatcher with 16 workers.
[PhysX] Initialized MultithreadedTaskDispatcher with 16 workers.
 -> (artifact id: '5a801bcb6a345bc99921738fa4d1d5e2') in 0.039567 seconds
Number of updated asset objects reloaded before import = 0
Number of asset objects unloaded after import = 38
========================================================================
Received Import Request.
  Time since last request: 0.000022 seconds.
  path: Assets/Free Wood Door Pack/Prefab/Wood/Door_10/Door_10_Coffe.prefab
  artifactKey: Guid(d8ad690ee6d9ec64f97446124ed8e016) Importer(815301076,1909f56bfc062723c751e8b465ee728b)
Start importing Assets/Free Wood Door Pack/Prefab/Wood/Door_10/Door_10_Coffe.prefab using Guid(d8ad690ee6d9ec64f97446124ed8e016) Importer(815301076,1909f56bfc062723c751e8b465ee728b) [PhysX] Initialized MultithreadedTaskDispatcher with 16 workers.
[PhysX] Initialized MultithreadedTaskDispatcher with 16 workers.
 -> (artifact id: '10773199a0fbd3dd7510d1359a0d86cc') in 0.042057 seconds
Number of updated asset objects reloaded before import = 0
Number of asset objects unloaded after import = 38
========================================================================
Received Import Request.
  Time since last request: 0.000028 seconds.
  path: Assets/Free Wood Door Pack/Prefab/Wood/Door_9/Door_9_Brown.prefab
  artifactKey: Guid(4c47b2772192b874f9e89c1f6a239493) Importer(815301076,1909f56bfc062723c751e8b465ee728b)
Start importing Assets/Free Wood Door Pack/Prefab/Wood/Door_9/Door_9_Brown.prefab using Guid(4c47b2772192b874f9e89c1f6a239493) Importer(815301076,1909f56bfc062723c751e8b465ee728b) [PhysX] Initialized MultithreadedTaskDispatcher with 16 workers.
[PhysX] Initialized MultithreadedTaskDispatcher with 16 workers.
 -> (artifact id: '54c57dc9db91baed3833644ecdb8c053') in 0.035515 seconds
Number of updated asset objects reloaded before import = 0
Number of asset objects unloaded after import = 36
========================================================================
Received Import Request.
  Time since last request: 0.129198 seconds.
  path: Assets/Free Wood Door Pack/Prefab/Wood/Door_10/Door_10_Venge.prefab
  artifactKey: Guid(272146bd2fed29d4fad8dc2101b84a4e) Importer(815301076,1909f56bfc062723c751e8b465ee728b)
Start importing Assets/Free Wood Door Pack/Prefab/Wood/Door_10/Door_10_Venge.prefab using Guid(272146bd2fed29d4fad8dc2101b84a4e) Importer(815301076,1909f56bfc062723c751e8b465ee728b) [PhysX] Initialized MultithreadedTaskDispatcher with 16 workers.
[PhysX] Initialized MultithreadedTaskDispatcher with 16 workers.
 -> (artifact id: 'c392a5e26763e82b4f553f6e12e058a5') in 0.045235 seconds
Number of updated asset objects reloaded before import = 0
Number of asset objects unloaded after import = 38
========================================================================
Received Import Request.
  Time since last request: 0.000028 seconds.
  path: Assets/Free Wood Door Pack/Prefab/Wood/Door_15/Door_15_Coffe.prefab
  artifactKey: Guid(50a72424f0bcfda47953fcc80f7646f7) Importer(815301076,1909f56bfc062723c751e8b465ee728b)
Start importing Assets/Free Wood Door Pack/Prefab/Wood/Door_15/Door_15_Coffe.prefab using Guid(50a72424f0bcfda47953fcc80f7646f7) Importer(815301076,1909f56bfc062723c751e8b465ee728b) [PhysX] Initialized MultithreadedTaskDispatcher with 16 workers.
[PhysX] Initialized MultithreadedTaskDispatcher with 16 workers.
 -> (artifact id: 'be55d0fbc7f6175d234e19481931b012') in 0.046048 seconds
Number of updated asset objects reloaded before import = 0
Number of asset objects unloaded after import = 38
========================================================================
Received Import Request.
  Time since last request: 0.000028 seconds.
  path: Assets/Free Wood Door Pack/Prefab/Wood/Door_15/Door_15_Milk.prefab
  artifactKey: Guid(4ce9a573166ac53458cc2fd05f2802fb) Importer(815301076,1909f56bfc062723c751e8b465ee728b)
Start importing Assets/Free Wood Door Pack/Prefab/Wood/Door_15/Door_15_Milk.prefab using Guid(4ce9a573166ac53458cc2fd05f2802fb) Importer(815301076,1909f56bfc062723c751e8b465ee728b) [PhysX] Initialized MultithreadedTaskDispatcher with 16 workers.
[PhysX] Initialized MultithreadedTaskDispatcher with 16 workers.
 -> (artifact id: '3351d36b8b907a3f0a76c6aa6d956cf7') in 0.039707 seconds
Number of updated asset objects reloaded before import = 0
Number of asset objects unloaded after import = 38
========================================================================
Received Import Request.
  Time since last request: 0.000023 seconds.
  path: Assets/Free Wood Door Pack/Prefab/Wood/Door_13/Door_13_White.prefab
  artifactKey: Guid(cb7fc40e140acda4b86d949e1daa43b3) Importer(815301076,1909f56bfc062723c751e8b465ee728b)
Start importing Assets/Free Wood Door Pack/Prefab/Wood/Door_13/Door_13_White.prefab using Guid(cb7fc40e140acda4b86d949e1daa43b3) Importer(815301076,1909f56bfc062723c751e8b465ee728b) [PhysX] Initialized MultithreadedTaskDispatcher with 16 workers.
[PhysX] Initialized MultithreadedTaskDispatcher with 16 workers.
 -> (artifact id: '50ca21f87d3c4d86e004236a27178dc1') in 0.042813 seconds
Number of updated asset objects reloaded before import = 0
Number of asset objects unloaded after import = 38
========================================================================
Received Import Request.
  Time since last request: 0.000023 seconds.
  path: Assets/Free Wood Door Pack/Prefab/Wood/Door_15/Door_15_Black.prefab
  artifactKey: Guid(09e934849f7028c45bb17c3078f98c76) Importer(815301076,1909f56bfc062723c751e8b465ee728b)
Start importing Assets/Free Wood Door Pack/Prefab/Wood/Door_15/Door_15_Black.prefab using Guid(09e934849f7028c45bb17c3078f98c76) Importer(815301076,1909f56bfc062723c751e8b465ee728b) [PhysX] Initialized MultithreadedTaskDispatcher with 16 workers.
[PhysX] Initialized MultithreadedTaskDispatcher with 16 workers.
 -> (artifact id: 'f971ff551638e1440cda1e15e7f5fa8a') in 0.041345 seconds
Number of updated asset objects reloaded before import = 0
Number of asset objects unloaded after import = 38
========================================================================
Received Import Request.
  Time since last request: 0.000031 seconds.
  path: Assets/Free Wood Door Pack/Prefab/Wood/Door_13/Door_13_Brown.prefab
  artifactKey: Guid(36b7d5e1c900faf45939343c435a3828) Importer(815301076,1909f56bfc062723c751e8b465ee728b)
Start importing Assets/Free Wood Door Pack/Prefab/Wood/Door_13/Door_13_Brown.prefab using Guid(36b7d5e1c900faf45939343c435a3828) Importer(815301076,1909f56bfc062723c751e8b465ee728b) [PhysX] Initialized MultithreadedTaskDispatcher with 16 workers.
[PhysX] Initialized MultithreadedTaskDispatcher with 16 workers.
 -> (artifact id: '697fb0090e4cad97f2206c32dfdb7a54') in 0.043125 seconds
Number of updated asset objects reloaded before import = 0
Number of asset objects unloaded after import = 38
========================================================================
Received Import Request.
  Time since last request: 0.000025 seconds.
  path: Assets/Free Wood Door Pack/Prefab/Wood/Door_11/Door_11_Yellow.prefab
  artifactKey: Guid(785011e197267864fa5a76888a46b5f5) Importer(815301076,1909f56bfc062723c751e8b465ee728b)
Start importing Assets/Free Wood Door Pack/Prefab/Wood/Door_11/Door_11_Yellow.prefab using Guid(785011e197267864fa5a76888a46b5f5) Importer(815301076,1909f56bfc062723c751e8b465ee728b) [PhysX] Initialized MultithreadedTaskDispatcher with 16 workers.
[PhysX] Initialized MultithreadedTaskDispatcher with 16 workers.
 -> (artifact id: '611caa56a8895c4c31129617fd09de6f') in 0.044997 seconds
Number of updated asset objects reloaded before import = 0
Number of asset objects unloaded after import = 38
========================================================================
Received Import Request.
  Time since last request: 0.000030 seconds.
  path: Assets/Free Wood Door Pack/Prefab/Wood/Door_14/Door_14_Venge.prefab
  artifactKey: Guid(2979c9562e68d5347bf6a7b4b8d6e196) Importer(815301076,1909f56bfc062723c751e8b465ee728b)
Start importing Assets/Free Wood Door Pack/Prefab/Wood/Door_14/Door_14_Venge.prefab using Guid(2979c9562e68d5347bf6a7b4b8d6e196) Importer(815301076,1909f56bfc062723c751e8b465ee728b) [PhysX] Initialized MultithreadedTaskDispatcher with 16 workers.
[PhysX] Initialized MultithreadedTaskDispatcher with 16 workers.
 -> (artifact id: 'f756bed7f2f10b4f51544ba2de872f8f') in 0.038359 seconds
Number of updated asset objects reloaded before import = 0
Number of asset objects unloaded after import = 38
========================================================================
Received Import Request.
  Time since last request: 0.000022 seconds.
  path: Assets/Free Wood Door Pack/Prefab/Wood/Door_13/Door_13_Yellow.prefab
  artifactKey: Guid(2acd751e1e00b904c951df86ca90993a) Importer(815301076,1909f56bfc062723c751e8b465ee728b)
Start importing Assets/Free Wood Door Pack/Prefab/Wood/Door_13/Door_13_Yellow.prefab using Guid(2acd751e1e00b904c951df86ca90993a) Importer(815301076,1909f56bfc062723c751e8b465ee728b) [PhysX] Initialized MultithreadedTaskDispatcher with 16 workers.
[PhysX] Initialized MultithreadedTaskDispatcher with 16 workers.
 -> (artifact id: '6af83f851daf381991f43ff7d8242093') in 0.046546 seconds
Number of updated asset objects reloaded before import = 0
Number of asset objects unloaded after import = 38
========================================================================
Received Import Request.
  Time since last request: 0.000023 seconds.
  path: Assets/Free Wood Door Pack/Prefab/Wood/Door_15/Door_15_Brown.prefab
  artifactKey: Guid(3378e3eed58df9145a26c2597691390a) Importer(815301076,1909f56bfc062723c751e8b465ee728b)
Start importing Assets/Free Wood Door Pack/Prefab/Wood/Door_15/Door_15_Brown.prefab using Guid(3378e3eed58df9145a26c2597691390a) Importer(815301076,1909f56bfc062723c751e8b465ee728b) [PhysX] Initialized MultithreadedTaskDispatcher with 16 workers.
[PhysX] Initialized MultithreadedTaskDispatcher with 16 workers.
 -> (artifact id: '293b483d0f951f6491abbad20edb3376') in 0.038333 seconds
Number of updated asset objects reloaded before import = 0
Number of asset objects unloaded after import = 38
========================================================================
Received Import Request.
  Time since last request: 19.539622 seconds.
  path: Assets/Free Wood Door Pack/Texture/Door_1/Door_1_AO.tga
  artifactKey: Guid(a4c635dd499ad4b4db7ecd8c3e69b21b) Importer(815301076,1909f56bfc062723c751e8b465ee728b)
Start importing Assets/Free Wood Door Pack/Texture/Door_1/Door_1_AO.tga using Guid(a4c635dd499ad4b4db7ecd8c3e69b21b) Importer(815301076,1909f56bfc062723c751e8b465ee728b) [PhysX] Initialized MultithreadedTaskDispatcher with 16 workers.
[PhysX] Initialized MultithreadedTaskDispatcher with 16 workers.
 -> (artifact id: '5cc71605e196e2b6643d6ae5aa3edeb1') in 0.027671 seconds
Number of updated asset objects reloaded before import = 0
Number of asset objects unloaded after import = 2
========================================================================
Received Import Request.
  Time since last request: 1.019257 seconds.
  path: Assets/Free Wood Door Pack/Texture/Door_2/Door_2_AO.tga
  artifactKey: Guid(6bab80b786fa0c9419205bddecaedecd) Importer(815301076,1909f56bfc062723c751e8b465ee728b)
Start importing Assets/Free Wood Door Pack/Texture/Door_2/Door_2_AO.tga using Guid(6bab80b786fa0c9419205bddecaedecd) Importer(815301076,1909f56bfc062723c751e8b465ee728b) [PhysX] Initialized MultithreadedTaskDispatcher with 16 workers.
[PhysX] Initialized MultithreadedTaskDispatcher with 16 workers.
 -> (artifact id: '738b07ed9ae0bc8ccce209f31178a280') in 0.012487 seconds
Number of updated asset objects reloaded before import = 0
Number of asset objects unloaded after import = 2
========================================================================
Received Import Request.
  Time since last request: 31.635556 seconds.
  path: Assets/Brick Project Studio/Apartment Kit/Common/Materials/Interior Exterior/Int_Apt_01.mat
  artifactKey: Guid(e5edd18648b6fe340941b7f67c9a2996) Importer(815301076,1909f56bfc062723c751e8b465ee728b)
Start importing Assets/Brick Project Studio/Apartment Kit/Common/Materials/Interior Exterior/Int_Apt_01.mat using Guid(e5edd18648b6fe340941b7f67c9a2996) Importer(815301076,1909f56bfc062723c751e8b465ee728b) [PhysX] Initialized MultithreadedTaskDispatcher with 16 workers.
[PhysX] Initialized MultithreadedTaskDispatcher with 16 workers.
 -> (artifact id: '3406c5f28d3b733263be495ef1e98156') in 0.082125 seconds
Number of updated asset objects reloaded before import = 0
Number of asset objects unloaded after import = 5
========================================================================
Received Import Request.
  Time since last request: 14.199234 seconds.
  path: Assets/Brick Project Studio/Apartment Kit/Common/Materials/Surface/Adler Light Wood.mat
  artifactKey: Guid(4e3472c094b8146469870886e7ccf1a0) Importer(815301076,1909f56bfc062723c751e8b465ee728b)
Start importing Assets/Brick Project Studio/Apartment Kit/Common/Materials/Surface/Adler Light Wood.mat using Guid(4e3472c094b8146469870886e7ccf1a0) Importer(815301076,1909f56bfc062723c751e8b465ee728b) [PhysX] Initialized MultithreadedTaskDispatcher with 16 workers.
[PhysX] Initialized MultithreadedTaskDispatcher with 16 workers.
 -> (artifact id: '4129d40ad7a97634dac9b1d29f0649cf') in 0.022196 seconds
Number of updated asset objects reloaded before import = 0
Number of asset objects unloaded after import = 4
========================================================================
Received Import Request.
  Time since last request: 0.000022 seconds.
  path: Assets/Brick Project Studio/Apartment Kit/Common/Materials/Surface/Glass Wine Bottle 05.mat
  artifactKey: Guid(faedf01a9e7977749a7798016f508081) Importer(815301076,1909f56bfc062723c751e8b465ee728b)
Start importing Assets/Brick Project Studio/Apartment Kit/Common/Materials/Surface/Glass Wine Bottle 05.mat using Guid(faedf01a9e7977749a7798016f508081) Importer(815301076,1909f56bfc062723c751e8b465ee728b) [PhysX] Initialized MultithreadedTaskDispatcher with 16 workers.
[PhysX] Initialized MultithreadedTaskDispatcher with 16 workers.
 -> (artifact id: 'c80dabbd6a32a2b1e2e15385b093368d') in 0.056369 seconds
Number of updated asset objects reloaded before import = 0
Number of asset objects unloaded after import = 2
========================================================================
Received Import Request.
  Time since last request: 0.000026 seconds.
  path: Assets/Brick Project Studio/Apartment Kit/Common/Materials/Surface/BR_Tile_02.mat
  artifactKey: Guid(10c8542d4324afc4bb4d61e51e00800e) Importer(815301076,1909f56bfc062723c751e8b465ee728b)
Start importing Assets/Brick Project Studio/Apartment Kit/Common/Materials/Surface/BR_Tile_02.mat using Guid(10c8542d4324afc4bb4d61e51e00800e) Importer(815301076,1909f56bfc062723c751e8b465ee728b) [PhysX] Initialized MultithreadedTaskDispatcher with 16 workers.
[PhysX] Initialized MultithreadedTaskDispatcher with 16 workers.
 -> (artifact id: '9391d59d39cc49fce539c283eb7cffc9') in 0.013482 seconds
Number of updated asset objects reloaded before import = 0
Number of asset objects unloaded after import = 3
========================================================================
Received Import Request.
  Time since last request: 0.000033 seconds.
  path: Assets/Brick Project Studio/Apartment Kit/Common/Materials/Surface/RedLight_01.mat
  artifactKey: Guid(4bb7c435fb1657c42a9ec5ad46b7100a) Importer(815301076,1909f56bfc062723c751e8b465ee728b)
Start importing Assets/Brick Project Studio/Apartment Kit/Common/Materials/Surface/RedLight_01.mat using Guid(4bb7c435fb1657c42a9ec5ad46b7100a) Importer(815301076,1909f56bfc062723c751e8b465ee728b) [PhysX] Initialized MultithreadedTaskDispatcher with 16 workers.
[PhysX] Initialized MultithreadedTaskDispatcher with 16 workers.
 -> (artifact id: '727300ceb01009facaa2768da7ef15cd') in 0.008394 seconds
Number of updated asset objects reloaded before import = 0
Number of asset objects unloaded after import = 2
========================================================================
Received Import Request.
  Time since last request: 0.000021 seconds.
  path: Assets/Brick Project Studio/Apartment Kit/Common/Materials/Surface/Brushed Metal_Antique.mat
  artifactKey: Guid(5f469581b50505747a410deecdf8f11d) Importer(815301076,1909f56bfc062723c751e8b465ee728b)
Start importing Assets/Brick Project Studio/Apartment Kit/Common/Materials/Surface/Brushed Metal_Antique.mat using Guid(5f469581b50505747a410deecdf8f11d) Importer(815301076,1909f56bfc062723c751e8b465ee728b) [PhysX] Initialized MultithreadedTaskDispatcher with 16 workers.
[PhysX] Initialized MultithreadedTaskDispatcher with 16 workers.
 -> (artifact id: 'ec2f682a588dd1ca3330ebec4beb05b7') in 0.025443 seconds
Number of updated asset objects reloaded before import = 0
Number of asset objects unloaded after import = 4
========================================================================
Received Import Request.
  Time since last request: 0.000021 seconds.
  path: Assets/Brick Project Studio/Apartment Kit/Common/Materials/Surface/Cabinets_02.mat
  artifactKey: Guid(8065c96d5d4286e4987cd02652878015) Importer(815301076,1909f56bfc062723c751e8b465ee728b)
Start importing Assets/Brick Project Studio/Apartment Kit/Common/Materials/Surface/Cabinets_02.mat using Guid(8065c96d5d4286e4987cd02652878015) Importer(815301076,1909f56bfc062723c751e8b465ee728b) [PhysX] Initialized MultithreadedTaskDispatcher with 16 workers.
[PhysX] Initialized MultithreadedTaskDispatcher with 16 workers.
 -> (artifact id: '4e70d9e726da39c9f09ff10103af0be5') in 0.010696 seconds
Number of updated asset objects reloaded before import = 0
Number of asset objects unloaded after import = 2
========================================================================
Received Import Request.
  Time since last request: 0.000020 seconds.
  path: Assets/Brick Project Studio/Apartment Kit/Common/Materials/Surface/Fabric_01_White.mat
  artifactKey: Guid(7f1d2f122bc99854b95672cfb7d080fa) Importer(815301076,1909f56bfc062723c751e8b465ee728b)
Start importing Assets/Brick Project Studio/Apartment Kit/Common/Materials/Surface/Fabric_01_White.mat using Guid(7f1d2f122bc99854b95672cfb7d080fa) Importer(815301076,1909f56bfc062723c751e8b465ee728b) [PhysX] Initialized MultithreadedTaskDispatcher with 16 workers.
[PhysX] Initialized MultithreadedTaskDispatcher with 16 workers.
 -> (artifact id: '301cfe28a53bd8a3d454091247fa40c4') in 0.015171 seconds
Number of updated asset objects reloaded before import = 0
Number of asset objects unloaded after import = 6
========================================================================
Received Import Request.
  Time since last request: 0.000020 seconds.
  path: Assets/Brick Project Studio/Apartment Kit/Common/Materials/Surface/Frosted.mat
  artifactKey: Guid(f4c2705402c106042bb0cfaeab8f8d88) Importer(815301076,1909f56bfc062723c751e8b465ee728b)
Start importing Assets/Brick Project Studio/Apartment Kit/Common/Materials/Surface/Frosted.mat using Guid(f4c2705402c106042bb0cfaeab8f8d88) Importer(815301076,1909f56bfc062723c751e8b465ee728b) [PhysX] Initialized MultithreadedTaskDispatcher with 16 workers.
[PhysX] Initialized MultithreadedTaskDispatcher with 16 workers.
 -> (artifact id: '87e8e21a77f6d99b596bed85f2fd6bc3') in 0.009562 seconds
Number of updated asset objects reloaded before import = 0
Number of asset objects unloaded after import = 2
========================================================================
Received Import Request.
  Time since last request: 0.000021 seconds.
  path: Assets/Brick Project Studio/Apartment Kit/Common/Materials/Surface/Red Wine.mat
  artifactKey: Guid(4395ee91f3c8a8245ac3acea11839b80) Importer(815301076,1909f56bfc062723c751e8b465ee728b)
Start importing Assets/Brick Project Studio/Apartment Kit/Common/Materials/Surface/Red Wine.mat using Guid(4395ee91f3c8a8245ac3acea11839b80) Importer(815301076,1909f56bfc062723c751e8b465ee728b) [PhysX] Initialized MultithreadedTaskDispatcher with 16 workers.
[PhysX] Initialized MultithreadedTaskDispatcher with 16 workers.
 -> (artifact id: '43a4ca2a3ec7f8d3aba2fab80c822677') in 0.012819 seconds
Number of updated asset objects reloaded before import = 0
Number of asset objects unloaded after import = 2
========================================================================
Received Import Request.
  Time since last request: 0.000020 seconds.
  path: Assets/Brick Project Studio/Apartment Kit/Common/Materials/Surface/Plastic_03.mat
  artifactKey: Guid(dd228672e1e19fc479efe2c3556f297f) Importer(815301076,1909f56bfc062723c751e8b465ee728b)
Start importing Assets/Brick Project Studio/Apartment Kit/Common/Materials/Surface/Plastic_03.mat using Guid(dd228672e1e19fc479efe2c3556f297f) Importer(815301076,1909f56bfc062723c751e8b465ee728b) [PhysX] Initialized MultithreadedTaskDispatcher with 16 workers.
[PhysX] Initialized MultithreadedTaskDispatcher with 16 workers.
 -> (artifact id: 'd794873f036473d18c6d05f2e83ee9c2') in 0.010839 seconds
Number of updated asset objects reloaded before import = 0
Number of asset objects unloaded after import = 4
========================================================================
Received Import Request.
  Time since last request: 0.000019 seconds.
  path: Assets/Brick Project Studio/Apartment Kit/Common/Materials/Surface/Mesh_Black.mat
  artifactKey: Guid(c8a87a4e32c07864dabf944c9797ff12) Importer(815301076,1909f56bfc062723c751e8b465ee728b)
Start importing Assets/Brick Project Studio/Apartment Kit/Common/Materials/Surface/Mesh_Black.mat using Guid(c8a87a4e32c07864dabf944c9797ff12) Importer(815301076,1909f56bfc062723c751e8b465ee728b) [PhysX] Initialized MultithreadedTaskDispatcher with 16 workers.
[PhysX] Initialized MultithreadedTaskDispatcher with 16 workers.
 -> (artifact id: '9193e8ba7c43363600ecb64eceb0acf4') in 0.017862 seconds
Number of updated asset objects reloaded before import = 0
Number of asset objects unloaded after import = 4
========================================================================
Received Import Request.
  Time since last request: 0.257476 seconds.
  path: Assets/Brick Project Studio/Apartment Kit/Common/Materials/Misc/Canvas_Nat_01-02.mat
  artifactKey: Guid(da8d66e9aab28f140a44add462e64b02) Importer(815301076,1909f56bfc062723c751e8b465ee728b)
Start importing Assets/Brick Project Studio/Apartment Kit/Common/Materials/Misc/Canvas_Nat_01-02.mat using Guid(da8d66e9aab28f140a44add462e64b02) Importer(815301076,1909f56bfc062723c751e8b465ee728b) [PhysX] Initialized MultithreadedTaskDispatcher with 16 workers.
[PhysX] Initialized MultithreadedTaskDispatcher with 16 workers.
 -> (artifact id: '36229b31dd34b8dd2de20bd6038cb9cc') in 0.019052 seconds
Number of updated asset objects reloaded before import = 0
Number of asset objects unloaded after import = 4
========================================================================
Received Import Request.
  Time since last request: 0.000019 seconds.
  path: Assets/Brick Project Studio/Apartment Kit/Common/Materials/Misc/Controller_01_A.mat
  artifactKey: Guid(89d75b733df5ca74d837222e4a8a1b46) Importer(815301076,1909f56bfc062723c751e8b465ee728b)
Start importing Assets/Brick Project Studio/Apartment Kit/Common/Materials/Misc/Controller_01_A.mat using Guid(89d75b733df5ca74d837222e4a8a1b46) Importer(815301076,1909f56bfc062723c751e8b465ee728b) [PhysX] Initialized MultithreadedTaskDispatcher with 16 workers.
[PhysX] Initialized MultithreadedTaskDispatcher with 16 workers.
 -> (artifact id: 'e64fd1502263ec21cc5e3115fef7850f') in 0.012281 seconds
Number of updated asset objects reloaded before import = 0
Number of asset objects unloaded after import = 3
========================================================================
Received Import Request.
  Time since last request: 0.000018 seconds.
  path: Assets/Brick Project Studio/Apartment Kit/Common/Materials/Misc/Toothbrush_01.mat
  artifactKey: Guid(ff18b0d4ff41ef34faf22d93e7d8b8ed) Importer(815301076,1909f56bfc062723c751e8b465ee728b)
Start importing Assets/Brick Project Studio/Apartment Kit/Common/Materials/Misc/Toothbrush_01.mat using Guid(ff18b0d4ff41ef34faf22d93e7d8b8ed) Importer(815301076,1909f56bfc062723c751e8b465ee728b) [PhysX] Initialized MultithreadedTaskDispatcher with 16 workers.
[PhysX] Initialized MultithreadedTaskDispatcher with 16 workers.
 -> (artifact id: '74e3054bba393fa1253b9eeadb18e65f') in 0.012387 seconds
Number of updated asset objects reloaded before import = 0
Number of asset objects unloaded after import = 3
========================================================================
Received Import Request.
  Time since last request: 0.000021 seconds.
  path: Assets/Brick Project Studio/Apartment Kit/Common/Materials/Misc/Lamp 02 Shade - On.mat
  artifactKey: Guid(71e62a5ab55406f4aada84fe885d47b0) Importer(815301076,1909f56bfc062723c751e8b465ee728b)
Start importing Assets/Brick Project Studio/Apartment Kit/Common/Materials/Misc/Lamp 02 Shade - On.mat using Guid(71e62a5ab55406f4aada84fe885d47b0) Importer(815301076,1909f56bfc062723c751e8b465ee728b) [PhysX] Initialized MultithreadedTaskDispatcher with 16 workers.
[PhysX] Initialized MultithreadedTaskDispatcher with 16 workers.
 -> (artifact id: '3b9d84f31055302523e55e78e25527d3') in 0.010573 seconds
Number of updated asset objects reloaded before import = 0
Number of asset objects unloaded after import = 2
========================================================================
Received Import Request.
  Time since last request: 0.000020 seconds.
  path: Assets/Brick Project Studio/Apartment Kit/Common/Materials/Misc/Lamp 02 Table.mat
  artifactKey: Guid(ef49c0bd94883b4498c46a5c772544b3) Importer(815301076,1909f56bfc062723c751e8b465ee728b)
Start importing Assets/Brick Project Studio/Apartment Kit/Common/Materials/Misc/Lamp 02 Table.mat using Guid(ef49c0bd94883b4498c46a5c772544b3) Importer(815301076,1909f56bfc062723c751e8b465ee728b) [PhysX] Initialized MultithreadedTaskDispatcher with 16 workers.
[PhysX] Initialized MultithreadedTaskDispatcher with 16 workers.
 -> (artifact id: 'd5710882ba381cbe295e2be4123354ec') in 0.020751 seconds
Number of updated asset objects reloaded before import = 0
Number of asset objects unloaded after import = 3
========================================================================
Received Import Request.
  Time since last request: 0.000019 seconds.
  path: Assets/Brick Project Studio/Apartment Kit/Common/Materials/Misc/ControlPanel.mat
  artifactKey: Guid(bf99784c0118e114c80ad5c8ca2a5b8d) Importer(815301076,1909f56bfc062723c751e8b465ee728b)
Start importing Assets/Brick Project Studio/Apartment Kit/Common/Materials/Misc/ControlPanel.mat using Guid(bf99784c0118e114c80ad5c8ca2a5b8d) Importer(815301076,1909f56bfc062723c751e8b465ee728b) [PhysX] Initialized MultithreadedTaskDispatcher with 16 workers.
[PhysX] Initialized MultithreadedTaskDispatcher with 16 workers.
 -> (artifact id: '7b96d53891e05d2dd4a7e1e91198a827') in 0.010503 seconds
Number of updated asset objects reloaded before import = 0
Number of asset objects unloaded after import = 3
========================================================================
Received Import Request.
  Time since last request: 0.000021 seconds.
  path: Assets/Brick Project Studio/Apartment Kit/Common/Materials/Misc/WallArt_Apt_03.mat
  artifactKey: Guid(a79b9dfdb7c8f754f8d5fd1924ac5fdf) Importer(815301076,1909f56bfc062723c751e8b465ee728b)
Start importing Assets/Brick Project Studio/Apartment Kit/Common/Materials/Misc/WallArt_Apt_03.mat using Guid(a79b9dfdb7c8f754f8d5fd1924ac5fdf) Importer(815301076,1909f56bfc062723c751e8b465ee728b) [PhysX] Initialized MultithreadedTaskDispatcher with 16 workers.
[PhysX] Initialized MultithreadedTaskDispatcher with 16 workers.
 -> (artifact id: '746a4554296fb214a11c6206693f0f35') in 0.010182 seconds
Number of updated asset objects reloaded before import = 0
Number of asset objects unloaded after import = 3
========================================================================
Received Import Request.
  Time since last request: 0.000050 seconds.
  path: Assets/Brick Project Studio/Apartment Kit/Common/Materials/Misc/GameConsole_01.mat
  artifactKey: Guid(cd2528b4c58decf4fa93cbcfc4c870ee) Importer(815301076,1909f56bfc062723c751e8b465ee728b)
Start importing Assets/Brick Project Studio/Apartment Kit/Common/Materials/Misc/GameConsole_01.mat using Guid(cd2528b4c58decf4fa93cbcfc4c870ee) Importer(815301076,1909f56bfc062723c751e8b465ee728b) [PhysX] Initialized MultithreadedTaskDispatcher with 16 workers.
[PhysX] Initialized MultithreadedTaskDispatcher with 16 workers.
 -> (artifact id: 'b117d5ffa5da38df6d27f195fee42c58') in 0.010418 seconds
Number of updated asset objects reloaded before import = 0
Number of asset objects unloaded after import = 3
========================================================================
Received Import Request.
  Time since last request: 0.000033 seconds.
  path: Assets/Brick Project Studio/Apartment Kit/Common/Materials/Misc/Int_Apt_MarbleWall_01.mat
  artifactKey: Guid(14caf24636c53854ea2f3f8ca2dd0fc1) Importer(815301076,1909f56bfc062723c751e8b465ee728b)
Start importing Assets/Brick Project Studio/Apartment Kit/Common/Materials/Misc/Int_Apt_MarbleWall_01.mat using Guid(14caf24636c53854ea2f3f8ca2dd0fc1) Importer(815301076,1909f56bfc062723c751e8b465ee728b) [PhysX] Initialized MultithreadedTaskDispatcher with 16 workers.
[PhysX] Initialized MultithreadedTaskDispatcher with 16 workers.
 -> (artifact id: '786c68f55cfb3445ac69380b3d01a0fc') in 0.013833 seconds
Number of updated asset objects reloaded before import = 0
Number of asset objects unloaded after import = 3
========================================================================
Received Import Request.
  Time since last request: 3.655493 seconds.
  path: Assets/Brick Project Studio/Apartment Kit/Common/Materials/Surface/Shiny Metal_03.mat
  artifactKey: Guid(ff2bb81a45899464db5313ff275f8a31) Importer(815301076,1909f56bfc062723c751e8b465ee728b)
Start importing Assets/Brick Project Studio/Apartment Kit/Common/Materials/Surface/Shiny Metal_03.mat using Guid(ff2bb81a45899464db5313ff275f8a31) Importer(815301076,1909f56bfc062723c751e8b465ee728b) [PhysX] Initialized MultithreadedTaskDispatcher with 16 workers.
[PhysX] Initialized MultithreadedTaskDispatcher with 16 workers.
 -> (artifact id: '2a53564c84e81ec20e3ebf7819f80c3f') in 0.011699 seconds
Number of updated asset objects reloaded before import = 0
Number of asset objects unloaded after import = 2
========================================================================
Received Import Request.
  Time since last request: 0.216030 seconds.
  path: Assets/Brick Project Studio/Apartment Kit/Common/Materials/Surface/White Wood.mat
  artifactKey: Guid(fb7d7a07b2942ca4cb6a6c38d807c8ea) Importer(815301076,1909f56bfc062723c751e8b465ee728b)
Start importing Assets/Brick Project Studio/Apartment Kit/Common/Materials/Surface/White Wood.mat using Guid(fb7d7a07b2942ca4cb6a6c38d807c8ea) Importer(815301076,1909f56bfc062723c751e8b465ee728b) [PhysX] Initialized MultithreadedTaskDispatcher with 16 workers.
[PhysX] Initialized MultithreadedTaskDispatcher with 16 workers.
 -> (artifact id: '334d50f7eaa604dcbe3b741ba83f1dde') in 0.013039 seconds
Number of updated asset objects reloaded before import = 0
Number of asset objects unloaded after import = 4
========================================================================
Received Import Request.
  Time since last request: 10.077856 seconds.
  path: Assets/Brick Project Studio/Apartment Kit/Common/Materials/Surface/Plastic_02.mat
  artifactKey: Guid(a2c29511873a89c4b8ec41360c9dd9cf) Importer(815301076,1909f56bfc062723c751e8b465ee728b)
Start importing Assets/Brick Project Studio/Apartment Kit/Common/Materials/Surface/Plastic_02.mat using Guid(a2c29511873a89c4b8ec41360c9dd9cf) Importer(815301076,1909f56bfc062723c751e8b465ee728b) [PhysX] Initialized MultithreadedTaskDispatcher with 16 workers.
[PhysX] Initialized MultithreadedTaskDispatcher with 16 workers.
 -> (artifact id: '58c1f0d145d74017cb8bcc3aa5058cea') in 1.542240 seconds
Number of updated asset objects reloaded before import = 0
Number of asset objects unloaded after import = 5
========================================================================
Received Import Request.
  Time since last request: 24.480324 seconds.
  path: Assets/Brick Project Studio/Apartment Kit/Common/Materials/Interior Exterior/Int_Apt_01.mat
  artifactKey: Guid(e5edd18648b6fe340941b7f67c9a2996) Importer(815301076,1909f56bfc062723c751e8b465ee728b)
Start importing Assets/Brick Project Studio/Apartment Kit/Common/Materials/Interior Exterior/Int_Apt_01.mat using Guid(e5edd18648b6fe340941b7f67c9a2996) Importer(815301076,1909f56bfc062723c751e8b465ee728b) [PhysX] Initialized MultithreadedTaskDispatcher with 16 workers.
[PhysX] Initialized MultithreadedTaskDispatcher with 16 workers.
 -> (artifact id: '7ba357cad5d2da85e465edc1a62820b5') in 0.038989 seconds
Number of updated asset objects reloaded before import = 0
Number of asset objects unloaded after import = 5
========================================================================
Received Import Request.
  Time since last request: 20.686037 seconds.
  path: Assets/Brick Project Studio/_BPS Basic Assets/_Prefabs/Basic Asset/Furniture_Props/BPS_Chair_01.prefab
  artifactKey: Guid(cd8fcc5431d7f7e46be3c7c12ed32513) Importer(815301076,1909f56bfc062723c751e8b465ee728b)
Start importing Assets/Brick Project Studio/_BPS Basic Assets/_Prefabs/Basic Asset/Furniture_Props/BPS_Chair_01.prefab using Guid(cd8fcc5431d7f7e46be3c7c12ed32513) Importer(815301076,1909f56bfc062723c751e8b465ee728b) [PhysX] Initialized MultithreadedTaskDispatcher with 16 workers.
[PhysX] Initialized MultithreadedTaskDispatcher with 16 workers.
 -> (artifact id: '44ba41727c6ccfc4c0414e7859013a67') in 0.032327 seconds
Number of updated asset objects reloaded before import = 0
Number of asset objects unloaded after import = 86
========================================================================
Received Import Request.
  Time since last request: 11.939056 seconds.
  path: Assets/Brick Project Studio/_BPS Basic Assets/_Prefabs/Base Scene/BA_First Person Player.prefab
  artifactKey: Guid(a9b081014bad86f4a80b60284279d21b) Importer(815301076,1909f56bfc062723c751e8b465ee728b)
Start importing Assets/Brick Project Studio/_BPS Basic Assets/_Prefabs/Base Scene/BA_First Person Player.prefab using Guid(a9b081014bad86f4a80b60284279d21b) Importer(815301076,1909f56bfc062723c751e8b465ee728b) [PhysX] Initialized MultithreadedTaskDispatcher with 16 workers.
[PhysX] Initialized MultithreadedTaskDispatcher with 16 workers.
 -> (artifact id: '38e7db19d5e1dd18a963c40613b5ec45') in 0.058854 seconds
Number of updated asset objects reloaded before import = 0
Number of asset objects unloaded after import = 23
========================================================================
Received Import Request.
  Time since last request: 6.255464 seconds.
  path: Assets/Brick Project Studio/_BPS Basic Assets/Common/Materials/Basic Assets/BA_Color_Grey_01.mat
  artifactKey: Guid(70139dc62be58be4a91d1831e1f21e95) Importer(815301076,1909f56bfc062723c751e8b465ee728b)
Start importing Assets/Brick Project Studio/_BPS Basic Assets/Common/Materials/Basic Assets/BA_Color_Grey_01.mat using Guid(70139dc62be58be4a91d1831e1f21e95) Importer(815301076,1909f56bfc062723c751e8b465ee728b) [PhysX] Initialized MultithreadedTaskDispatcher with 16 workers.
[PhysX] Initialized MultithreadedTaskDispatcher with 16 workers.
 -> (artifact id: '155002522b670e8d44c390709ddd6cb4') in 0.009548 seconds
Number of updated asset objects reloaded before import = 0
Number of asset objects unloaded after import = 2
========================================================================
Received Import Request.
  Time since last request: 0.000024 seconds.
  path: Assets/Brick Project Studio/_BPS Basic Assets/Common/Materials/Basic Assets/BA_Texture_Map_SE.mat
  artifactKey: Guid(5f01895f1ecb58445b3aa62be24d6bca) Importer(815301076,1909f56bfc062723c751e8b465ee728b)
Start importing Assets/Brick Project Studio/_BPS Basic Assets/Common/Materials/Basic Assets/BA_Texture_Map_SE.mat using Guid(5f01895f1ecb58445b3aa62be24d6bca) Importer(815301076,1909f56bfc062723c751e8b465ee728b) [PhysX] Initialized MultithreadedTaskDispatcher with 16 workers.
[PhysX] Initialized MultithreadedTaskDispatcher with 16 workers.
 -> (artifact id: 'f275b97600d9b36b174e8dc72f700ff4') in 0.011198 seconds
Number of updated asset objects reloaded before import = 0
Number of asset objects unloaded after import = 3
========================================================================
Received Import Request.
  Time since last request: 0.000018 seconds.
  path: Assets/Brick Project Studio/_BPS Basic Assets/Common/Materials/Basic Assets/BA_Glass_02.mat
  artifactKey: Guid(3bded00981e95504a8e47f996835ca9a) Importer(815301076,1909f56bfc062723c751e8b465ee728b)
Start importing Assets/Brick Project Studio/_BPS Basic Assets/Common/Materials/Basic Assets/BA_Glass_02.mat using Guid(3bded00981e95504a8e47f996835ca9a) Importer(815301076,1909f56bfc062723c751e8b465ee728b) [PhysX] Initialized MultithreadedTaskDispatcher with 16 workers.
[PhysX] Initialized MultithreadedTaskDispatcher with 16 workers.
 -> (artifact id: 'b25f31cb670011256108bc8017e4dd38') in 0.024008 seconds
Number of updated asset objects reloaded before import = 0
Number of asset objects unloaded after import = 2
========================================================================
Received Import Request.
  Time since last request: 0.000029 seconds.
  path: Assets/Brick Project Studio/_BPS Basic Assets/Common/Materials/Basic Assets/BA_Marble_01.mat
  artifactKey: Guid(cb77271ecd71cbd4599aa533ebf5cc1e) Importer(815301076,1909f56bfc062723c751e8b465ee728b)
Start importing Assets/Brick Project Studio/_BPS Basic Assets/Common/Materials/Basic Assets/BA_Marble_01.mat using Guid(cb77271ecd71cbd4599aa533ebf5cc1e) Importer(815301076,1909f56bfc062723c751e8b465ee728b) [PhysX] Initialized MultithreadedTaskDispatcher with 16 workers.
[PhysX] Initialized MultithreadedTaskDispatcher with 16 workers.
 -> (artifact id: 'd6a55f2d427a4df4b81881045dea2743') in 0.009071 seconds
Number of updated asset objects reloaded before import = 0
Number of asset objects unloaded after import = 3
========================================================================
Received Import Request.
  Time since last request: 0.000116 seconds.
  path: Assets/Brick Project Studio/_BPS Basic Assets/Common/Materials/Basic Assets/BA_Wood 03.mat
  artifactKey: Guid(a64c40f22fb83f041b7c584055b61c8f) Importer(815301076,1909f56bfc062723c751e8b465ee728b)
Start importing Assets/Brick Project Studio/_BPS Basic Assets/Common/Materials/Basic Assets/BA_Wood 03.mat using Guid(a64c40f22fb83f041b7c584055b61c8f) Importer(815301076,1909f56bfc062723c751e8b465ee728b) [PhysX] Initialized MultithreadedTaskDispatcher with 16 workers.
[PhysX] Initialized MultithreadedTaskDispatcher with 16 workers.
 -> (artifact id: '229e439d33a2ab0c70d153358d7d0bce') in 0.011140 seconds
Number of updated asset objects reloaded before import = 0
Number of asset objects unloaded after import = 4
========================================================================
Received Import Request.
  Time since last request: 0.000022 seconds.
  path: Assets/Brick Project Studio/_BPS Basic Assets/Common/Materials/Basic Assets/BA_Metal_Chrome_01.mat
  artifactKey: Guid(701dd7c589db913439e88caa8d11b7fb) Importer(815301076,1909f56bfc062723c751e8b465ee728b)
Start importing Assets/Brick Project Studio/_BPS Basic Assets/Common/Materials/Basic Assets/BA_Metal_Chrome_01.mat using Guid(701dd7c589db913439e88caa8d11b7fb) Importer(815301076,1909f56bfc062723c751e8b465ee728b) [PhysX] Initialized MultithreadedTaskDispatcher with 16 workers.
[PhysX] Initialized MultithreadedTaskDispatcher with 16 workers.
 -> (artifact id: 'b47edd53330734e356cea8bec6612970') in 0.009792 seconds
Number of updated asset objects reloaded before import = 0
Number of asset objects unloaded after import = 3
========================================================================
Received Import Request.
  Time since last request: 1.586782 seconds.
  path: Assets/Brick Project Studio/_BPS Basic Assets/Common/Materials/Fire/Fire_Add_02.mat
  artifactKey: Guid(0fdd751cd86106446afa0dc09e0eeb8e) Importer(815301076,1909f56bfc062723c751e8b465ee728b)
Start importing Assets/Brick Project Studio/_BPS Basic Assets/Common/Materials/Fire/Fire_Add_02.mat using Guid(0fdd751cd86106446afa0dc09e0eeb8e) Importer(815301076,1909f56bfc062723c751e8b465ee728b) [PhysX] Initialized MultithreadedTaskDispatcher with 16 workers.
[PhysX] Initialized MultithreadedTaskDispatcher with 16 workers.
 -> (artifact id: '9945776d9afe4c84c70e7e06b32675c3') in 0.013466 seconds
Number of updated asset objects reloaded before import = 0
Number of asset objects unloaded after import = 3
========================================================================
Received Import Request.
  Time since last request: 0.382461 seconds.
  path: Assets/Brick Project Studio/_BPS Basic Assets/Common/Materials/Legacy/Brick 02.mat
  artifactKey: Guid(3d1a06be464c4f34a858b507405a7bb5) Importer(815301076,1909f56bfc062723c751e8b465ee728b)
Start importing Assets/Brick Project Studio/_BPS Basic Assets/Common/Materials/Legacy/Brick 02.mat using Guid(3d1a06be464c4f34a858b507405a7bb5) Importer(815301076,1909f56bfc062723c751e8b465ee728b) [PhysX] Initialized MultithreadedTaskDispatcher with 16 workers.
[PhysX] Initialized MultithreadedTaskDispatcher with 16 workers.
 -> (artifact id: '780f9b36856592decfb87919712482df') in 0.059199 seconds
Number of updated asset objects reloaded before import = 0
Number of asset objects unloaded after import = 5
========================================================================
Received Import Request.
  Time since last request: 0.401292 seconds.
  path: Assets/Brick Project Studio/_BPS Basic Assets/Common/Materials/Restroom/RR_BathroomPaper.mat
  artifactKey: Guid(59f4361ca0482dc47b43305e31892b29) Importer(815301076,1909f56bfc062723c751e8b465ee728b)
Start importing Assets/Brick Project Studio/_BPS Basic Assets/Common/Materials/Restroom/RR_BathroomPaper.mat using Guid(59f4361ca0482dc47b43305e31892b29) Importer(815301076,1909f56bfc062723c751e8b465ee728b) [PhysX] Initialized MultithreadedTaskDispatcher with 16 workers.
[PhysX] Initialized MultithreadedTaskDispatcher with 16 workers.
 -> (artifact id: 'c8d7a75f2ebe9db1b46bf1bfbac1fe8d') in 0.015373 seconds
Number of updated asset objects reloaded before import = 0
Number of asset objects unloaded after import = 4
========================================================================
Received Import Request.
  Time since last request: 44.501426 seconds.
  path: Assets/Brick Project Studio/_BPS Basic Assets/_Prefabs/Restroom/RR Build Kit/Doors/Int_RR_DoorFrame_01_Unisex.prefab
  artifactKey: Guid(5f635d348fad9f742a95c45e8aceda58) Importer(815301076,1909f56bfc062723c751e8b465ee728b)
Start importing Assets/Brick Project Studio/_BPS Basic Assets/_Prefabs/Restroom/RR Build Kit/Doors/Int_RR_DoorFrame_01_Unisex.prefab using Guid(5f635d348fad9f742a95c45e8aceda58) Importer(815301076,1909f56bfc062723c751e8b465ee728b) [PhysX] Initialized MultithreadedTaskDispatcher with 16 workers.
[PhysX] Initialized MultithreadedTaskDispatcher with 16 workers.
 -> (artifact id: 'cac039375613fc045ca614019ee5e39a') in 0.026215 seconds
Number of updated asset objects reloaded before import = 0
Number of asset objects unloaded after import = 44
========================================================================
Received Import Request.
  Time since last request: 33.046040 seconds.
  path: Assets/Brick Project Studio/_BPS Basic Assets/_Prefabs/Basic Asset/BA Build Kit/Interior/Doors Frames/Int_BA_Frame_01.prefab
  artifactKey: Guid(b973231003cf93b4f8dd9837bafc50cb) Importer(815301076,1909f56bfc062723c751e8b465ee728b)
Start importing Assets/Brick Project Studio/_BPS Basic Assets/_Prefabs/Basic Asset/BA Build Kit/Interior/Doors Frames/Int_BA_Frame_01.prefab using Guid(b973231003cf93b4f8dd9837bafc50cb) Importer(815301076,1909f56bfc062723c751e8b465ee728b) [PhysX] Initialized MultithreadedTaskDispatcher with 16 workers.
[PhysX] Initialized MultithreadedTaskDispatcher with 16 workers.
 -> (artifact id: '732092d8580dad51fefe4f2e4e6172a1') in 0.023973 seconds
Number of updated asset objects reloaded before import = 0
Number of asset objects unloaded after import = 43
========================================================================
Received Import Request.
  Time since last request: 47.346845 seconds.
  path: Assets/Low Poly Weapons VOL.1/Prefabs/ANPEQ15.prefab
  artifactKey: Guid(0c4a58b408c72d141bb4ae5633ef3744) Importer(815301076,1909f56bfc062723c751e8b465ee728b)
Start importing Assets/Low Poly Weapons VOL.1/Prefabs/ANPEQ15.prefab using Guid(0c4a58b408c72d141bb4ae5633ef3744) Importer(815301076,1909f56bfc062723c751e8b465ee728b) [PhysX] Initialized MultithreadedTaskDispatcher with 16 workers.
[PhysX] Initialized MultithreadedTaskDispatcher with 16 workers.
 -> (artifact id: '35a621674aa1980f848e82c98f6d53c6') in 0.017320 seconds
Number of updated asset objects reloaded before import = 0
Number of asset objects unloaded after import = 13
========================================================================
Received Import Request.
  Time since last request: 0.000024 seconds.
  path: Assets/Brick Project Studio/Apartment Kit/_Prefabs/Furniture/Wine Cabinet/BarCabinet_Apt_01.prefab
  artifactKey: Guid(71546b2097e63004893a3528d003a956) Importer(815301076,1909f56bfc062723c751e8b465ee728b)
Start importing Assets/Brick Project Studio/Apartment Kit/_Prefabs/Furniture/Wine Cabinet/BarCabinet_Apt_01.prefab using Guid(71546b2097e63004893a3528d003a956) Importer(815301076,1909f56bfc062723c751e8b465ee728b) [PhysX] Initialized MultithreadedTaskDispatcher with 16 workers.
[PhysX] Initialized MultithreadedTaskDispatcher with 16 workers.
 -> (artifact id: '66eed2b962222e74dba534b3744082b9') in 1.123139 seconds
Number of updated asset objects reloaded before import = 0
Number of asset objects unloaded after import = 43
========================================================================
Received Import Request.
  Time since last request: 0.000025 seconds.
  path: Assets/Brick Project Studio/Apartment Kit/_Prefabs/Furniture/Wine Cabinet/BarCabinet_Apt_03_Filled.prefab
  artifactKey: Guid(3d51d280e33c5fe4c97ae593c2292997) Importer(815301076,1909f56bfc062723c751e8b465ee728b)
Start importing Assets/Brick Project Studio/Apartment Kit/_Prefabs/Furniture/Wine Cabinet/BarCabinet_Apt_03_Filled.prefab using Guid(3d51d280e33c5fe4c97ae593c2292997) Importer(815301076,1909f56bfc062723c751e8b465ee728b) [PhysX] Initialized MultithreadedTaskDispatcher with 16 workers.
[PhysX] Initialized MultithreadedTaskDispatcher with 16 workers.
 -> (artifact id: '3609d469e7a2ad21d90a125af7c8a78b') in 1.048172 seconds
Number of updated asset objects reloaded before import = 0
Number of asset objects unloaded after import = 218
========================================================================
Received Import Request.
  Time since last request: 0.000033 seconds.
  path: Assets/Brick Project Studio/_BPS Basic Assets/Common/Models/Build Kits/Build Kit Interior Updated_01.fbx
  artifactKey: Guid(013043932069e224e90b516d38cdab48) Importer(815301076,1909f56bfc062723c751e8b465ee728b)
Start importing Assets/Brick Project Studio/_BPS Basic Assets/Common/Models/Build Kits/Build Kit Interior Updated_01.fbx using Guid(013043932069e224e90b516d38cdab48) Importer(815301076,1909f56bfc062723c751e8b465ee728b) [PhysX] Initialized MultithreadedTaskDispatcher with 16 workers.
[PhysX] Initialized MultithreadedTaskDispatcher with 16 workers.
[PhysX] Initialized MultithreadedTaskDispatcher with 16 workers.
[PhysX] Initialized MultithreadedTaskDispatcher with 16 workers.
[PhysX] Initialized MultithreadedTaskDispatcher with 16 workers.
[PhysX] Initialized MultithreadedTaskDispatcher with 16 workers.
[PhysX] Initialized MultithreadedTaskDispatcher with 16 workers.
[PhysX] Initialized MultithreadedTaskDispatcher with 16 workers.
[PhysX] Initialized MultithreadedTaskDispatcher with 16 workers.
[PhysX] Initialized MultithreadedTaskDispatcher with 16 workers.
[PhysX] Initialized MultithreadedTaskDispatcher with 16 workers.
[PhysX] Initialized MultithreadedTaskDispatcher with 16 workers.
[PhysX] Initialized MultithreadedTaskDispatcher with 16 workers.
[PhysX] Initialized MultithreadedTaskDispatcher with 16 workers.
[PhysX] Initialized MultithreadedTaskDispatcher with 16 workers.
[PhysX] Initialized MultithreadedTaskDispatcher with 16 workers.
[PhysX] Initialized MultithreadedTaskDispatcher with 16 workers.
[PhysX] Initialized MultithreadedTaskDispatcher with 16 workers.
[PhysX] Initialized MultithreadedTaskDispatcher with 16 workers.
[PhysX] Initialized MultithreadedTaskDispatcher with 16 workers.
[PhysX] Initialized MultithreadedTaskDispatcher with 16 workers.
 -> (artifact id: 'df61aa41338201327d66fcd0a61cf637') in 0.096321 seconds
Number of updated asset objects reloaded before import = 0
Number of asset objects unloaded after import = 54
========================================================================
Received Import Request.
  Time since last request: 0.000020 seconds.
  path: Assets/Brick Project Studio/_BPS Basic Assets/Common/Models/BPS_Table.fbx
  artifactKey: Guid(67171e1fd1d009c43b75a962fa5556a5) Importer(815301076,1909f56bfc062723c751e8b465ee728b)
Start importing Assets/Brick Project Studio/_BPS Basic Assets/Common/Models/BPS_Table.fbx using Guid(67171e1fd1d009c43b75a962fa5556a5) Importer(815301076,1909f56bfc062723c751e8b465ee728b) [PhysX] Initialized MultithreadedTaskDispatcher with 16 workers.
[PhysX] Initialized MultithreadedTaskDispatcher with 16 workers.
[PhysX] Initialized MultithreadedTaskDispatcher with 16 workers.
 -> (artifact id: '171242659bca4b47c4d8849b33a085a3') in 0.015168 seconds
Number of updated asset objects reloaded before import = 0
Number of asset objects unloaded after import = 11
========================================================================
Received Import Request.
  Time since last request: 0.000025 seconds.
  path: Assets/Brick Project Studio/Apartment Kit/_Prefabs/Furniture/Bedroom/Bed_Apt_01_01.prefab
  artifactKey: Guid(bd82980ec0e466d48a84803eba02265f) Importer(815301076,1909f56bfc062723c751e8b465ee728b)
Start importing Assets/Brick Project Studio/Apartment Kit/_Prefabs/Furniture/Bedroom/Bed_Apt_01_01.prefab using Guid(bd82980ec0e466d48a84803eba02265f) Importer(815301076,1909f56bfc062723c751e8b465ee728b) [PhysX] Initialized MultithreadedTaskDispatcher with 16 workers.
[PhysX] Initialized MultithreadedTaskDispatcher with 16 workers.
 -> (artifact id: 'a1cfcb0485eac6c837b0913542492799') in 1.095624 seconds
Number of updated asset objects reloaded before import = 0
Number of asset objects unloaded after import = 39
========================================================================
Received Import Request.
  Time since last request: 0.000024 seconds.
  path: Assets/_Course Library/Source Files/Models/Ball_Cricket.fbx
  artifactKey: Guid(dda8659e0174c6048852838fad15ddfa) Importer(815301076,1909f56bfc062723c751e8b465ee728b)
Start importing Assets/_Course Library/Source Files/Models/Ball_Cricket.fbx using Guid(dda8659e0174c6048852838fad15ddfa) Importer(815301076,1909f56bfc062723c751e8b465ee728b) [PhysX] Initialized MultithreadedTaskDispatcher with 16 workers.
[PhysX] Initialized MultithreadedTaskDispatcher with 16 workers.
[PhysX] Initialized MultithreadedTaskDispatcher with 16 workers.
[PhysX] Initialized MultithreadedTaskDispatcher with 16 workers.
 -> (artifact id: 'b644af8ceaa71628187a4c3f49c503c2') in 0.022572 seconds
Number of updated asset objects reloaded before import = 0
Number of asset objects unloaded after import = 12
========================================================================
Received Import Request.
  Time since last request: 0.000025 seconds.
  path: Assets/AllSkyFree/_AllSkyFreeDemoEnvironment/AllSky_DemoEnvironment_Light.fbx
  artifactKey: Guid(d9ad0f74d68824711bc800186cf63d22) Importer(815301076,1909f56bfc062723c751e8b465ee728b)
Start importing Assets/AllSkyFree/_AllSkyFreeDemoEnvironment/AllSky_DemoEnvironment_Light.fbx using Guid(d9ad0f74d68824711bc800186cf63d22) Importer(815301076,1909f56bfc062723c751e8b465ee728b) [PhysX] Initialized MultithreadedTaskDispatcher with 16 workers.
[PhysX] Initialized MultithreadedTaskDispatcher with 16 workers.
[PhysX] Initialized MultithreadedTaskDispatcher with 16 workers.
 -> (artifact id: '044ba0c1141bb98c52c1a041edc8a502') in 0.016513 seconds
Number of updated asset objects reloaded before import = 0
Number of asset objects unloaded after import = 13
========================================================================
Received Import Request.
  Time since last request: 0.000019 seconds.
  path: Assets/_Course Library/Source Files/Models/Bin_B_2.fbx
  artifactKey: Guid(518df1129d5b1fe4d9f4bce622b1011b) Importer(815301076,1909f56bfc062723c751e8b465ee728b)
Start importing Assets/_Course Library/Source Files/Models/Bin_B_2.fbx using Guid(518df1129d5b1fe4d9f4bce622b1011b) Importer(815301076,1909f56bfc062723c751e8b465ee728b) [PhysX] Initialized MultithreadedTaskDispatcher with 16 workers.
[PhysX] Initialized MultithreadedTaskDispatcher with 16 workers.
[PhysX] Initialized MultithreadedTaskDispatcher with 16 workers.
[PhysX] Initialized MultithreadedTaskDispatcher with 16 workers.
 -> (artifact id: 'f91efd53ebb086d5477b6b76b5d081d9') in 0.023189 seconds
Number of updated asset objects reloaded before import = 0
Number of asset objects unloaded after import = 12
========================================================================
Received Import Request.
  Time since last request: 0.000026 seconds.
  path: Assets/Brick Project Studio/_BPS Basic Assets/Common/Models/Build Kits/Build Kit Interior Updated_02.fbx
  artifactKey: Guid(7308b87287964d64b9769b7e0d6d7314) Importer(815301076,1909f56bfc062723c751e8b465ee728b)
Start importing Assets/Brick Project Studio/_BPS Basic Assets/Common/Models/Build Kits/Build Kit Interior Updated_02.fbx using Guid(7308b87287964d64b9769b7e0d6d7314) Importer(815301076,1909f56bfc062723c751e8b465ee728b) [PhysX] Initialized MultithreadedTaskDispatcher with 16 workers.
[PhysX] Initialized MultithreadedTaskDispatcher with 16 workers.
[PhysX] Initialized MultithreadedTaskDispatcher with 16 workers.
[PhysX] Initialized MultithreadedTaskDispatcher with 16 workers.
 -> (artifact id: '92a6a1f2768c903425e4a24e6e302d07') in 0.019620 seconds
Number of updated asset objects reloaded before import = 0
Number of asset objects unloaded after import = 12
========================================================================
Received Import Request.
  Time since last request: 0.000022 seconds.
  path: Assets/_Course Library/_Prefabs/Bins/Bin_Round_Blue.prefab
  artifactKey: Guid(1ce821d9e7282cd498277a5e5cf36f05) Importer(815301076,1909f56bfc062723c751e8b465ee728b)
Start importing Assets/_Course Library/_Prefabs/Bins/Bin_Round_Blue.prefab using Guid(1ce821d9e7282cd498277a5e5cf36f05) Importer(815301076,1909f56bfc062723c751e8b465ee728b) [PhysX] Initialized MultithreadedTaskDispatcher with 16 workers.
[PhysX] Initialized MultithreadedTaskDispatcher with 16 workers.
 -> (artifact id: 'd5ff5b7d6b5fc72ad91efe2ed89189b2') in 0.025800 seconds
Number of updated asset objects reloaded before import = 0
Number of asset objects unloaded after import = 40
========================================================================
Received Import Request.
  Time since last request: 0.000022 seconds.
  path: Assets/Brick Project Studio/_BPS Basic Assets/Common/Models/Build Kits/Build Kit Interior - 01.fbx
  artifactKey: Guid(8537129dc3fbbe44186add4eea186b85) Importer(815301076,1909f56bfc062723c751e8b465ee728b)
Start importing Assets/Brick Project Studio/_BPS Basic Assets/Common/Models/Build Kits/Build Kit Interior - 01.fbx using Guid(8537129dc3fbbe44186add4eea186b85) Importer(815301076,1909f56bfc062723c751e8b465ee728b) [PhysX] Initialized MultithreadedTaskDispatcher with 16 workers.
[PhysX] Initialized MultithreadedTaskDispatcher with 16 workers.
[PhysX] Initialized MultithreadedTaskDispatcher with 16 workers.
[PhysX] Initialized MultithreadedTaskDispatcher with 16 workers.
[PhysX] Initialized MultithreadedTaskDispatcher with 16 workers.
[PhysX] Initialized MultithreadedTaskDispatcher with 16 workers.
[PhysX] Initialized MultithreadedTaskDispatcher with 16 workers.
[PhysX] Initialized MultithreadedTaskDispatcher with 16 workers.
[PhysX] Initialized MultithreadedTaskDispatcher with 16 workers.
[PhysX] Initialized MultithreadedTaskDispatcher with 16 workers.
[PhysX] Initialized MultithreadedTaskDispatcher with 16 workers.
[PhysX] Initialized MultithreadedTaskDispatcher with 16 workers.
[PhysX] Initialized MultithreadedTaskDispatcher with 16 workers.
[PhysX] Initialized MultithreadedTaskDispatcher with 16 workers.
[PhysX] Initialized MultithreadedTaskDispatcher with 16 workers.
[PhysX] Initialized MultithreadedTaskDispatcher with 16 workers.
[PhysX] Initialized MultithreadedTaskDispatcher with 16 workers.
[PhysX] Initialized MultithreadedTaskDispatcher with 16 workers.
[PhysX] Initialized MultithreadedTaskDispatcher with 16 workers.
[PhysX] Initialized MultithreadedTaskDispatcher with 16 workers.
[PhysX] Initialized MultithreadedTaskDispatcher with 16 workers.
[PhysX] Initialized MultithreadedTaskDispatcher with 16 workers.
[PhysX] Initialized MultithreadedTaskDispatcher with 16 workers.
[PhysX] Initialized MultithreadedTaskDispatcher with 16 workers.
[PhysX] Initialized MultithreadedTaskDispatcher with 16 workers.
[PhysX] Initialized MultithreadedTaskDispatcher with 16 workers.
[PhysX] Initialized MultithreadedTaskDispatcher with 16 workers.
[PhysX] Initialized MultithreadedTaskDispatcher with 16 workers.
 -> (artifact id: '4c159363bf1aa8bc94c2b49b1ed1c842') in 0.111329 seconds
Number of updated asset objects reloaded before import = 0
Number of asset objects unloaded after import = 79
========================================================================
Received Import Request.
  Time since last request: 0.000024 seconds.
  path: Assets/_Course Library/_Prefabs/Objects/Sports/Baseball_Ball.prefab
  artifactKey: Guid(093d994e44bd73043850362e6d954a7e) Importer(815301076,1909f56bfc062723c751e8b465ee728b)
Start importing Assets/_Course Library/_Prefabs/Objects/Sports/Baseball_Ball.prefab using Guid(093d994e44bd73043850362e6d954a7e) Importer(815301076,1909f56bfc062723c751e8b465ee728b) [PhysX] Initialized MultithreadedTaskDispatcher with 16 workers.
[PhysX] Initialized MultithreadedTaskDispatcher with 16 workers.
 -> (artifact id: '4ea736360af88811c98cccca2b826491') in 0.015560 seconds
Number of updated asset objects reloaded before import = 0
Number of asset objects unloaded after import = 14
========================================================================
Received Import Request.
  Time since last request: 0.000028 seconds.
  path: Assets/Brick Project Studio/Apartment Kit/_Prefabs/Furniture/Living Room/Bench_Apt_01.prefab
  artifactKey: Guid(544e2a3365ece1e428837232ca8b768d) Importer(815301076,1909f56bfc062723c751e8b465ee728b)
Start importing Assets/Brick Project Studio/Apartment Kit/_Prefabs/Furniture/Living Room/Bench_Apt_01.prefab using Guid(544e2a3365ece1e428837232ca8b768d) Importer(815301076,1909f56bfc062723c751e8b465ee728b) [PhysX] Initialized MultithreadedTaskDispatcher with 16 workers.
[PhysX] Initialized MultithreadedTaskDispatcher with 16 workers.
 -> (artifact id: '869ecac898bb3f0ee1e7623fcb98a00d') in 0.027677 seconds
Number of updated asset objects reloaded before import = 0
Number of asset objects unloaded after import = 38
========================================================================
Received Import Request.
  Time since last request: 0.000022 seconds.
  path: Assets/_Course Library/_Prefabs/Objects/Books/Book_B_BrownBlue.prefab
  artifactKey: Guid(d2edcacd4650922478f153e2da3ea52c) Importer(815301076,1909f56bfc062723c751e8b465ee728b)
Start importing Assets/_Course Library/_Prefabs/Objects/Books/Book_B_BrownBlue.prefab using Guid(d2edcacd4650922478f153e2da3ea52c) Importer(815301076,1909f56bfc062723c751e8b465ee728b) [PhysX] Initialized MultithreadedTaskDispatcher with 16 workers.
[PhysX] Initialized MultithreadedTaskDispatcher with 16 workers.
 -> (artifact id: '60fe84a2964151200cba4a609352bd3b') in 0.017293 seconds
Number of updated asset objects reloaded before import = 0
Number of asset objects unloaded after import = 14
========================================================================
Received Import Request.
  Time since last request: 0.000021 seconds.
  path: Assets/Brick Project Studio/Apartment Kit/_Prefabs/Furniture/Wine Cabinet/BarCabinet_Apt_02.prefab
  artifactKey: Guid(86ae21e881865b04f8548c4edade5fd2) Importer(815301076,1909f56bfc062723c751e8b465ee728b)
Start importing Assets/Brick Project Studio/Apartment Kit/_Prefabs/Furniture/Wine Cabinet/BarCabinet_Apt_02.prefab using Guid(86ae21e881865b04f8548c4edade5fd2) Importer(815301076,1909f56bfc062723c751e8b465ee728b) [PhysX] Initialized MultithreadedTaskDispatcher with 16 workers.
[PhysX] Initialized MultithreadedTaskDispatcher with 16 workers.
 -> (artifact id: '1c7ed8c0471b843954eec76608d445b2') in 0.021462 seconds
Number of updated asset objects reloaded before import = 0
Number of asset objects unloaded after import = 153
========================================================================
Received Import Request.
  Time since last request: 0.000023 seconds.
  path: Assets/Brick Project Studio/_BPS Basic Assets/_Prefabs/Legacy/Base Room Scene.prefab
  artifactKey: Guid(42ded4a9b41e76d46bb90a3e35072cf7) Importer(815301076,1909f56bfc062723c751e8b465ee728b)
Start importing Assets/Brick Project Studio/_BPS Basic Assets/_Prefabs/Legacy/Base Room Scene.prefab using Guid(42ded4a9b41e76d46bb90a3e35072cf7) Importer(815301076,1909f56bfc062723c751e8b465ee728b) [PhysX] Initialized MultithreadedTaskDispatcher with 16 workers.
[PhysX] Initialized MultithreadedTaskDispatcher with 16 workers.
 -> (artifact id: 'f84b72ff7325a4c037224233f5280b57') in 0.019556 seconds
Number of updated asset objects reloaded before import = 0
Number of asset objects unloaded after import = 74
========================================================================
Received Import Request.
  Time since last request: 0.000020 seconds.
  path: Assets/_Course Library/Source Files/Models/Art_Painting_3.fbx
  artifactKey: Guid(2b2238b54f5ddf94f80c61ab243c13c3) Importer(815301076,1909f56bfc062723c751e8b465ee728b)
Start importing Assets/_Course Library/Source Files/Models/Art_Painting_3.fbx using Guid(2b2238b54f5ddf94f80c61ab243c13c3) Importer(815301076,1909f56bfc062723c751e8b465ee728b) [PhysX] Initialized MultithreadedTaskDispatcher with 16 workers.
[PhysX] Initialized MultithreadedTaskDispatcher with 16 workers.
[PhysX] Initialized MultithreadedTaskDispatcher with 16 workers.
[PhysX] Initialized MultithreadedTaskDispatcher with 16 workers.
 -> (artifact id: '774a59e7793be9096f311df8ea36f026') in 0.020605 seconds
Number of updated asset objects reloaded before import = 0
Number of asset objects unloaded after import = 12
========================================================================
Received Import Request.
  Time since last request: 0.000021 seconds.
  path: Assets/Brick Project Studio/Apartment Kit/_Prefabs/Furniture/Wine Cabinet/BarCabinet_Apt_02_Side.prefab
  artifactKey: Guid(6b094143198273d43b21bd5b1dd0b3c3) Importer(815301076,1909f56bfc062723c751e8b465ee728b)
Start importing Assets/Brick Project Studio/Apartment Kit/_Prefabs/Furniture/Wine Cabinet/BarCabinet_Apt_02_Side.prefab using Guid(6b094143198273d43b21bd5b1dd0b3c3) Importer(815301076,1909f56bfc062723c751e8b465ee728b) [PhysX] Initialized MultithreadedTaskDispatcher with 16 workers.
[PhysX] Initialized MultithreadedTaskDispatcher with 16 workers.
 -> (artifact id: '0dd187e365d60e351695232d9a752e20') in 0.013999 seconds
Number of updated asset objects reloaded before import = 0
Number of asset objects unloaded after import = 20
========================================================================
Received Import Request.
  Time since last request: 0.000019 seconds.
  path: Assets/Brick Project Studio/Apartment Kit/Common/Models/Bathroom_Apt_01.fbx
  artifactKey: Guid(651d77a525480c84e9327ec0894c0da1) Importer(815301076,1909f56bfc062723c751e8b465ee728b)
Start importing Assets/Brick Project Studio/Apartment Kit/Common/Models/Bathroom_Apt_01.fbx using Guid(651d77a525480c84e9327ec0894c0da1) Importer(815301076,1909f56bfc062723c751e8b465ee728b) [PhysX] Initialized MultithreadedTaskDispatcher with 16 workers.
[PhysX] Initialized MultithreadedTaskDispatcher with 16 workers.
[PhysX] Initialized MultithreadedTaskDispatcher with 16 workers.
[PhysX] Initialized MultithreadedTaskDispatcher with 16 workers.
[PhysX] Initialized MultithreadedTaskDispatcher with 16 workers.
[PhysX] Initialized MultithreadedTaskDispatcher with 16 workers.
[PhysX] Initialized MultithreadedTaskDispatcher with 16 workers.
[PhysX] Initialized MultithreadedTaskDispatcher with 16 workers.
[PhysX] Initialized MultithreadedTaskDispatcher with 16 workers.
[PhysX] Initialized MultithreadedTaskDispatcher with 16 workers.
[PhysX] Initialized MultithreadedTaskDispatcher with 16 workers.
[PhysX] Initialized MultithreadedTaskDispatcher with 16 workers.
[PhysX] Initialized MultithreadedTaskDispatcher with 16 workers.
[PhysX] Initialized MultithreadedTaskDispatcher with 16 workers.
[PhysX] Initialized MultithreadedTaskDispatcher with 16 workers.
[PhysX] Initialized MultithreadedTaskDispatcher with 16 workers.
[PhysX] Initialized MultithreadedTaskDispatcher with 16 workers.
[PhysX] Initialized MultithreadedTaskDispatcher with 16 workers.
[PhysX] Initialized MultithreadedTaskDispatcher with 16 workers.
[PhysX] Initialized MultithreadedTaskDispatcher with 16 workers.
[PhysX] Initialized MultithreadedTaskDispatcher with 16 workers.
[PhysX] Initialized MultithreadedTaskDispatcher with 16 workers.
[PhysX] Initialized MultithreadedTaskDispatcher with 16 workers.
[PhysX] Initialized MultithreadedTaskDispatcher with 16 workers.
[PhysX] Initialized MultithreadedTaskDispatcher with 16 workers.
[PhysX] Initialized MultithreadedTaskDispatcher with 16 workers.
[PhysX] Initialized MultithreadedTaskDispatcher with 16 workers.
[PhysX] Initialized MultithreadedTaskDispatcher with 16 workers.
[PhysX] Initialized MultithreadedTaskDispatcher with 16 workers.
[PhysX] Initialized MultithreadedTaskDispatcher with 16 workers.
[PhysX] Initialized MultithreadedTaskDispatcher with 16 workers.
[PhysX] Initialized MultithreadedTaskDispatcher with 16 workers.
[PhysX] Initialized MultithreadedTaskDispatcher with 16 workers.
[PhysX] Initialized MultithreadedTaskDispatcher with 16 workers.
[PhysX] Initialized MultithreadedTaskDispatcher with 16 workers.
[PhysX] Initialized MultithreadedTaskDispatcher with 16 workers.
[PhysX] Initialized MultithreadedTaskDispatcher with 16 workers.
[PhysX] Initialized MultithreadedTaskDispatcher with 16 workers.
[PhysX] Initialized MultithreadedTaskDispatcher with 16 workers.
[PhysX] Initialized MultithreadedTaskDispatcher with 16 workers.
[PhysX] Initialized MultithreadedTaskDispatcher with 16 workers.
[PhysX] Initialized MultithreadedTaskDispatcher with 16 workers.
[PhysX] Initialized MultithreadedTaskDispatcher with 16 workers.
[PhysX] Initialized MultithreadedTaskDispatcher with 16 workers.
[PhysX] Initialized MultithreadedTaskDispatcher with 16 workers.
[PhysX] Initialized MultithreadedTaskDispatcher with 16 workers.
[PhysX] Initialized MultithreadedTaskDispatcher with 16 workers.
[PhysX] Initialized MultithreadedTaskDispatcher with 16 workers.
[PhysX] Initialized MultithreadedTaskDispatcher with 16 workers.
[PhysX] Initialized MultithreadedTaskDispatcher with 16 workers.
[PhysX] Initialized MultithreadedTaskDispatcher with 16 workers.
[PhysX] Initialized MultithreadedTaskDispatcher with 16 workers.
[PhysX] Initialized MultithreadedTaskDispatcher with 16 workers.
[PhysX] Initialized MultithreadedTaskDispatcher with 16 workers.
[PhysX] Initialized MultithreadedTaskDispatcher with 16 workers.
[PhysX] Initialized MultithreadedTaskDispatcher with 16 workers.
[PhysX] Initialized MultithreadedTaskDispatcher with 16 workers.
[PhysX] Initialized MultithreadedTaskDispatcher with 16 workers.
[PhysX] Initialized MultithreadedTaskDispatcher with 16 workers.
[PhysX] Initialized MultithreadedTaskDispatcher with 16 workers.
[PhysX] Initialized MultithreadedTaskDispatcher with 16 workers.
[PhysX] Initialized MultithreadedTaskDispatcher with 16 workers.
[PhysX] Initialized MultithreadedTaskDispatcher with 16 workers.
[PhysX] Initialized MultithreadedTaskDispatcher with 16 workers.
[PhysX] Initialized MultithreadedTaskDispatcher with 16 workers.
[PhysX] Initialized MultithreadedTaskDispatcher with 16 workers.
[PhysX] Initialized MultithreadedTaskDispatcher with 16 workers.
[PhysX] Initialized MultithreadedTaskDispatcher with 16 workers.
[PhysX] Initialized MultithreadedTaskDispatcher with 16 workers.
[PhysX] Initialized MultithreadedTaskDispatcher with 16 workers.
[PhysX] Initialized MultithreadedTaskDispatcher with 16 workers.
[PhysX] Initialized MultithreadedTaskDispatcher with 16 workers.
[PhysX] Initialized MultithreadedTaskDispatcher with 16 workers.
[PhysX] Initialized MultithreadedTaskDispatcher with 16 workers.
[PhysX] Initialized MultithreadedTaskDispatcher with 16 workers.
[PhysX] Initialized MultithreadedTaskDispatcher with 16 workers.
 -> (artifact id: 'a5f528b9feaa6d7b9a69f420d76c5e04') in 0.310339 seconds
Number of updated asset objects reloaded before import = 0
Number of asset objects unloaded after import = 294
========================================================================
Received Import Request.
  Time since last request: 0.000025 seconds.
  path: Assets/Glowing Rifts/Archery Target/Models/ArcheryTarget.fbx
  artifactKey: Guid(dff2f46a6ab0b7b4db9c6dd1e38cb335) Importer(815301076,1909f56bfc062723c751e8b465ee728b)
Start importing Assets/Glowing Rifts/Archery Target/Models/ArcheryTarget.fbx using Guid(dff2f46a6ab0b7b4db9c6dd1e38cb335) Importer(815301076,1909f56bfc062723c751e8b465ee728b) [PhysX] Initialized MultithreadedTaskDispatcher with 16 workers.
[PhysX] Initialized MultithreadedTaskDispatcher with 16 workers.
[PhysX] Initialized MultithreadedTaskDispatcher with 16 workers.
[PhysX] Initialized MultithreadedTaskDispatcher with 16 workers.
[PhysX] Initialized MultithreadedTaskDispatcher with 16 workers.
[PhysX] Initialized MultithreadedTaskDispatcher with 16 workers.
 -> (artifact id: '48618715f44d3e474abff2819662ddf7') in 0.037029 seconds
Number of updated asset objects reloaded before import = 0
Number of asset objects unloaded after import = 25
========================================================================
Received Import Request.
  Time since last request: 0.000029 seconds.
  path: Assets/Brick Project Studio/Apartment Kit/_Prefabs/Furniture/Wine Cabinet/BarCabinet_Apt_03.prefab
  artifactKey: Guid(f193bec3a0b87ca45a9dc2e7af25e968) Importer(815301076,1909f56bfc062723c751e8b465ee728b)
Start importing Assets/Brick Project Studio/Apartment Kit/_Prefabs/Furniture/Wine Cabinet/BarCabinet_Apt_03.prefab using Guid(f193bec3a0b87ca45a9dc2e7af25e968) Importer(815301076,1909f56bfc062723c751e8b465ee728b) [PhysX] Initialized MultithreadedTaskDispatcher with 16 workers.
[PhysX] Initialized MultithreadedTaskDispatcher with 16 workers.
 -> (artifact id: '26603ce262d80c9341758fa77280825c') in 0.024566 seconds
Number of updated asset objects reloaded before import = 0
Number of asset objects unloaded after import = 94
========================================================================
Received Import Request.
  Time since last request: 0.515954 seconds.
  path: Assets/_Course Library/Source Files/Models/Fan_A_1.fbx
  artifactKey: Guid(748c068008049a445b43e59d1fcb1485) Importer(815301076,1909f56bfc062723c751e8b465ee728b)
Start importing Assets/_Course Library/Source Files/Models/Fan_A_1.fbx using Guid(748c068008049a445b43e59d1fcb1485) Importer(815301076,1909f56bfc062723c751e8b465ee728b) [PhysX] Initialized MultithreadedTaskDispatcher with 16 workers.
[PhysX] Initialized MultithreadedTaskDispatcher with 16 workers.
[PhysX] Initialized MultithreadedTaskDispatcher with 16 workers.
[PhysX] Initialized MultithreadedTaskDispatcher with 16 workers.
[PhysX] Initialized MultithreadedTaskDispatcher with 16 workers.
[PhysX] Initialized MultithreadedTaskDispatcher with 16 workers.
[PhysX] Initialized MultithreadedTaskDispatcher with 16 workers.
[PhysX] Initialized MultithreadedTaskDispatcher with 16 workers.
[PhysX] Initialized MultithreadedTaskDispatcher with 16 workers.
[PhysX] Initialized MultithreadedTaskDispatcher with 16 workers.
[PhysX] Initialized MultithreadedTaskDispatcher with 16 workers.
 -> (artifact id: 'f81e2beca62854526e11c9cf07a1ee90') in 0.058963 seconds
Number of updated asset objects reloaded before import = 0
Number of asset objects unloaded after import = 30
========================================================================
Received Import Request.
  Time since last request: 0.000023 seconds.
  path: Packages/com.unity.render-pipelines.universal/Runtime/Materials/ArnoldStandardSurface/ArnoldStandardSurfaceTransparent.shadergraph
  artifactKey: Guid(30fa68ce467463643a86b839ca0eb195) Importer(815301076,1909f56bfc062723c751e8b465ee728b)
Start importing Packages/com.unity.render-pipelines.universal/Runtime/Materials/ArnoldStandardSurface/ArnoldStandardSurfaceTransparent.shadergraph using Guid(30fa68ce467463643a86b839ca0eb195) Importer(815301076,1909f56bfc062723c751e8b465ee728b) [PhysX] Initialized MultithreadedTaskDispatcher with 16 workers.
[PhysX] Initialized MultithreadedTaskDispatcher with 16 workers.
 -> (artifact id: '1be68af8a2935e186d3bc4440cd351a4') in 1.308344 seconds
Number of updated asset objects reloaded before import = 0
Number of asset objects unloaded after import = 3
========================================================================
Received Import Request.
  Time since last request: 0.000031 seconds.
  path: Packages/com.unity.render-pipelines.universal/Shaders/AutodeskInteractive/AutodeskInteractiveTransparent.shadergraph
  artifactKey: Guid(5c81372d981403744adbdda4433c9c11) Importer(815301076,1909f56bfc062723c751e8b465ee728b)
Start importing Packages/com.unity.render-pipelines.universal/Shaders/AutodeskInteractive/AutodeskInteractiveTransparent.shadergraph using Guid(5c81372d981403744adbdda4433c9c11) Importer(815301076,1909f56bfc062723c751e8b465ee728b) [PhysX] Initialized MultithreadedTaskDispatcher with 16 workers.
[PhysX] Initialized MultithreadedTaskDispatcher with 16 workers.
 -> (artifact id: '9aa54d0e0111d53c4135d891355058fa') in 1.265945 seconds
Number of updated asset objects reloaded before import = 0
Number of asset objects unloaded after import = 2
========================================================================
Received Import Request.
  Time since last request: 3.609269 seconds.
  path: Assets/_Course Library/Source Files/Models/RoomRustic_Models/Room_Rustic_Door.fbx
  artifactKey: Guid(fb6def4110e9f5e47867742140db3077) Importer(815301076,1909f56bfc062723c751e8b465ee728b)
Start importing Assets/_Course Library/Source Files/Models/RoomRustic_Models/Room_Rustic_Door.fbx using Guid(fb6def4110e9f5e47867742140db3077) Importer(815301076,1909f56bfc062723c751e8b465ee728b) [PhysX] Initialized MultithreadedTaskDispatcher with 16 workers.
[PhysX] Initialized MultithreadedTaskDispatcher with 16 workers.
[PhysX] Initialized MultithreadedTaskDispatcher with 16 workers.
[PhysX] Initialized MultithreadedTaskDispatcher with 16 workers.
[PhysX] Initialized MultithreadedTaskDispatcher with 16 workers.
[PhysX] Initialized MultithreadedTaskDispatcher with 16 workers.
[PhysX] Initialized MultithreadedTaskDispatcher with 16 workers.
 -> (artifact id: '77d24d99dcbed3ac47b2836474f6ba8b') in 0.065794 seconds
Number of updated asset objects reloaded before import = 0
Number of asset objects unloaded after import = 19
========================================================================
Received Import Request.
  Time since last request: 0.000031 seconds.
  path: Assets/_Course Library/Source Files/Models/RoomTraditional_Models/Room_Traditional_Door.fbx
  artifactKey: Guid(2f22d1a46ab261a4d9621f746d3a536c) Importer(815301076,1909f56bfc062723c751e8b465ee728b)
Start importing Assets/_Course Library/Source Files/Models/RoomTraditional_Models/Room_Traditional_Door.fbx using Guid(2f22d1a46ab261a4d9621f746d3a536c) Importer(815301076,1909f56bfc062723c751e8b465ee728b) [PhysX] Initialized MultithreadedTaskDispatcher with 16 workers.
[PhysX] Initialized MultithreadedTaskDispatcher with 16 workers.
[PhysX] Initialized MultithreadedTaskDispatcher with 16 workers.
[PhysX] Initialized MultithreadedTaskDispatcher with 16 workers.
[PhysX] Initialized MultithreadedTaskDispatcher with 16 workers.
[PhysX] Initialized MultithreadedTaskDispatcher with 16 workers.
[PhysX] Initialized MultithreadedTaskDispatcher with 16 workers.
[PhysX] Initialized MultithreadedTaskDispatcher with 16 workers.
[PhysX] Initialized MultithreadedTaskDispatcher with 16 workers.
 -> (artifact id: '4ada9806be4c590b34bb3d54e51f4fb3') in 0.066729 seconds
Number of updated asset objects reloaded before import = 0
Number of asset objects unloaded after import = 24
========================================================================
Received Import Request.
  Time since last request: 18.778476 seconds.
  path: Assets/Brick Project Studio/Apartment Kit/_Prefabs/Furniture/Kitchen/Cabinets/Cabinet_Base_DD_01.prefab
  artifactKey: Guid(226aa234041d2be48881aab9632ea78e) Importer(815301076,1909f56bfc062723c751e8b465ee728b)
Start importing Assets/Brick Project Studio/Apartment Kit/_Prefabs/Furniture/Kitchen/Cabinets/Cabinet_Base_DD_01.prefab using Guid(226aa234041d2be48881aab9632ea78e) Importer(815301076,1909f56bfc062723c751e8b465ee728b) [PhysX] Initialized MultithreadedTaskDispatcher with 16 workers.
[PhysX] Initialized MultithreadedTaskDispatcher with 16 workers.
 -> (artifact id: '3e6acac5f29518eb1778f1efa74a196f') in 1.160616 seconds
Number of updated asset objects reloaded before import = 0
Number of asset objects unloaded after import = 90
========================================================================
Received Import Request.
  Time since last request: 0.000026 seconds.
  path: Assets/Free Wood Door Pack/Prefab/Wood/Door_5/Door_5_Yellow.prefab
  artifactKey: Guid(d6e41c6d42e8c594aa0cf5629ca8b2e3) Importer(815301076,1909f56bfc062723c751e8b465ee728b)
Start importing Assets/Free Wood Door Pack/Prefab/Wood/Door_5/Door_5_Yellow.prefab using Guid(d6e41c6d42e8c594aa0cf5629ca8b2e3) Importer(815301076,1909f56bfc062723c751e8b465ee728b) [PhysX] Initialized MultithreadedTaskDispatcher with 16 workers.
[PhysX] Initialized MultithreadedTaskDispatcher with 16 workers.
 -> (artifact id: 'b7a3abf68a4930757600a35f3e9453e8') in 1.220846 seconds
Number of updated asset objects reloaded before import = 0
Number of asset objects unloaded after import = 38
========================================================================
Received Import Request.
  Time since last request: 0.000032 seconds.
  path: Assets/Free Wood Door Pack/Prefab/Wood/Door_3/Door_3_Venge.prefab
  artifactKey: Guid(4995f58b750236d448fc8fd2a5eb2782) Importer(815301076,1909f56bfc062723c751e8b465ee728b)
Start importing Assets/Free Wood Door Pack/Prefab/Wood/Door_3/Door_3_Venge.prefab using Guid(4995f58b750236d448fc8fd2a5eb2782) Importer(815301076,1909f56bfc062723c751e8b465ee728b) [PhysX] Initialized MultithreadedTaskDispatcher with 16 workers.
[PhysX] Initialized MultithreadedTaskDispatcher with 16 workers.
 -> (artifact id: '12a87e999e2c394259c3e526f49d1ade') in 0.041489 seconds
Number of updated asset objects reloaded before import = 0
Number of asset objects unloaded after import = 38
Editor requested this worker to shutdown with reason: Scaling down because of idle timeout
TcpMessagingSession - receive error: operation aborted. errorcode: 995, details: The I/O operation has been aborted because of either a thread exit or an application request.
AssetImportWorker is now disconnected from the server
Process exiting
Exiting without the bug reporter. Application will terminate with return code 0